ISO-10303-21;
HEADER;
/* Generated by software containing ST-Developer
 * from STEP Tools, Inc. (www.steptools.com) 
 */

FILE_DESCRIPTION(
/* description */ (''),
/* implementation_level */ '2;1');

FILE_NAME(
/* name */ 'bottom panel.step',
/* time_stamp */ '2026-10-09T19:06:18+05:30',
/* author */ (''),
/* organization */ (''),
/* preprocessor_version */ 'ST-DEVELOPER v20.2',
/* originating_system */ 'Autodesk Translation Framework v15.15.0.0',
/* authorisation */ '');

FILE_SCHEMA (('AUTOMOTIVE_DESIGN { 1 0 10303 214 3 1 1 }'));
ENDSEC;

DATA;
#10=MECHANICAL_DESIGN_GEOMETRIC_PRESENTATION_REPRESENTATION('',(#13),#10074);
#11=SHAPE_REPRESENTATION_RELATIONSHIP('SRR','None',#10081,#12);
#12=ADVANCED_BREP_SHAPE_REPRESENTATION('',(#14),#10073);
#13=STYLED_ITEM('',(#10091),#14);
#14=MANIFOLD_SOLID_BREP('Body1',#5166);
#15=CONICAL_SURFACE('',#5275,0.725,1.02974425867665);
#16=CONICAL_SURFACE('',#5279,0.725,1.02974425867665);
#17=CONICAL_SURFACE('',#5283,0.725,1.02974425867665);
#18=CONICAL_SURFACE('',#5287,0.725,1.02974425867665);
#19=FACE_BOUND('',#935,.T.);
#20=FACE_BOUND('',#996,.T.);
#21=FACE_BOUND('',#1057,.T.);
#22=FACE_BOUND('',#1106,.T.);
#23=FACE_BOUND('',#1144,.T.);
#24=FACE_BOUND('',#1145,.T.);
#25=FACE_BOUND('',#1147,.T.);
#26=FACE_BOUND('',#1149,.T.);
#27=FACE_BOUND('',#1152,.T.);
#28=FACE_BOUND('',#1154,.T.);
#29=FACE_BOUND('',#1157,.T.);
#30=FACE_BOUND('',#1158,.T.);
#31=FACE_BOUND('',#1159,.T.);
#32=FACE_BOUND('',#1160,.T.);
#33=FACE_BOUND('',#1161,.T.);
#34=FACE_BOUND('',#1162,.T.);
#35=FACE_BOUND('',#1163,.T.);
#36=FACE_BOUND('',#1164,.T.);
#37=FACE_BOUND('',#1165,.T.);
#38=FACE_BOUND('',#1166,.T.);
#39=FACE_BOUND('',#1167,.T.);
#40=FACE_BOUND('',#1168,.T.);
#41=FACE_BOUND('',#1169,.T.);
#42=FACE_BOUND('',#1172,.T.);
#43=FACE_BOUND('',#1173,.T.);
#44=FACE_BOUND('',#1176,.T.);
#45=FACE_BOUND('',#1179,.T.);
#46=FACE_BOUND('',#1180,.T.);
#47=FACE_BOUND('',#1181,.T.);
#48=FACE_BOUND('',#1182,.T.);
#49=FACE_BOUND('',#1183,.T.);
#50=B_SPLINE_CURVE_WITH_KNOTS('',3,(#6103,#6104,#6105,#6106,#6107),
 .UNSPECIFIED.,.F.,.F.,(4,1,4),(0.,0.0313161529424597,0.0565425077855406),
 .UNSPECIFIED.);
#51=B_SPLINE_CURVE_WITH_KNOTS('',3,(#6111,#6112,#6113,#6114,#6115),
 .UNSPECIFIED.,.F.,.F.,(4,1,4),(0.,0.0313161529424597,0.0565425077855406),
 .UNSPECIFIED.);
#52=B_SPLINE_CURVE_WITH_KNOTS('',3,(#6128,#6129,#6130,#6131,#6132),
 .UNSPECIFIED.,.F.,.F.,(4,1,4),(0.,0.0188317399922764,0.0391247198997661),
 .UNSPECIFIED.);
#53=B_SPLINE_CURVE_WITH_KNOTS('',3,(#6135,#6136,#6137,#6138,#6139),
 .UNSPECIFIED.,.F.,.F.,(4,1,4),(0.,0.0188317399922764,0.0391247198997661),
 .UNSPECIFIED.);
#54=B_SPLINE_CURVE_WITH_KNOTS('',3,(#6151,#6152,#6153,#6154,#6155),
 .UNSPECIFIED.,.F.,.F.,(4,1,4),(0.,0.0162518699609348,0.0336349739659983),
 .UNSPECIFIED.);
#55=B_SPLINE_CURVE_WITH_KNOTS('',3,(#6158,#6159,#6160,#6161,#6162),
 .UNSPECIFIED.,.F.,.F.,(4,1,4),(0.,0.0162518699609348,0.0336349739659983),
 .UNSPECIFIED.);
#56=B_SPLINE_CURVE_WITH_KNOTS('',3,(#6174,#6175,#6176,#6177,#6178),
 .UNSPECIFIED.,.F.,.F.,(4,1,4),(0.,0.0150674043626898,0.0305988474341843),
 .UNSPECIFIED.);
#57=B_SPLINE_CURVE_WITH_KNOTS('',3,(#6181,#6182,#6183,#6184,#6185),
 .UNSPECIFIED.,.F.,.F.,(4,1,4),(0.,0.0150674043626898,0.0305988474341843),
 .UNSPECIFIED.);
#58=B_SPLINE_CURVE_WITH_KNOTS('',3,(#6197,#6198,#6199,#6200,#6201),
 .UNSPECIFIED.,.F.,.F.,(4,1,4),(0.,0.0130658365328343,0.0275919355068617),
 .UNSPECIFIED.);
#59=B_SPLINE_CURVE_WITH_KNOTS('',3,(#6204,#6205,#6206,#6207,#6208),
 .UNSPECIFIED.,.F.,.F.,(4,1,4),(0.,0.0130658365328343,0.0275919355068617),
 .UNSPECIFIED.);
#60=B_SPLINE_CURVE_WITH_KNOTS('',3,(#6220,#6221,#6222,#6223,#6224),
 .UNSPECIFIED.,.F.,.F.,(4,1,4),(0.,0.0133510209699461,0.0261098263336658),
 .UNSPECIFIED.);
#61=B_SPLINE_CURVE_WITH_KNOTS('',3,(#6227,#6228,#6229,#6230,#6231),
 .UNSPECIFIED.,.F.,.F.,(4,1,4),(0.,0.0133510209699461,0.0261098263336658),
 .UNSPECIFIED.);
#62=B_SPLINE_CURVE_WITH_KNOTS('',3,(#6243,#6244,#6245,#6246,#6247),
 .UNSPECIFIED.,.F.,.F.,(4,1,4),(0.,0.0287563398610945,0.0476480638513812),
 .UNSPECIFIED.);
#63=B_SPLINE_CURVE_WITH_KNOTS('',3,(#6250,#6251,#6252,#6253,#6254),
 .UNSPECIFIED.,.F.,.F.,(4,1,4),(0.,0.0287563398610945,0.0476480638513812),
 .UNSPECIFIED.);
#64=B_SPLINE_CURVE_WITH_KNOTS('',3,(#6266,#6267,#6268,#6269,#6270),
 .UNSPECIFIED.,.F.,.F.,(4,1,4),(0.,0.00950677298558389,0.0282290849738607),
 .UNSPECIFIED.);
#65=B_SPLINE_CURVE_WITH_KNOTS('',3,(#6273,#6274,#6275,#6276,#6277),
 .UNSPECIFIED.,.F.,.F.,(4,1,4),(0.,0.00950677298558389,0.0282290849738607),
 .UNSPECIFIED.);
#66=B_SPLINE_CURVE_WITH_KNOTS('',3,(#6289,#6290,#6291,#6292,#6293),
 .UNSPECIFIED.,.F.,.F.,(4,1,4),(0.,0.00660535890668379,0.0144624515461161),
 .UNSPECIFIED.);
#67=B_SPLINE_CURVE_WITH_KNOTS('',3,(#6296,#6297,#6298,#6299,#6300),
 .UNSPECIFIED.,.F.,.F.,(4,1,4),(0.,0.00660535890668379,0.0144624515461161),
 .UNSPECIFIED.);
#68=B_SPLINE_CURVE_WITH_KNOTS('',3,(#6312,#6313,#6314,#6315,#6316),
 .UNSPECIFIED.,.F.,.F.,(4,1,4),(0.,0.00574724125180499,0.0115486196648652),
 .UNSPECIFIED.);
#69=B_SPLINE_CURVE_WITH_KNOTS('',3,(#6319,#6320,#6321,#6322,#6323),
 .UNSPECIFIED.,.F.,.F.,(4,1,4),(0.,0.00574724125180499,0.0115486196648652),
 .UNSPECIFIED.);
#70=B_SPLINE_CURVE_WITH_KNOTS('',3,(#6335,#6336,#6337,#6338,#6339),
 .UNSPECIFIED.,.F.,.F.,(4,1,4),(0.,0.0101753587619844,0.0192437596659009),
 .UNSPECIFIED.);
#71=B_SPLINE_CURVE_WITH_KNOTS('',3,(#6342,#6343,#6344,#6345,#6346),
 .UNSPECIFIED.,.F.,.F.,(4,1,4),(0.,0.0101753587619844,0.0192437596659009),
 .UNSPECIFIED.);
#72=B_SPLINE_CURVE_WITH_KNOTS('',3,(#6358,#6359,#6360,#6361,#6362),
 .UNSPECIFIED.,.F.,.F.,(4,1,4),(0.,0.0182031546628767,0.031358602536176),
 .UNSPECIFIED.);
#73=B_SPLINE_CURVE_WITH_KNOTS('',3,(#6365,#6366,#6367,#6368,#6369),
 .UNSPECIFIED.,.F.,.F.,(4,1,4),(0.,0.0182031546628767,0.031358602536176),
 .UNSPECIFIED.);
#74=B_SPLINE_CURVE_WITH_KNOTS('',3,(#6381,#6382,#6383,#6384,#6385),
 .UNSPECIFIED.,.F.,.F.,(4,1,4),(0.,0.0132128407702083,0.0292142347933366),
 .UNSPECIFIED.);
#75=B_SPLINE_CURVE_WITH_KNOTS('',3,(#6388,#6389,#6390,#6391,#6392),
 .UNSPECIFIED.,.F.,.F.,(4,1,4),(0.,0.0132128407702083,0.0292142347933366),
 .UNSPECIFIED.);
#76=B_SPLINE_CURVE_WITH_KNOTS('',3,(#6404,#6405,#6406,#6407,#6408),
 .UNSPECIFIED.,.F.,.F.,(4,1,4),(0.,0.013071459657117,0.0253124452945356),
 .UNSPECIFIED.);
#77=B_SPLINE_CURVE_WITH_KNOTS('',3,(#6411,#6412,#6413,#6414,#6415),
 .UNSPECIFIED.,.F.,.F.,(4,1,4),(0.,0.013071459657117,0.0253124452945356),
 .UNSPECIFIED.);
#78=B_SPLINE_CURVE_WITH_KNOTS('',3,(#6433,#6434,#6435,#6436,#6437),
 .UNSPECIFIED.,.F.,.F.,(4,1,4),(0.,0.0138646139849876,0.0301817632289126),
 .UNSPECIFIED.);
#79=B_SPLINE_CURVE_WITH_KNOTS('',3,(#6440,#6441,#6442,#6443,#6444),
 .UNSPECIFIED.,.F.,.F.,(4,1,4),(0.,0.0138646139849876,0.0301817632289126),
 .UNSPECIFIED.);
#80=B_SPLINE_CURVE_WITH_KNOTS('',3,(#6456,#6457,#6458,#6459,#6460),
 .UNSPECIFIED.,.F.,.F.,(4,1,4),(0.,0.0157593770125932,0.0293278329094043),
 .UNSPECIFIED.);
#81=B_SPLINE_CURVE_WITH_KNOTS('',3,(#6463,#6464,#6465,#6466,#6467),
 .UNSPECIFIED.,.F.,.F.,(4,1,4),(0.,0.0157593770125932,0.0293278329094043),
 .UNSPECIFIED.);
#82=B_SPLINE_CURVE_WITH_KNOTS('',3,(#6479,#6480,#6481,#6482,#6483),
 .UNSPECIFIED.,.F.,.F.,(4,1,4),(0.,0.0200749478657769,0.0380889078267676),
 .UNSPECIFIED.);
#83=B_SPLINE_CURVE_WITH_KNOTS('',3,(#6486,#6487,#6488,#6489,#6490),
 .UNSPECIFIED.,.F.,.F.,(4,1,4),(0.,0.0200749478657769,0.0380889078267676),
 .UNSPECIFIED.);
#84=B_SPLINE_CURVE_WITH_KNOTS('',3,(#6502,#6503,#6504,#6505,#6506),
 .UNSPECIFIED.,.F.,.F.,(4,1,4),(0.,0.0131030319633085,0.026840152141671),
 .UNSPECIFIED.);
#85=B_SPLINE_CURVE_WITH_KNOTS('',3,(#6509,#6510,#6511,#6512,#6513),
 .UNSPECIFIED.,.F.,.F.,(4,1,4),(0.,0.0131030319633085,0.026840152141671),
 .UNSPECIFIED.);
#86=B_SPLINE_CURVE_WITH_KNOTS('',3,(#6525,#6526,#6527,#6528,#6529),
 .UNSPECIFIED.,.F.,.F.,(4,1,4),(0.,0.00976959565173172,0.0215582721570803),
 .UNSPECIFIED.);
#87=B_SPLINE_CURVE_WITH_KNOTS('',3,(#6532,#6533,#6534,#6535,#6536),
 .UNSPECIFIED.,.F.,.F.,(4,1,4),(0.,0.00976959565173172,0.0215582721570803),
 .UNSPECIFIED.);
#88=B_SPLINE_CURVE_WITH_KNOTS('',3,(#6548,#6549,#6550,#6551,#6552),
 .UNSPECIFIED.,.F.,.F.,(4,1,4),(0.,0.0114891543112712,0.0229906159986431),
 .UNSPECIFIED.);
#89=B_SPLINE_CURVE_WITH_KNOTS('',3,(#6555,#6556,#6557,#6558,#6559),
 .UNSPECIFIED.,.F.,.F.,(4,1,4),(0.,0.0114891543112712,0.0229906159986431),
 .UNSPECIFIED.);
#90=B_SPLINE_CURVE_WITH_KNOTS('',3,(#6571,#6572,#6573,#6574,#6575),
 .UNSPECIFIED.,.F.,.F.,(4,1,4),(0.,0.0117421636598945,0.0232816695619314),
 .UNSPECIFIED.);
#91=B_SPLINE_CURVE_WITH_KNOTS('',3,(#6578,#6579,#6580,#6581,#6582),
 .UNSPECIFIED.,.F.,.F.,(4,1,4),(0.,0.0117421636598945,0.0232816695619314),
 .UNSPECIFIED.);
#92=B_SPLINE_CURVE_WITH_KNOTS('',3,(#6594,#6595,#6596,#6597,#6598),
 .UNSPECIFIED.,.F.,.F.,(4,1,4),(0.,0.012629338559909,0.0254662258400512),
 .UNSPECIFIED.);
#93=B_SPLINE_CURVE_WITH_KNOTS('',3,(#6601,#6602,#6603,#6604,#6605),
 .UNSPECIFIED.,.F.,.F.,(4,1,4),(0.,0.012629338559909,0.0254662258400512),
 .UNSPECIFIED.);
#94=B_SPLINE_CURVE_WITH_KNOTS('',3,(#6617,#6618,#6619,#6620,#6621),
 .UNSPECIFIED.,.F.,.F.,(4,1,4),(0.,0.0136583247087637,0.0265138210539466),
 .UNSPECIFIED.);
#95=B_SPLINE_CURVE_WITH_KNOTS('',3,(#6624,#6625,#6626,#6627,#6628),
 .UNSPECIFIED.,.F.,.F.,(4,1,4),(0.,0.0136583247087637,0.0265138210539466),
 .UNSPECIFIED.);
#96=B_SPLINE_CURVE_WITH_KNOTS('',3,(#6640,#6641,#6642,#6643,#6644),
 .UNSPECIFIED.,.F.,.F.,(4,1,4),(0.,0.0296706293602392,0.0491234545568376),
 .UNSPECIFIED.);
#97=B_SPLINE_CURVE_WITH_KNOTS('',3,(#6647,#6648,#6649,#6650,#6651),
 .UNSPECIFIED.,.F.,.F.,(4,1,4),(0.,0.0296706293602392,0.0491234545568376),
 .UNSPECIFIED.);
#98=B_SPLINE_CURVE_WITH_KNOTS('',3,(#6663,#6664,#6665,#6666,#6667),
 .UNSPECIFIED.,.F.,.F.,(4,1,4),(0.,0.0119406744859982,0.0331163906456918),
 .UNSPECIFIED.);
#99=B_SPLINE_CURVE_WITH_KNOTS('',3,(#6670,#6671,#6672,#6673,#6674),
 .UNSPECIFIED.,.F.,.F.,(4,1,4),(0.,0.0119406744859982,0.0331163906456918),
 .UNSPECIFIED.);
#100=B_SPLINE_CURVE_WITH_KNOTS('',3,(#6686,#6687,#6688,#6689,#6690),
 .UNSPECIFIED.,.F.,.F.,(4,1,4),(0.,0.00956473072188826,0.0193644909388354),
 .UNSPECIFIED.);
#101=B_SPLINE_CURVE_WITH_KNOTS('',3,(#6693,#6694,#6695,#6696,#6697),
 .UNSPECIFIED.,.F.,.F.,(4,1,4),(0.,0.00956473072188826,0.0193644909388354),
 .UNSPECIFIED.);
#102=B_SPLINE_CURVE_WITH_KNOTS('',3,(#6709,#6710,#6711,#6712,#6713),
 .UNSPECIFIED.,.F.,.F.,(4,1,4),(0.,0.0121020796879201,0.0232496302032865),
 .UNSPECIFIED.);
#103=B_SPLINE_CURVE_WITH_KNOTS('',3,(#6716,#6717,#6718,#6719,#6720),
 .UNSPECIFIED.,.F.,.F.,(4,1,4),(0.,0.0121020796879201,0.0232496302032865),
 .UNSPECIFIED.);
#104=B_SPLINE_CURVE_WITH_KNOTS('',3,(#6732,#6733,#6734,#6735,#6736),
 .UNSPECIFIED.,.F.,.F.,(4,1,4),(0.,0.0185428908645794,0.033023579560559),
 .UNSPECIFIED.);
#105=B_SPLINE_CURVE_WITH_KNOTS('',3,(#6739,#6740,#6741,#6742,#6743),
 .UNSPECIFIED.,.F.,.F.,(4,1,4),(0.,0.0185428908645794,0.033023579560559),
 .UNSPECIFIED.);
#106=B_SPLINE_CURVE_WITH_KNOTS('',3,(#6755,#6756,#6757,#6758,#6759),
 .UNSPECIFIED.,.F.,.F.,(4,1,4),(0.,0.0157887722738475,0.034598370684164),
 .UNSPECIFIED.);
#107=B_SPLINE_CURVE_WITH_KNOTS('',3,(#6762,#6763,#6764,#6765,#6766),
 .UNSPECIFIED.,.F.,.F.,(4,1,4),(0.,0.0157887722738475,0.034598370684164),
 .UNSPECIFIED.);
#108=B_SPLINE_CURVE_WITH_KNOTS('',3,(#6778,#6779,#6780,#6781,#6782),
 .UNSPECIFIED.,.F.,.F.,(4,1,4),(0.,0.016826100394868,0.0319535569843956),
 .UNSPECIFIED.);
#109=B_SPLINE_CURVE_WITH_KNOTS('',3,(#6785,#6786,#6787,#6788,#6789),
 .UNSPECIFIED.,.F.,.F.,(4,1,4),(0.,0.016826100394868,0.0319535569843956),
 .UNSPECIFIED.);
#110=B_SPLINE_CURVE_WITH_KNOTS('',3,(#6806,#6807,#6808,#6809,#6810),
 .UNSPECIFIED.,.F.,.F.,(4,1,4),(0.,0.0236875887713218,0.050347753696418),
 .UNSPECIFIED.);
#111=B_SPLINE_CURVE_WITH_KNOTS('',3,(#6811,#6812,#6813,#6814,#6815),
 .UNSPECIFIED.,.F.,.F.,(4,1,4),(0.,0.0236875887713218,0.050347753696418),
 .UNSPECIFIED.);
#112=B_SPLINE_CURVE_WITH_KNOTS('',3,(#6829,#6830,#6831,#6832,#6833),
 .UNSPECIFIED.,.F.,.F.,(4,1,4),(0.,0.0192609193638549,0.0399689481639094),
 .UNSPECIFIED.);
#113=B_SPLINE_CURVE_WITH_KNOTS('',3,(#6837,#6838,#6839,#6840,#6841),
 .UNSPECIFIED.,.F.,.F.,(4,1,4),(0.,0.0192609193638549,0.0399689481639094),
 .UNSPECIFIED.);
#114=B_SPLINE_CURVE_WITH_KNOTS('',3,(#6854,#6855,#6856,#6857,#6858),
 .UNSPECIFIED.,.F.,.F.,(4,1,4),(0.,0.0200452179888945,0.0390024115017458),
 .UNSPECIFIED.);
#115=B_SPLINE_CURVE_WITH_KNOTS('',3,(#6861,#6862,#6863,#6864,#6865),
 .UNSPECIFIED.,.F.,.F.,(4,1,4),(0.,0.0200452179888945,0.0390024115017458),
 .UNSPECIFIED.);
#116=B_SPLINE_CURVE_WITH_KNOTS('',3,(#6877,#6878,#6879,#6880,#6881),
 .UNSPECIFIED.,.F.,.F.,(4,1,4),(0.,0.0310236919479614,0.0550000359039411),
 .UNSPECIFIED.);
#117=B_SPLINE_CURVE_WITH_KNOTS('',3,(#6884,#6885,#6886,#6887,#6888),
 .UNSPECIFIED.,.F.,.F.,(4,1,4),(0.,0.0310236919479614,0.0550000359039411),
 .UNSPECIFIED.);
#118=B_SPLINE_CURVE_WITH_KNOTS('',3,(#6900,#6901,#6902,#6903,#6904),
 .UNSPECIFIED.,.F.,.F.,(4,1,4),(0.,0.0243857275651388,0.0549399030145871),
 .UNSPECIFIED.);
#119=B_SPLINE_CURVE_WITH_KNOTS('',3,(#6907,#6908,#6909,#6910,#6911),
 .UNSPECIFIED.,.F.,.F.,(4,1,4),(0.,0.0243857275651388,0.0549399030145871),
 .UNSPECIFIED.);
#120=B_SPLINE_CURVE_WITH_KNOTS('',3,(#6923,#6924,#6925,#6926,#6927),
 .UNSPECIFIED.,.F.,.F.,(4,1,4),(0.,0.0192608032631912,0.0399689243425393),
 .UNSPECIFIED.);
#121=B_SPLINE_CURVE_WITH_KNOTS('',3,(#6930,#6931,#6932,#6933,#6934),
 .UNSPECIFIED.,.F.,.F.,(4,1,4),(0.,0.0192608032631912,0.0399689243425393),
 .UNSPECIFIED.);
#122=B_SPLINE_CURVE_WITH_KNOTS('',3,(#6946,#6947,#6948,#6949,#6950),
 .UNSPECIFIED.,.F.,.F.,(4,1,4),(0.,0.0246347268453534,0.0475822072089802),
 .UNSPECIFIED.);
#123=B_SPLINE_CURVE_WITH_KNOTS('',3,(#6953,#6954,#6955,#6956,#6957),
 .UNSPECIFIED.,.F.,.F.,(4,1,4),(0.,0.0246347268453534,0.0475822072089802),
 .UNSPECIFIED.);
#124=B_SPLINE_CURVE_WITH_KNOTS('',3,(#6969,#6970,#6971,#6972,#6973),
 .UNSPECIFIED.,.F.,.F.,(4,1,4),(0.,0.0281400022258205,0.0482838927235838),
 .UNSPECIFIED.);
#125=B_SPLINE_CURVE_WITH_KNOTS('',3,(#6976,#6977,#6978,#6979,#6980),
 .UNSPECIFIED.,.F.,.F.,(4,1,4),(0.,0.0281400022258205,0.0482838927235838),
 .UNSPECIFIED.);
#126=B_SPLINE_CURVE_WITH_KNOTS('',3,(#6991,#6992,#6993,#6994,#6995),
 .UNSPECIFIED.,.F.,.F.,(4,1,4),(0.,0.024043908717726,0.0534556114491192),
 .UNSPECIFIED.);
#127=B_SPLINE_CURVE_WITH_KNOTS('',3,(#6996,#6997,#6998,#6999,#7000),
 .UNSPECIFIED.,.F.,.F.,(4,1,4),(0.,0.024043908717726,0.0534556114491192),
 .UNSPECIFIED.);
#128=B_SPLINE_CURVE_WITH_KNOTS('',3,(#7013,#7014,#7015,#7016,#7017),
 .UNSPECIFIED.,.F.,.F.,(4,1,4),(0.,0.0293793964913329,0.0589447247051642),
 .UNSPECIFIED.);
#129=B_SPLINE_CURVE_WITH_KNOTS('',3,(#7021,#7022,#7023,#7024,#7025),
 .UNSPECIFIED.,.F.,.F.,(4,1,4),(0.,0.0293793964913329,0.0589447247051642),
 .UNSPECIFIED.);
#130=B_SPLINE_CURVE_WITH_KNOTS('',3,(#7038,#7039,#7040,#7041,#7042),
 .UNSPECIFIED.,.F.,.F.,(4,1,4),(0.,0.0316934164482502,0.0622885737940571),
 .UNSPECIFIED.);
#131=B_SPLINE_CURVE_WITH_KNOTS('',3,(#7045,#7046,#7047,#7048,#7049),
 .UNSPECIFIED.,.F.,.F.,(4,1,4),(0.,0.0316934164482502,0.0622885737940571),
 .UNSPECIFIED.);
#132=B_SPLINE_CURVE_WITH_KNOTS('',3,(#7061,#7062,#7063,#7064,#7065),
 .UNSPECIFIED.,.F.,.F.,(4,1,4),(0.,0.0416681499751251,0.0768868979654365),
 .UNSPECIFIED.);
#133=B_SPLINE_CURVE_WITH_KNOTS('',3,(#7068,#7069,#7070,#7071,#7072),
 .UNSPECIFIED.,.F.,.F.,(4,1,4),(0.,0.0416681499751251,0.0768868979654365),
 .UNSPECIFIED.);
#134=B_SPLINE_CURVE_WITH_KNOTS('',3,(#7084,#7085,#7086,#7087,#7088),
 .UNSPECIFIED.,.F.,.F.,(4,1,4),(0.,0.018284550337275,0.0373477563405595),
 .UNSPECIFIED.);
#135=B_SPLINE_CURVE_WITH_KNOTS('',3,(#7091,#7092,#7093,#7094,#7095),
 .UNSPECIFIED.,.F.,.F.,(4,1,4),(0.,0.018284550337275,0.0373477563405595),
 .UNSPECIFIED.);
#136=B_SPLINE_CURVE_WITH_KNOTS('',3,(#7107,#7108,#7109,#7110,#7111),
 .UNSPECIFIED.,.F.,.F.,(4,1,4),(0.,0.0159598763266359,0.0331989511264384),
 .UNSPECIFIED.);
#137=B_SPLINE_CURVE_WITH_KNOTS('',3,(#7114,#7115,#7116,#7117,#7118),
 .UNSPECIFIED.,.F.,.F.,(4,1,4),(0.,0.0159598763266359,0.0331989511264384),
 .UNSPECIFIED.);
#138=B_SPLINE_CURVE_WITH_KNOTS('',3,(#7130,#7131,#7132,#7133,#7134),
 .UNSPECIFIED.,.F.,.F.,(4,1,4),(0.,0.0158294323447883,0.031234413392936),
 .UNSPECIFIED.);
#139=B_SPLINE_CURVE_WITH_KNOTS('',3,(#7137,#7138,#7139,#7140,#7141),
 .UNSPECIFIED.,.F.,.F.,(4,1,4),(0.,0.0158294323447883,0.031234413392936),
 .UNSPECIFIED.);
#140=B_SPLINE_CURVE_WITH_KNOTS('',3,(#7153,#7154,#7155,#7156,#7157),
 .UNSPECIFIED.,.F.,.F.,(4,1,4),(0.,0.0163515054798385,0.0325297100887437),
 .UNSPECIFIED.);
#141=B_SPLINE_CURVE_WITH_KNOTS('',3,(#7160,#7161,#7162,#7163,#7164),
 .UNSPECIFIED.,.F.,.F.,(4,1,4),(0.,0.0163515054798385,0.0325297100887437),
 .UNSPECIFIED.);
#142=B_SPLINE_CURVE_WITH_KNOTS('',3,(#7176,#7177,#7178,#7179,#7180),
 .UNSPECIFIED.,.F.,.F.,(4,1,4),(0.,0.02870701450337,0.056872968255563),
 .UNSPECIFIED.);
#143=B_SPLINE_CURVE_WITH_KNOTS('',3,(#7183,#7184,#7185,#7186,#7187),
 .UNSPECIFIED.,.F.,.F.,(4,1,4),(0.,0.02870701450337,0.056872968255563),
 .UNSPECIFIED.);
#144=B_SPLINE_CURVE_WITH_KNOTS('',3,(#7321,#7322,#7323,#7324,#7325),
 .UNSPECIFIED.,.F.,.F.,(4,1,4),(0.,0.0154118794446387,0.0358930600117861),
 .UNSPECIFIED.);
#145=B_SPLINE_CURVE_WITH_KNOTS('',3,(#7328,#7329,#7330,#7331,#7332),
 .UNSPECIFIED.,.F.,.F.,(4,1,4),(0.,0.0154118794446387,0.0358930600117861),
 .UNSPECIFIED.);
#146=B_SPLINE_CURVE_WITH_KNOTS('',3,(#7344,#7345,#7346,#7347,#7348),
 .UNSPECIFIED.,.F.,.F.,(4,1,4),(0.,0.0132932246833938,0.0261522734058877),
 .UNSPECIFIED.);
#147=B_SPLINE_CURVE_WITH_KNOTS('',3,(#7351,#7352,#7353,#7354,#7355),
 .UNSPECIFIED.,.F.,.F.,(4,1,4),(0.,0.0132932246833938,0.0261522734058877),
 .UNSPECIFIED.);
#148=B_SPLINE_CURVE_WITH_KNOTS('',3,(#7367,#7368,#7369,#7370,#7371),
 .UNSPECIFIED.,.F.,.F.,(4,1,4),(0.,0.0135031394615571,0.0271148027413065),
 .UNSPECIFIED.);
#149=B_SPLINE_CURVE_WITH_KNOTS('',3,(#7374,#7375,#7376,#7377,#7378),
 .UNSPECIFIED.,.F.,.F.,(4,1,4),(0.,0.0135031394615571,0.0271148027413065),
 .UNSPECIFIED.);
#150=B_SPLINE_CURVE_WITH_KNOTS('',3,(#7390,#7391,#7392,#7393,#7394),
 .UNSPECIFIED.,.F.,.F.,(4,1,4),(0.,0.0116971290360266,0.0245185321655372),
 .UNSPECIFIED.);
#151=B_SPLINE_CURVE_WITH_KNOTS('',3,(#7397,#7398,#7399,#7400,#7401),
 .UNSPECIFIED.,.F.,.F.,(4,1,4),(0.,0.0116971290360266,0.0245185321655372),
 .UNSPECIFIED.);
#152=B_SPLINE_CURVE_WITH_KNOTS('',3,(#7413,#7414,#7415,#7416,#7417),
 .UNSPECIFIED.,.F.,.F.,(4,1,4),(0.,0.0117142385261147,0.023008404114861),
 .UNSPECIFIED.);
#153=B_SPLINE_CURVE_WITH_KNOTS('',3,(#7420,#7421,#7422,#7423,#7424),
 .UNSPECIFIED.,.F.,.F.,(4,1,4),(0.,0.0117142385261147,0.023008404114861),
 .UNSPECIFIED.);
#154=B_SPLINE_CURVE_WITH_KNOTS('',3,(#7436,#7437,#7438,#7439,#7440),
 .UNSPECIFIED.,.F.,.F.,(4,1,4),(0.,0.020128245411717,0.0324869060623704),
 .UNSPECIFIED.);
#155=B_SPLINE_CURVE_WITH_KNOTS('',3,(#7443,#7444,#7445,#7446,#7447),
 .UNSPECIFIED.,.F.,.F.,(4,1,4),(0.,0.020128245411717,0.0324869060623704),
 .UNSPECIFIED.);
#156=B_SPLINE_CURVE_WITH_KNOTS('',3,(#7477,#7478,#7479,#7480,#7481),
 .UNSPECIFIED.,.F.,.F.,(4,1,4),(0.,0.0117658561995246,0.028740288026646),
 .UNSPECIFIED.);
#157=B_SPLINE_CURVE_WITH_KNOTS('',3,(#7484,#7485,#7486,#7487,#7488),
 .UNSPECIFIED.,.F.,.F.,(4,1,4),(0.,0.0117658561995246,0.028740288026646),
 .UNSPECIFIED.);
#158=B_SPLINE_CURVE_WITH_KNOTS('',3,(#7500,#7501,#7502,#7503,#7504),
 .UNSPECIFIED.,.F.,.F.,(4,1,4),(0.,0.0118222672572825,0.0247975550041718),
 .UNSPECIFIED.);
#159=B_SPLINE_CURVE_WITH_KNOTS('',3,(#7507,#7508,#7509,#7510,#7511),
 .UNSPECIFIED.,.F.,.F.,(4,1,4),(0.,0.0118222672572825,0.0247975550041718),
 .UNSPECIFIED.);
#160=B_SPLINE_CURVE_WITH_KNOTS('',3,(#7523,#7524,#7525,#7526,#7527),
 .UNSPECIFIED.,.F.,.F.,(4,1,4),(0.,0.0139496456066952,0.0259930749265501),
 .UNSPECIFIED.);
#161=B_SPLINE_CURVE_WITH_KNOTS('',3,(#7530,#7531,#7532,#7533,#7534),
 .UNSPECIFIED.,.F.,.F.,(4,1,4),(0.,0.0139496456066952,0.0259930749265501),
 .UNSPECIFIED.);
#162=B_SPLINE_CURVE_WITH_KNOTS('',3,(#7546,#7547,#7548,#7549,#7550),
 .UNSPECIFIED.,.F.,.F.,(4,1,4),(0.,0.0155729036987666,0.0307208690022922),
 .UNSPECIFIED.);
#163=B_SPLINE_CURVE_WITH_KNOTS('',3,(#7553,#7554,#7555,#7556,#7557),
 .UNSPECIFIED.,.F.,.F.,(4,1,4),(0.,0.0155729036987666,0.0307208690022922),
 .UNSPECIFIED.);
#164=B_SPLINE_CURVE_WITH_KNOTS('',3,(#7569,#7570,#7571,#7572,#7573),
 .UNSPECIFIED.,.F.,.F.,(4,1,4),(0.,0.0339415316531368,0.0673634571585969),
 .UNSPECIFIED.);
#165=B_SPLINE_CURVE_WITH_KNOTS('',3,(#7576,#7577,#7578,#7579,#7580),
 .UNSPECIFIED.,.F.,.F.,(4,1,4),(0.,0.0339415316531368,0.0673634571585969),
 .UNSPECIFIED.);
#166=B_SPLINE_CURVE_WITH_KNOTS('',3,(#7628,#7629,#7630,#7631,#7632),
 .UNSPECIFIED.,.F.,.F.,(4,1,4),(0.,0.0192608032631912,0.0399688551330433),
 .UNSPECIFIED.);
#167=B_SPLINE_CURVE_WITH_KNOTS('',3,(#7636,#7637,#7638,#7639,#7640),
 .UNSPECIFIED.,.F.,.F.,(4,1,4),(0.,0.0192608032631912,0.0399688551330433),
 .UNSPECIFIED.);
#168=B_SPLINE_CURVE_WITH_KNOTS('',3,(#7653,#7654,#7655,#7656,#7657),
 .UNSPECIFIED.,.F.,.F.,(4,1,4),(0.,0.020045171781291,0.0390024234027335),
 .UNSPECIFIED.);
#169=B_SPLINE_CURVE_WITH_KNOTS('',3,(#7660,#7661,#7662,#7663,#7664),
 .UNSPECIFIED.,.F.,.F.,(4,1,4),(0.,0.020045171781291,0.0390024234027335),
 .UNSPECIFIED.);
#170=B_SPLINE_CURVE_WITH_KNOTS('',3,(#7676,#7677,#7678,#7679,#7680),
 .UNSPECIFIED.,.F.,.F.,(4,1,4),(0.,0.0310236987053867,0.0550000426613665),
 .UNSPECIFIED.);
#171=B_SPLINE_CURVE_WITH_KNOTS('',3,(#7683,#7684,#7685,#7686,#7687),
 .UNSPECIFIED.,.F.,.F.,(4,1,4),(0.,0.0310236987053867,0.0550000426613665),
 .UNSPECIFIED.);
#172=B_SPLINE_CURVE_WITH_KNOTS('',3,(#7699,#7700,#7701,#7702,#7703),
 .UNSPECIFIED.,.F.,.F.,(4,1,4),(0.,0.0243857006801808,0.0549398832820484),
 .UNSPECIFIED.);
#173=B_SPLINE_CURVE_WITH_KNOTS('',3,(#7706,#7707,#7708,#7709,#7710),
 .UNSPECIFIED.,.F.,.F.,(4,1,4),(0.,0.0243857006801808,0.0549398832820484),
 .UNSPECIFIED.);
#174=B_SPLINE_CURVE_WITH_KNOTS('',3,(#7722,#7723,#7724,#7725,#7726),
 .UNSPECIFIED.,.F.,.F.,(4,1,4),(0.,0.0192608032631912,0.0399688782028581),
 .UNSPECIFIED.);
#175=B_SPLINE_CURVE_WITH_KNOTS('',3,(#7729,#7730,#7731,#7732,#7733),
 .UNSPECIFIED.,.F.,.F.,(4,1,4),(0.,0.0192608032631912,0.0399688782028581),
 .UNSPECIFIED.);
#176=B_SPLINE_CURVE_WITH_KNOTS('',3,(#7745,#7746,#7747,#7748,#7749),
 .UNSPECIFIED.,.F.,.F.,(4,1,4),(0.,0.0246347062148783,0.0475822441613949),
 .UNSPECIFIED.);
#177=B_SPLINE_CURVE_WITH_KNOTS('',3,(#7752,#7753,#7754,#7755,#7756),
 .UNSPECIFIED.,.F.,.F.,(4,1,4),(0.,0.0246347062148783,0.0475822441613949),
 .UNSPECIFIED.);
#178=B_SPLINE_CURVE_WITH_KNOTS('',3,(#7768,#7769,#7770,#7771,#7772),
 .UNSPECIFIED.,.F.,.F.,(4,1,4),(0.,0.0281399998779396,0.0482839100547899),
 .UNSPECIFIED.);
#179=B_SPLINE_CURVE_WITH_KNOTS('',3,(#7775,#7776,#7777,#7778,#7779),
 .UNSPECIFIED.,.F.,.F.,(4,1,4),(0.,0.0281399998779396,0.0482839100547899),
 .UNSPECIFIED.);
#180=B_SPLINE_CURVE_WITH_KNOTS('',3,(#7790,#7791,#7792,#7793,#7794),
 .UNSPECIFIED.,.F.,.F.,(4,1,4),(0.,0.024043895084128,0.0534556052457701),
 .UNSPECIFIED.);
#181=B_SPLINE_CURVE_WITH_KNOTS('',3,(#7795,#7796,#7797,#7798,#7799),
 .UNSPECIFIED.,.F.,.F.,(4,1,4),(0.,0.024043895084128,0.0534556052457701),
 .UNSPECIFIED.);
#182=B_SPLINE_CURVE_WITH_KNOTS('',3,(#7812,#7813,#7814,#7815,#7816),
 .UNSPECIFIED.,.F.,.F.,(4,1,4),(0.,0.0293793964913329,0.0589447684533741),
 .UNSPECIFIED.);
#183=B_SPLINE_CURVE_WITH_KNOTS('',3,(#7820,#7821,#7822,#7823,#7824),
 .UNSPECIFIED.,.F.,.F.,(4,1,4),(0.,0.0293793964913329,0.0589447684533741),
 .UNSPECIFIED.);
#184=B_SPLINE_CURVE_WITH_KNOTS('',3,(#7837,#7838,#7839,#7840,#7841),
 .UNSPECIFIED.,.F.,.F.,(4,1,4),(0.,0.0316934164482502,0.0622885154882839),
 .UNSPECIFIED.);
#185=B_SPLINE_CURVE_WITH_KNOTS('',3,(#7844,#7845,#7846,#7847,#7848),
 .UNSPECIFIED.,.F.,.F.,(4,1,4),(0.,0.0316934164482502,0.0622885154882839),
 .UNSPECIFIED.);
#186=B_SPLINE_CURVE_WITH_KNOTS('',3,(#7860,#7861,#7862,#7863,#7864),
 .UNSPECIFIED.,.F.,.F.,(4,1,4),(0.,0.0416681582080746,0.0768868769765677),
 .UNSPECIFIED.);
#187=B_SPLINE_CURVE_WITH_KNOTS('',3,(#7867,#7868,#7869,#7870,#7871),
 .UNSPECIFIED.,.F.,.F.,(4,1,4),(0.,0.0416681582080746,0.0768868769765677),
 .UNSPECIFIED.);
#188=B_SPLINE_CURVE_WITH_KNOTS('',3,(#7883,#7884,#7885,#7886,#7887),
 .UNSPECIFIED.,.F.,.F.,(4,1,4),(0.,0.018284550337275,0.0373477563405595),
 .UNSPECIFIED.);
#189=B_SPLINE_CURVE_WITH_KNOTS('',3,(#7890,#7891,#7892,#7893,#7894),
 .UNSPECIFIED.,.F.,.F.,(4,1,4),(0.,0.018284550337275,0.0373477563405595),
 .UNSPECIFIED.);
#190=B_SPLINE_CURVE_WITH_KNOTS('',3,(#7906,#7907,#7908,#7909,#7910),
 .UNSPECIFIED.,.F.,.F.,(4,1,4),(0.,0.0159599404917734,0.0331989928123313),
 .UNSPECIFIED.);
#191=B_SPLINE_CURVE_WITH_KNOTS('',3,(#7913,#7914,#7915,#7916,#7917),
 .UNSPECIFIED.,.F.,.F.,(4,1,4),(0.,0.0159599404917734,0.0331989928123313),
 .UNSPECIFIED.);
#192=B_SPLINE_CURVE_WITH_KNOTS('',3,(#7929,#7930,#7931,#7932,#7933),
 .UNSPECIFIED.,.F.,.F.,(4,1,4),(0.,0.0158294835542077,0.0312344222087192),
 .UNSPECIFIED.);
#193=B_SPLINE_CURVE_WITH_KNOTS('',3,(#7936,#7937,#7938,#7939,#7940),
 .UNSPECIFIED.,.F.,.F.,(4,1,4),(0.,0.0158294835542077,0.0312344222087192),
 .UNSPECIFIED.);
#194=B_SPLINE_CURVE_WITH_KNOTS('',3,(#7952,#7953,#7954,#7955,#7956),
 .UNSPECIFIED.,.F.,.F.,(4,1,4),(0.,0.0163514461921372,0.0325296508010423),
 .UNSPECIFIED.);
#195=B_SPLINE_CURVE_WITH_KNOTS('',3,(#7959,#7960,#7961,#7962,#7963),
 .UNSPECIFIED.,.F.,.F.,(4,1,4),(0.,0.0163514461921372,0.0325296508010423),
 .UNSPECIFIED.);
#196=B_SPLINE_CURVE_WITH_KNOTS('',3,(#7975,#7976,#7977,#7978,#7979),
 .UNSPECIFIED.,.F.,.F.,(4,1,4),(0.,0.0287069915325885,0.0568730034764279),
 .UNSPECIFIED.);
#197=B_SPLINE_CURVE_WITH_KNOTS('',3,(#7982,#7983,#7984,#7985,#7986),
 .UNSPECIFIED.,.F.,.F.,(4,1,4),(0.,0.0287069915325885,0.0568730034764279),
 .UNSPECIFIED.);
#198=B_SPLINE_CURVE_WITH_KNOTS('',3,(#8027,#8028,#8029,#8030,#8031),
 .UNSPECIFIED.,.F.,.F.,(4,1,4),(0.,0.0268289475235574,0.0664548585144481),
 .UNSPECIFIED.);
#199=B_SPLINE_CURVE_WITH_KNOTS('',3,(#8035,#8036,#8037,#8038,#8039),
 .UNSPECIFIED.,.F.,.F.,(4,1,4),(0.,0.0268289475235574,0.0664548585144481),
 .UNSPECIFIED.);
#200=B_SPLINE_CURVE_WITH_KNOTS('',3,(#8052,#8053,#8054,#8055,#8056),
 .UNSPECIFIED.,.F.,.F.,(4,1,4),(0.,0.0315224369874872,0.0557089220172119),
 .UNSPECIFIED.);
#201=B_SPLINE_CURVE_WITH_KNOTS('',3,(#8059,#8060,#8061,#8062,#8063),
 .UNSPECIFIED.,.F.,.F.,(4,1,4),(0.,0.0315224369874872,0.0557089220172119),
 .UNSPECIFIED.);
#202=B_SPLINE_CURVE_WITH_KNOTS('',3,(#8075,#8076,#8077,#8078,#8079),
 .UNSPECIFIED.,.F.,.F.,(4,1,4),(0.,0.0175495347173734,0.0373352688233435),
 .UNSPECIFIED.);
#203=B_SPLINE_CURVE_WITH_KNOTS('',3,(#8082,#8083,#8084,#8085,#8086),
 .UNSPECIFIED.,.F.,.F.,(4,1,4),(0.,0.0175495347173734,0.0373352688233435),
 .UNSPECIFIED.);
#204=B_SPLINE_CURVE_WITH_KNOTS('',3,(#8098,#8099,#8100,#8101,#8102),
 .UNSPECIFIED.,.F.,.F.,(4,1,4),(0.,0.0159500690946612,0.0320961767288272),
 .UNSPECIFIED.);
#205=B_SPLINE_CURVE_WITH_KNOTS('',3,(#8105,#8106,#8107,#8108,#8109),
 .UNSPECIFIED.,.F.,.F.,(4,1,4),(0.,0.0159500690946612,0.0320961767288272),
 .UNSPECIFIED.);
#206=B_SPLINE_CURVE_WITH_KNOTS('',3,(#8121,#8122,#8123,#8124,#8125),
 .UNSPECIFIED.,.F.,.F.,(4,1,4),(0.,0.0283274678681682,0.0485612455192578),
 .UNSPECIFIED.);
#207=B_SPLINE_CURVE_WITH_KNOTS('',3,(#8128,#8129,#8130,#8131,#8132),
 .UNSPECIFIED.,.F.,.F.,(4,1,4),(0.,0.0283274678681682,0.0485612455192578),
 .UNSPECIFIED.);
#208=B_SPLINE_CURVE_WITH_KNOTS('',3,(#8162,#8163,#8164,#8165,#8166),
 .UNSPECIFIED.,.F.,.F.,(4,1,4),(0.,0.0280652232583301,0.0636799554940642),
 .UNSPECIFIED.);
#209=B_SPLINE_CURVE_WITH_KNOTS('',3,(#8169,#8170,#8171,#8172,#8173),
 .UNSPECIFIED.,.F.,.F.,(4,1,4),(0.,0.0280652232583301,0.0636799554940642),
 .UNSPECIFIED.);
#210=B_SPLINE_CURVE_WITH_KNOTS('',3,(#8185,#8186,#8187,#8188,#8189),
 .UNSPECIFIED.,.F.,.F.,(4,1,4),(0.,0.0242055409780541,0.0481162134176617),
 .UNSPECIFIED.);
#211=B_SPLINE_CURVE_WITH_KNOTS('',3,(#8192,#8193,#8194,#8195,#8196),
 .UNSPECIFIED.,.F.,.F.,(4,1,4),(0.,0.0242055409780541,0.0481162134176617),
 .UNSPECIFIED.);
#212=B_SPLINE_CURVE_WITH_KNOTS('',3,(#8208,#8209,#8210,#8211,#8212),
 .UNSPECIFIED.,.F.,.F.,(4,1,4),(0.,0.0320752779583176,0.0591789470720823),
 .UNSPECIFIED.);
#213=B_SPLINE_CURVE_WITH_KNOTS('',3,(#8215,#8216,#8217,#8218,#8219),
 .UNSPECIFIED.,.F.,.F.,(4,1,4),(0.,0.0320752779583176,0.0591789470720823),
 .UNSPECIFIED.);
#214=B_SPLINE_CURVE_WITH_KNOTS('',3,(#8231,#8232,#8233,#8234,#8235),
 .UNSPECIFIED.,.F.,.F.,(4,1,4),(0.,0.0277603707220086,0.0606227610229172),
 .UNSPECIFIED.);
#215=B_SPLINE_CURVE_WITH_KNOTS('',3,(#8238,#8239,#8240,#8241,#8242),
 .UNSPECIFIED.,.F.,.F.,(4,1,4),(0.,0.0277603707220086,0.0606227610229172),
 .UNSPECIFIED.);
#216=B_SPLINE_CURVE_WITH_KNOTS('',3,(#8254,#8255,#8256,#8257,#8258),
 .UNSPECIFIED.,.F.,.F.,(4,1,4),(0.,0.0233896811569758,0.048071670821585),
 .UNSPECIFIED.);
#217=B_SPLINE_CURVE_WITH_KNOTS('',3,(#8261,#8262,#8263,#8264,#8265),
 .UNSPECIFIED.,.F.,.F.,(4,1,4),(0.,0.0233896811569758,0.048071670821585),
 .UNSPECIFIED.);
#218=B_SPLINE_CURVE_WITH_KNOTS('',3,(#8277,#8278,#8279,#8280,#8281),
 .UNSPECIFIED.,.F.,.F.,(4,1,4),(0.,0.0338751286758764,0.0606973692145693),
 .UNSPECIFIED.);
#219=B_SPLINE_CURVE_WITH_KNOTS('',3,(#8284,#8285,#8286,#8287,#8288),
 .UNSPECIFIED.,.F.,.F.,(4,1,4),(0.,0.0338751286758764,0.0606973692145693),
 .UNSPECIFIED.);
#220=B_SPLINE_CURVE_WITH_KNOTS('',3,(#8327,#8328,#8329,#8330,#8331),
 .UNSPECIFIED.,.F.,.F.,(4,1,4),(0.,0.0175627388173456,0.0362797450706248),
 .UNSPECIFIED.);
#221=B_SPLINE_CURVE_WITH_KNOTS('',3,(#8334,#8335,#8336,#8337,#8338),
 .UNSPECIFIED.,.F.,.F.,(4,1,4),(0.,0.0175627388173456,0.0362797450706248),
 .UNSPECIFIED.);
#222=B_SPLINE_CURVE_WITH_KNOTS('',3,(#8350,#8351,#8352,#8353,#8354),
 .UNSPECIFIED.,.F.,.F.,(4,1,4),(0.,0.00996656774864549,0.0205691918387892),
 .UNSPECIFIED.);
#223=B_SPLINE_CURVE_WITH_KNOTS('',3,(#8357,#8358,#8359,#8360,#8361),
 .UNSPECIFIED.,.F.,.F.,(4,1,4),(0.,0.00996656774864549,0.0205691918387892),
 .UNSPECIFIED.);
#224=B_SPLINE_CURVE_WITH_KNOTS('',3,(#8373,#8374,#8375,#8376,#8377),
 .UNSPECIFIED.,.F.,.F.,(4,1,4),(0.,0.00966898339563956,0.0193291417719098),
 .UNSPECIFIED.);
#225=B_SPLINE_CURVE_WITH_KNOTS('',3,(#8380,#8381,#8382,#8383,#8384),
 .UNSPECIFIED.,.F.,.F.,(4,1,4),(0.,0.00966898339563956,0.0193291417719098),
 .UNSPECIFIED.);
#226=B_SPLINE_CURVE_WITH_KNOTS('',3,(#8396,#8397,#8398,#8399,#8400),
 .UNSPECIFIED.,.F.,.F.,(4,1,4),(0.,0.0123109039614415,0.0236881705749597),
 .UNSPECIFIED.);
#227=B_SPLINE_CURVE_WITH_KNOTS('',3,(#8403,#8404,#8405,#8406,#8407),
 .UNSPECIFIED.,.F.,.F.,(4,1,4),(0.,0.0123109039614415,0.0236881705749597),
 .UNSPECIFIED.);
#228=B_SPLINE_CURVE_WITH_KNOTS('',3,(#8425,#8426,#8427,#8428,#8429),
 .UNSPECIFIED.,.F.,.F.,(4,1,4),(0.,0.0158404951689142,0.033387735985703),
 .UNSPECIFIED.);
#229=B_SPLINE_CURVE_WITH_KNOTS('',3,(#8432,#8433,#8434,#8435,#8436),
 .UNSPECIFIED.,.F.,.F.,(4,1,4),(0.,0.0158404951689142,0.033387735985703),
 .UNSPECIFIED.);
#230=B_SPLINE_CURVE_WITH_KNOTS('',3,(#8448,#8449,#8450,#8451,#8452),
 .UNSPECIFIED.,.F.,.F.,(4,1,4),(0.,0.0104676127239559,0.0208772760056896),
 .UNSPECIFIED.);
#231=B_SPLINE_CURVE_WITH_KNOTS('',3,(#8455,#8456,#8457,#8458,#8459),
 .UNSPECIFIED.,.F.,.F.,(4,1,4),(0.,0.0104676127239559,0.0208772760056896),
 .UNSPECIFIED.);
#232=B_SPLINE_CURVE_WITH_KNOTS('',3,(#8471,#8472,#8473,#8474,#8475),
 .UNSPECIFIED.,.F.,.F.,(4,1,4),(0.,0.0189468811290986,0.0322263027080741),
 .UNSPECIFIED.);
#233=B_SPLINE_CURVE_WITH_KNOTS('',3,(#8478,#8479,#8480,#8481,#8482),
 .UNSPECIFIED.,.F.,.F.,(4,1,4),(0.,0.0189468811290986,0.0322263027080741),
 .UNSPECIFIED.);
#234=B_SPLINE_CURVE_WITH_KNOTS('',3,(#8542,#8543,#8544,#8545,#8546),
 .UNSPECIFIED.,.F.,.F.,(4,1,4),(0.,0.0197810606429358,0.0390607695191921),
 .UNSPECIFIED.);
#235=B_SPLINE_CURVE_WITH_KNOTS('',3,(#8550,#8551,#8552,#8553,#8554),
 .UNSPECIFIED.,.F.,.F.,(4,1,4),(0.,0.0197810606429358,0.0390607695191921),
 .UNSPECIFIED.);
#236=B_SPLINE_CURVE_WITH_KNOTS('',3,(#8567,#8568,#8569,#8570,#8571),
 .UNSPECIFIED.,.F.,.F.,(4,1,4),(0.,0.0214596049633656,0.0431071549768511),
 .UNSPECIFIED.);
#237=B_SPLINE_CURVE_WITH_KNOTS('',3,(#8574,#8575,#8576,#8577,#8578),
 .UNSPECIFIED.,.F.,.F.,(4,1,4),(0.,0.0214596049633656,0.0431071549768511),
 .UNSPECIFIED.);
#238=B_SPLINE_CURVE_WITH_KNOTS('',3,(#8590,#8591,#8592,#8593,#8594),
 .UNSPECIFIED.,.F.,.F.,(4,1,4),(0.,0.0203759479975537,0.0365891298024504),
 .UNSPECIFIED.);
#239=B_SPLINE_CURVE_WITH_KNOTS('',3,(#8597,#8598,#8599,#8600,#8601),
 .UNSPECIFIED.,.F.,.F.,(4,1,4),(0.,0.0203759479975537,0.0365891298024504),
 .UNSPECIFIED.);
#240=B_SPLINE_CURVE_WITH_KNOTS('',3,(#8618,#8619,#8620,#8621,#8622),
 .UNSPECIFIED.,.F.,.F.,(4,1,4),(0.,0.0199716736595684,0.0418117680604432),
 .UNSPECIFIED.);
#241=B_SPLINE_CURVE_WITH_KNOTS('',3,(#8623,#8624,#8625,#8626,#8627),
 .UNSPECIFIED.,.F.,.F.,(4,1,4),(0.,0.0199716736595684,0.0418117680604432),
 .UNSPECIFIED.);
#242=B_SPLINE_CURVE_WITH_KNOTS('',3,(#8640,#8641,#8642,#8643,#8644),
 .UNSPECIFIED.,.F.,.F.,(4,1,4),(0.,0.0158025581347408,0.030559834492979),
 .UNSPECIFIED.);
#243=B_SPLINE_CURVE_WITH_KNOTS('',3,(#8648,#8649,#8650,#8651,#8652),
 .UNSPECIFIED.,.F.,.F.,(4,1,4),(0.,0.0158025581347408,0.030559834492979),
 .UNSPECIFIED.);
#244=B_SPLINE_CURVE_WITH_KNOTS('',3,(#8665,#8666,#8667,#8668,#8669),
 .UNSPECIFIED.,.F.,.F.,(4,1,4),(0.,0.0207917061960898,0.0419710196995074),
 .UNSPECIFIED.);
#245=B_SPLINE_CURVE_WITH_KNOTS('',3,(#8672,#8673,#8674,#8675,#8676),
 .UNSPECIFIED.,.F.,.F.,(4,1,4),(0.,0.0207917061960898,0.0419710196995074),
 .UNSPECIFIED.);
#246=B_SPLINE_CURVE_WITH_KNOTS('',3,(#8688,#8689,#8690,#8691,#8692),
 .UNSPECIFIED.,.F.,.F.,(4,1,4),(0.,0.0268312217840694,0.0495048124043479),
 .UNSPECIFIED.);
#247=B_SPLINE_CURVE_WITH_KNOTS('',3,(#8695,#8696,#8697,#8698,#8699),
 .UNSPECIFIED.,.F.,.F.,(4,1,4),(0.,0.0268312217840694,0.0495048124043479),
 .UNSPECIFIED.);
#248=B_SPLINE_CURVE_WITH_KNOTS('',3,(#8717,#8718,#8719,#8720,#8721),
 .UNSPECIFIED.,.F.,.F.,(4,1,4),(0.,0.00341090362880363,0.0081875148810461),
 .UNSPECIFIED.);
#249=B_SPLINE_CURVE_WITH_KNOTS('',3,(#8724,#8725,#8726,#8727,#8728),
 .UNSPECIFIED.,.F.,.F.,(4,1,4),(0.,0.00341090362880363,0.0081875148810461),
 .UNSPECIFIED.);
#250=B_SPLINE_CURVE_WITH_KNOTS('',3,(#8740,#8741,#8742,#8743,#8744),
 .UNSPECIFIED.,.F.,.F.,(4,1,4),(0.,0.034404323895777,0.0746373407356926),
 .UNSPECIFIED.);
#251=B_SPLINE_CURVE_WITH_KNOTS('',3,(#8747,#8748,#8749,#8750,#8751),
 .UNSPECIFIED.,.F.,.F.,(4,1,4),(0.,0.034404323895777,0.0746373407356926),
 .UNSPECIFIED.);
#252=B_SPLINE_CURVE_WITH_KNOTS('',3,(#8763,#8764,#8765,#8766,#8767),
 .UNSPECIFIED.,.F.,.F.,(4,1,4),(0.,0.0335720751021105,0.0657916842279962),
 .UNSPECIFIED.);
#253=B_SPLINE_CURVE_WITH_KNOTS('',3,(#8770,#8771,#8772,#8773,#8774),
 .UNSPECIFIED.,.F.,.F.,(4,1,4),(0.,0.0335720751021105,0.0657916842279962),
 .UNSPECIFIED.);
#254=B_SPLINE_CURVE_WITH_KNOTS('',3,(#8786,#8787,#8788,#8789,#8790),
 .UNSPECIFIED.,.F.,.F.,(4,1,4),(0.,0.0329984410209293,0.0675996840172931),
 .UNSPECIFIED.);
#255=B_SPLINE_CURVE_WITH_KNOTS('',3,(#8793,#8794,#8795,#8796,#8797),
 .UNSPECIFIED.,.F.,.F.,(4,1,4),(0.,0.0329984410209293,0.0675996840172931),
 .UNSPECIFIED.);
#256=B_SPLINE_CURVE_WITH_KNOTS('',3,(#8809,#8810,#8811,#8812,#8813),
 .UNSPECIFIED.,.F.,.F.,(4,1,4),(0.,0.0410108439737324,0.0761239627981567),
 .UNSPECIFIED.);
#257=B_SPLINE_CURVE_WITH_KNOTS('',3,(#8816,#8817,#8818,#8819,#8820),
 .UNSPECIFIED.,.F.,.F.,(4,1,4),(0.,0.0410108439737324,0.0761239627981567),
 .UNSPECIFIED.);
#258=B_SPLINE_CURVE_WITH_KNOTS('',3,(#8832,#8833,#8834,#8835,#8836),
 .UNSPECIFIED.,.F.,.F.,(4,1,4),(0.,0.0341889452389286,0.073861755316765),
 .UNSPECIFIED.);
#259=B_SPLINE_CURVE_WITH_KNOTS('',3,(#8839,#8840,#8841,#8842,#8843),
 .UNSPECIFIED.,.F.,.F.,(4,1,4),(0.,0.0341889452389286,0.073861755316765),
 .UNSPECIFIED.);
#260=B_SPLINE_CURVE_WITH_KNOTS('',3,(#8855,#8856,#8857,#8858,#8859),
 .UNSPECIFIED.,.F.,.F.,(4,1,4),(0.,0.0361414776468984,0.0691135183125621),
 .UNSPECIFIED.);
#261=B_SPLINE_CURVE_WITH_KNOTS('',3,(#8862,#8863,#8864,#8865,#8866),
 .UNSPECIFIED.,.F.,.F.,(4,1,4),(0.,0.0361414776468984,0.0691135183125621),
 .UNSPECIFIED.);
#262=B_SPLINE_CURVE_WITH_KNOTS('',3,(#8878,#8879,#8880,#8881,#8882),
 .UNSPECIFIED.,.F.,.F.,(4,1,4),(0.,0.025815438443909,0.0548051702762258),
 .UNSPECIFIED.);
#263=B_SPLINE_CURVE_WITH_KNOTS('',3,(#8885,#8886,#8887,#8888,#8889),
 .UNSPECIFIED.,.F.,.F.,(4,1,4),(0.,0.025815438443909,0.0548051702762258),
 .UNSPECIFIED.);
#264=B_SPLINE_CURVE_WITH_KNOTS('',3,(#8901,#8902,#8903,#8904,#8905),
 .UNSPECIFIED.,.F.,.F.,(4,1,4),(0.,0.0269041929340876,0.0520645114240808),
 .UNSPECIFIED.);
#265=B_SPLINE_CURVE_WITH_KNOTS('',3,(#8908,#8909,#8910,#8911,#8912),
 .UNSPECIFIED.,.F.,.F.,(4,1,4),(0.,0.0269041929340876,0.0520645114240808),
 .UNSPECIFIED.);
#266=B_SPLINE_CURVE_WITH_KNOTS('',3,(#8929,#8930,#8931,#8932,#8933),
 .UNSPECIFIED.,.F.,.F.,(4,1,4),(0.,0.0157165480101727,0.034420997312313),
 .UNSPECIFIED.);
#267=B_SPLINE_CURVE_WITH_KNOTS('',3,(#8934,#8935,#8936,#8937,#8938),
 .UNSPECIFIED.,.F.,.F.,(4,1,4),(0.,0.0157165480101727,0.034420997312313),
 .UNSPECIFIED.);
#268=B_SPLINE_CURVE_WITH_KNOTS('',3,(#8972,#8973,#8974,#8975,#8976),
 .UNSPECIFIED.,.F.,.F.,(4,1,4),(0.,0.0165185452104356,0.0362982928060456),
 .UNSPECIFIED.);
#269=B_SPLINE_CURVE_WITH_KNOTS('',3,(#8979,#8980,#8981,#8982,#8983),
 .UNSPECIFIED.,.F.,.F.,(4,1,4),(0.,0.0165185452104356,0.0362982928060456),
 .UNSPECIFIED.);
#270=B_SPLINE_CURVE_WITH_KNOTS('',3,(#8995,#8996,#8997,#8998,#8999),
 .UNSPECIFIED.,.F.,.F.,(4,1,4),(0.,0.0189015836829774,0.0382982258207856),
 .UNSPECIFIED.);
#271=B_SPLINE_CURVE_WITH_KNOTS('',3,(#9002,#9003,#9004,#9005,#9006),
 .UNSPECIFIED.,.F.,.F.,(4,1,4),(0.,0.0189015836829774,0.0382982258207856),
 .UNSPECIFIED.);
#272=B_SPLINE_CURVE_WITH_KNOTS('',3,(#9041,#9042,#9043,#9044,#9045),
 .UNSPECIFIED.,.F.,.F.,(4,1,4),(0.,0.0133987696213127,0.0312622022775791),
 .UNSPECIFIED.);
#273=B_SPLINE_CURVE_WITH_KNOTS('',3,(#9049,#9050,#9051,#9052,#9053),
 .UNSPECIFIED.,.F.,.F.,(4,1,4),(0.,0.0133987696213127,0.0312622022775791),
 .UNSPECIFIED.);
#274=B_SPLINE_CURVE_WITH_KNOTS('',3,(#9066,#9067,#9068,#9069,#9070),
 .UNSPECIFIED.,.F.,.F.,(4,1,4),(0.,0.0150972298222642,0.0297316869676885),
 .UNSPECIFIED.);
#275=B_SPLINE_CURVE_WITH_KNOTS('',3,(#9073,#9074,#9075,#9076,#9077),
 .UNSPECIFIED.,.F.,.F.,(4,1,4),(0.,0.0150972298222642,0.0297316869676885),
 .UNSPECIFIED.);
#276=B_SPLINE_CURVE_WITH_KNOTS('',3,(#9089,#9090,#9091,#9092,#9093),
 .UNSPECIFIED.,.F.,.F.,(4,1,4),(0.,0.0168666939236772,0.0327638016703869),
 .UNSPECIFIED.);
#277=B_SPLINE_CURVE_WITH_KNOTS('',3,(#9096,#9097,#9098,#9099,#9100),
 .UNSPECIFIED.,.F.,.F.,(4,1,4),(0.,0.0168666939236772,0.0327638016703869),
 .UNSPECIFIED.);
#278=B_SPLINE_CURVE_WITH_KNOTS('',3,(#9112,#9113,#9114,#9115,#9116),
 .UNSPECIFIED.,.F.,.F.,(4,1,4),(0.,0.0129893438167441,0.0288745866715846),
 .UNSPECIFIED.);
#279=B_SPLINE_CURVE_WITH_KNOTS('',3,(#9119,#9120,#9121,#9122,#9123),
 .UNSPECIFIED.,.F.,.F.,(4,1,4),(0.,0.0129893438167441,0.0288745866715846),
 .UNSPECIFIED.);
#280=B_SPLINE_CURVE_WITH_KNOTS('',3,(#9135,#9136,#9137,#9138,#9139),
 .UNSPECIFIED.,.F.,.F.,(4,1,4),(0.,0.0114924166103171,0.0230418179238824),
 .UNSPECIFIED.);
#281=B_SPLINE_CURVE_WITH_KNOTS('',3,(#9142,#9143,#9144,#9145,#9146),
 .UNSPECIFIED.,.F.,.F.,(4,1,4),(0.,0.0114924166103171,0.0230418179238824),
 .UNSPECIFIED.);
#282=B_SPLINE_CURVE_WITH_KNOTS('',3,(#9158,#9159,#9160,#9161,#9162),
 .UNSPECIFIED.,.F.,.F.,(4,1,4),(0.,0.00763016636193939,0.0153566712288492),
 .UNSPECIFIED.);
#283=B_SPLINE_CURVE_WITH_KNOTS('',3,(#9165,#9166,#9167,#9168,#9169),
 .UNSPECIFIED.,.F.,.F.,(4,1,4),(0.,0.00763016636193939,0.0153566712288492),
 .UNSPECIFIED.);
#284=B_SPLINE_CURVE_WITH_KNOTS('',3,(#9181,#9182,#9183,#9184,#9185),
 .UNSPECIFIED.,.F.,.F.,(4,1,4),(0.,0.00811946919799954,0.0158642853487645),
 .UNSPECIFIED.);
#285=B_SPLINE_CURVE_WITH_KNOTS('',3,(#9188,#9189,#9190,#9191,#9192),
 .UNSPECIFIED.,.F.,.F.,(4,1,4),(0.,0.00811946919799954,0.0158642853487645),
 .UNSPECIFIED.);
#286=B_SPLINE_CURVE_WITH_KNOTS('',3,(#9204,#9205,#9206,#9207,#9208),
 .UNSPECIFIED.,.F.,.F.,(4,1,4),(0.,0.0164159066158938,0.027514988924775),
 .UNSPECIFIED.);
#287=B_SPLINE_CURVE_WITH_KNOTS('',3,(#9211,#9212,#9213,#9214,#9215),
 .UNSPECIFIED.,.F.,.F.,(4,1,4),(0.,0.0164159066158938,0.027514988924775),
 .UNSPECIFIED.);
#288=B_SPLINE_CURVE_WITH_KNOTS('',3,(#9227,#9228,#9229,#9230,#9231),
 .UNSPECIFIED.,.F.,.F.,(4,1,4),(0.,0.0218222780098811,0.05154246521157),
 .UNSPECIFIED.);
#289=B_SPLINE_CURVE_WITH_KNOTS('',3,(#9234,#9235,#9236,#9237,#9238),
 .UNSPECIFIED.,.F.,.F.,(4,1,4),(0.,0.0218222780098811,0.05154246521157),
 .UNSPECIFIED.);
#290=B_SPLINE_CURVE_WITH_KNOTS('',3,(#9262,#9263,#9264,#9265,#9266),
 .UNSPECIFIED.,.F.,.F.,(4,1,4),(0.,0.0114834404061347,0.0231693007106055),
 .UNSPECIFIED.);
#291=B_SPLINE_CURVE_WITH_KNOTS('',3,(#9269,#9270,#9271,#9272,#9273),
 .UNSPECIFIED.,.F.,.F.,(4,1,4),(0.,0.0114834404061347,0.0231693007106055),
 .UNSPECIFIED.);
#292=B_SPLINE_CURVE_WITH_KNOTS('',3,(#9285,#9286,#9287,#9288,#9289),
 .UNSPECIFIED.,.F.,.F.,(4,1,4),(0.,0.0349411941151455,0.0542035972724828),
 .UNSPECIFIED.);
#293=B_SPLINE_CURVE_WITH_KNOTS('',3,(#9292,#9293,#9294,#9295,#9296),
 .UNSPECIFIED.,.F.,.F.,(4,1,4),(0.,0.0349411941151455,0.0542035972724828),
 .UNSPECIFIED.);
#294=B_SPLINE_CURVE_WITH_KNOTS('',3,(#9314,#9315,#9316,#9317,#9318),
 .UNSPECIFIED.,.F.,.F.,(4,1,4),(0.,0.011059388750419,0.0283726363308365),
 .UNSPECIFIED.);
#295=B_SPLINE_CURVE_WITH_KNOTS('',3,(#9321,#9322,#9323,#9324,#9325),
 .UNSPECIFIED.,.F.,.F.,(4,1,4),(0.,0.011059388750419,0.0283726363308365),
 .UNSPECIFIED.);
#296=B_SPLINE_CURVE_WITH_KNOTS('',3,(#9337,#9338,#9339,#9340,#9341),
 .UNSPECIFIED.,.F.,.F.,(4,1,4),(0.,0.0110085920304809,0.0231357349446017),
 .UNSPECIFIED.);
#297=B_SPLINE_CURVE_WITH_KNOTS('',3,(#9344,#9345,#9346,#9347,#9348),
 .UNSPECIFIED.,.F.,.F.,(4,1,4),(0.,0.0110085920304809,0.0231357349446017),
 .UNSPECIFIED.);
#298=B_SPLINE_CURVE_WITH_KNOTS('',3,(#9360,#9361,#9362,#9363,#9364),
 .UNSPECIFIED.,.F.,.F.,(4,1,4),(0.,0.0140045074084541,0.0255651303036289),
 .UNSPECIFIED.);
#299=B_SPLINE_CURVE_WITH_KNOTS('',3,(#9367,#9368,#9369,#9370,#9371),
 .UNSPECIFIED.,.F.,.F.,(4,1,4),(0.,0.0140045074084541,0.0255651303036289),
 .UNSPECIFIED.);
#300=B_SPLINE_CURVE_WITH_KNOTS('',3,(#9383,#9384,#9385,#9386,#9387),
 .UNSPECIFIED.,.F.,.F.,(4,1,4),(0.,0.0210623166967331,0.0382269167214285),
 .UNSPECIFIED.);
#301=B_SPLINE_CURVE_WITH_KNOTS('',3,(#9390,#9391,#9392,#9393,#9394),
 .UNSPECIFIED.,.F.,.F.,(4,1,4),(0.,0.0210623166967331,0.0382269167214285),
 .UNSPECIFIED.);
#302=B_SPLINE_CURVE_WITH_KNOTS('',3,(#9406,#9407,#9408,#9409,#9410),
 .UNSPECIFIED.,.F.,.F.,(4,1,4),(0.,0.019733954603178,0.041748051725927),
 .UNSPECIFIED.);
#303=B_SPLINE_CURVE_WITH_KNOTS('',3,(#9413,#9414,#9415,#9416,#9417),
 .UNSPECIFIED.,.F.,.F.,(4,1,4),(0.,0.019733954603178,0.041748051725927),
 .UNSPECIFIED.);
#304=B_SPLINE_CURVE_WITH_KNOTS('',3,(#9429,#9430,#9431,#9432,#9433),
 .UNSPECIFIED.,.F.,.F.,(4,1,4),(0.,0.0155407201734426,0.0330053168416301),
 .UNSPECIFIED.);
#305=B_SPLINE_CURVE_WITH_KNOTS('',3,(#9436,#9437,#9438,#9439,#9440),
 .UNSPECIFIED.,.F.,.F.,(4,1,4),(0.,0.0155407201734426,0.0330053168416301),
 .UNSPECIFIED.);
#306=B_SPLINE_CURVE_WITH_KNOTS('',3,(#9452,#9453,#9454,#9455,#9456),
 .UNSPECIFIED.,.F.,.F.,(4,1,4),(0.,0.0182378240371619,0.0341373360555504),
 .UNSPECIFIED.);
#307=B_SPLINE_CURVE_WITH_KNOTS('',3,(#9459,#9460,#9461,#9462,#9463),
 .UNSPECIFIED.,.F.,.F.,(4,1,4),(0.,0.0182378240371619,0.0341373360555504),
 .UNSPECIFIED.);
#308=B_SPLINE_CURVE_WITH_KNOTS('',3,(#9481,#9482,#9483,#9484,#9485),
 .UNSPECIFIED.,.F.,.F.,(4,1,4),(0.,0.0138194402340926,0.0313368053522066),
 .UNSPECIFIED.);
#309=B_SPLINE_CURVE_WITH_KNOTS('',3,(#9488,#9489,#9490,#9491,#9492),
 .UNSPECIFIED.,.F.,.F.,(4,1,4),(0.,0.0138194402340926,0.0313368053522066),
 .UNSPECIFIED.);
#310=B_SPLINE_CURVE_WITH_KNOTS('',3,(#9504,#9505,#9506,#9507,#9508),
 .UNSPECIFIED.,.F.,.F.,(4,1,4),(0.,0.0189178601363777,0.0332488180523259),
 .UNSPECIFIED.);
#311=B_SPLINE_CURVE_WITH_KNOTS('',3,(#9511,#9512,#9513,#9514,#9515),
 .UNSPECIFIED.,.F.,.F.,(4,1,4),(0.,0.0189178601363777,0.0332488180523259),
 .UNSPECIFIED.);
#312=B_SPLINE_CURVE_WITH_KNOTS('',3,(#9527,#9528,#9529,#9530,#9531),
 .UNSPECIFIED.,.F.,.F.,(4,1,4),(0.,0.0165741971473193,0.0370757515114182),
 .UNSPECIFIED.);
#313=B_SPLINE_CURVE_WITH_KNOTS('',3,(#9534,#9535,#9536,#9537,#9538),
 .UNSPECIFIED.,.F.,.F.,(4,1,4),(0.,0.0165741971473193,0.0370757515114182),
 .UNSPECIFIED.);
#314=B_SPLINE_CURVE_WITH_KNOTS('',3,(#9550,#9551,#9552,#9553,#9554),
 .UNSPECIFIED.,.F.,.F.,(4,1,4),(0.,0.0161345410246706,0.0284490825841598),
 .UNSPECIFIED.);
#315=B_SPLINE_CURVE_WITH_KNOTS('',3,(#9557,#9558,#9559,#9560,#9561),
 .UNSPECIFIED.,.F.,.F.,(4,1,4),(0.,0.0161345410246706,0.0284490825841598),
 .UNSPECIFIED.);
#316=B_SPLINE_CURVE_WITH_KNOTS('',3,(#9573,#9574,#9575,#9576,#9577),
 .UNSPECIFIED.,.F.,.F.,(4,1,4),(0.,0.00516017462321758,0.00801691101784795),
 .UNSPECIFIED.);
#317=B_SPLINE_CURVE_WITH_KNOTS('',3,(#9580,#9581,#9582,#9583,#9584),
 .UNSPECIFIED.,.F.,.F.,(4,1,4),(0.,0.00516017462321758,0.00801691101784795),
 .UNSPECIFIED.);
#318=B_SPLINE_CURVE_WITH_KNOTS('',3,(#9596,#9597,#9598,#9599,#9600),
 .UNSPECIFIED.,.F.,.F.,(4,1,4),(0.,0.0326371080577556,0.0558196189443998),
 .UNSPECIFIED.);
#319=B_SPLINE_CURVE_WITH_KNOTS('',3,(#9603,#9604,#9605,#9606,#9607),
 .UNSPECIFIED.,.F.,.F.,(4,1,4),(0.,0.0326371080577556,0.0558196189443998),
 .UNSPECIFIED.);
#320=B_SPLINE_CURVE_WITH_KNOTS('',3,(#9619,#9620,#9621,#9622,#9623),
 .UNSPECIFIED.,.F.,.F.,(4,1,4),(0.,0.0115802289504242,0.0276842843963426),
 .UNSPECIFIED.);
#321=B_SPLINE_CURVE_WITH_KNOTS('',3,(#9626,#9627,#9628,#9629,#9630),
 .UNSPECIFIED.,.F.,.F.,(4,1,4),(0.,0.0115802289504242,0.0276842843963426),
 .UNSPECIFIED.);
#322=B_SPLINE_CURVE_WITH_KNOTS('',3,(#9642,#9643,#9644,#9645,#9646),
 .UNSPECIFIED.,.F.,.F.,(4,1,4),(0.,0.0119486055369803,0.0243491141236174),
 .UNSPECIFIED.);
#323=B_SPLINE_CURVE_WITH_KNOTS('',3,(#9649,#9650,#9651,#9652,#9653),
 .UNSPECIFIED.,.F.,.F.,(4,1,4),(0.,0.0119486055369803,0.0243491141236174),
 .UNSPECIFIED.);
#324=B_SPLINE_CURVE_WITH_KNOTS('',3,(#9665,#9666,#9667,#9668,#9669),
 .UNSPECIFIED.,.F.,.F.,(4,1,4),(0.,0.0121300165499044,0.0238990414675605),
 .UNSPECIFIED.);
#325=B_SPLINE_CURVE_WITH_KNOTS('',3,(#9672,#9673,#9674,#9675,#9676),
 .UNSPECIFIED.,.F.,.F.,(4,1,4),(0.,0.0121300165499044,0.0238990414675605),
 .UNSPECIFIED.);
#326=B_SPLINE_CURVE_WITH_KNOTS('',3,(#9688,#9689,#9690,#9691,#9692),
 .UNSPECIFIED.,.F.,.F.,(4,1,4),(0.,0.0128156314876559,0.0252491684507495),
 .UNSPECIFIED.);
#327=B_SPLINE_CURVE_WITH_KNOTS('',3,(#9695,#9696,#9697,#9698,#9699),
 .UNSPECIFIED.,.F.,.F.,(4,1,4),(0.,0.0128156314876559,0.0252491684507495),
 .UNSPECIFIED.);
#328=B_SPLINE_CURVE_WITH_KNOTS('',3,(#9711,#9712,#9713,#9714,#9715),
 .UNSPECIFIED.,.F.,.F.,(4,1,4),(0.,0.0205008682633277,0.0415417228192521),
 .UNSPECIFIED.);
#329=B_SPLINE_CURVE_WITH_KNOTS('',3,(#9718,#9719,#9720,#9721,#9722),
 .UNSPECIFIED.,.F.,.F.,(4,1,4),(0.,0.0205008682633277,0.0415417228192521),
 .UNSPECIFIED.);
#330=B_SPLINE_CURVE_WITH_KNOTS('',3,(#9734,#9735,#9736,#9737,#9738),
 .UNSPECIFIED.,.F.,.F.,(4,1,4),(0.,0.02664042039083,0.0489827709127364),
 .UNSPECIFIED.);
#331=B_SPLINE_CURVE_WITH_KNOTS('',3,(#9741,#9742,#9743,#9744,#9745),
 .UNSPECIFIED.,.F.,.F.,(4,1,4),(0.,0.02664042039083,0.0489827709127364),
 .UNSPECIFIED.);
#332=B_SPLINE_CURVE_WITH_KNOTS('',3,(#9757,#9758,#9759,#9760,#9761),
 .UNSPECIFIED.,.F.,.F.,(4,1,4),(0.,0.0169515097024435,0.0345158530069777),
 .UNSPECIFIED.);
#333=B_SPLINE_CURVE_WITH_KNOTS('',3,(#9764,#9765,#9766,#9767,#9768),
 .UNSPECIFIED.,.F.,.F.,(4,1,4),(0.,0.0169515097024435,0.0345158530069777),
 .UNSPECIFIED.);
#334=B_SPLINE_CURVE_WITH_KNOTS('',3,(#9780,#9781,#9782,#9783,#9784),
 .UNSPECIFIED.,.F.,.F.,(4,1,4),(0.,0.0208054348836717,0.0388229331339548),
 .UNSPECIFIED.);
#335=B_SPLINE_CURVE_WITH_KNOTS('',3,(#9787,#9788,#9789,#9790,#9791),
 .UNSPECIFIED.,.F.,.F.,(4,1,4),(0.,0.0208054348836717,0.0388229331339548),
 .UNSPECIFIED.);
#336=B_SPLINE_CURVE_WITH_KNOTS('',3,(#9802,#9803,#9804,#9805,#9806),
 .UNSPECIFIED.,.F.,.F.,(4,1,4),(0.,0.0110774450407445,0.0232607236290799),
 .UNSPECIFIED.);
#337=B_SPLINE_CURVE_WITH_KNOTS('',3,(#9807,#9808,#9809,#9810,#9811),
 .UNSPECIFIED.,.F.,.F.,(4,1,4),(0.,0.0110774450407445,0.0232607236290799),
 .UNSPECIFIED.);
#338=B_SPLINE_SURFACE_WITH_KNOTS('',3,1,((#6091,#6092),(#6093,#6094),(#6095,
#6096),(#6097,#6098),(#6099,#6100)),.UNSPECIFIED.,.F.,.F.,.F.,(4,1,4),(2,
2),(0.,0.0313161529424597,0.0565425077855406),(0.,0.03),.UNSPECIFIED.);
#339=B_SPLINE_SURFACE_WITH_KNOTS('',3,1,((#6117,#6118),(#6119,#6120),(#6121,
#6122),(#6123,#6124),(#6125,#6126)),.UNSPECIFIED.,.F.,.F.,.F.,(4,1,4),(2,
2),(0.,0.0188317399922764,0.0391247198997661),(0.,0.03),.UNSPECIFIED.);
#340=B_SPLINE_SURFACE_WITH_KNOTS('',3,1,((#6140,#6141),(#6142,#6143),(#6144,
#6145),(#6146,#6147),(#6148,#6149)),.UNSPECIFIED.,.F.,.F.,.F.,(4,1,4),(2,
2),(0.,0.0162518699609348,0.0336349739659983),(0.,0.03),.UNSPECIFIED.);
#341=B_SPLINE_SURFACE_WITH_KNOTS('',3,1,((#6163,#6164),(#6165,#6166),(#6167,
#6168),(#6169,#6170),(#6171,#6172)),.UNSPECIFIED.,.F.,.F.,.F.,(4,1,4),(2,
2),(0.,0.0150674043626898,0.0305988474341843),(0.,0.03),.UNSPECIFIED.);
#342=B_SPLINE_SURFACE_WITH_KNOTS('',3,1,((#6186,#6187),(#6188,#6189),(#6190,
#6191),(#6192,#6193),(#6194,#6195)),.UNSPECIFIED.,.F.,.F.,.F.,(4,1,4),(2,
2),(0.,0.0130658365328343,0.0275919355068617),(0.,0.03),.UNSPECIFIED.);
#343=B_SPLINE_SURFACE_WITH_KNOTS('',3,1,((#6209,#6210),(#6211,#6212),(#6213,
#6214),(#6215,#6216),(#6217,#6218)),.UNSPECIFIED.,.F.,.F.,.F.,(4,1,4),(2,
2),(0.,0.0133510209699461,0.0261098263336658),(0.,0.03),.UNSPECIFIED.);
#344=B_SPLINE_SURFACE_WITH_KNOTS('',3,1,((#6232,#6233),(#6234,#6235),(#6236,
#6237),(#6238,#6239),(#6240,#6241)),.UNSPECIFIED.,.F.,.F.,.F.,(4,1,4),(2,
2),(0.,0.0287563398610945,0.0476480638513812),(0.,0.03),.UNSPECIFIED.);
#345=B_SPLINE_SURFACE_WITH_KNOTS('',3,1,((#6255,#6256),(#6257,#6258),(#6259,
#6260),(#6261,#6262),(#6263,#6264)),.UNSPECIFIED.,.F.,.F.,.F.,(4,1,4),(2,
2),(0.,0.00950677298558389,0.0282290849738607),(0.,0.03),.UNSPECIFIED.);
#346=B_SPLINE_SURFACE_WITH_KNOTS('',3,1,((#6278,#6279),(#6280,#6281),(#6282,
#6283),(#6284,#6285),(#6286,#6287)),.UNSPECIFIED.,.F.,.F.,.F.,(4,1,4),(2,
2),(0.,0.00660535890668379,0.0144624515461161),(0.,0.03),.UNSPECIFIED.);
#347=B_SPLINE_SURFACE_WITH_KNOTS('',3,1,((#6301,#6302),(#6303,#6304),(#6305,
#6306),(#6307,#6308),(#6309,#6310)),.UNSPECIFIED.,.F.,.F.,.F.,(4,1,4),(2,
2),(0.,0.00574724125180499,0.0115486196648652),(0.,0.03),.UNSPECIFIED.);
#348=B_SPLINE_SURFACE_WITH_KNOTS('',3,1,((#6324,#6325),(#6326,#6327),(#6328,
#6329),(#6330,#6331),(#6332,#6333)),.UNSPECIFIED.,.F.,.F.,.F.,(4,1,4),(2,
2),(0.,0.0101753587619844,0.0192437596659009),(0.,0.03),.UNSPECIFIED.);
#349=B_SPLINE_SURFACE_WITH_KNOTS('',3,1,((#6347,#6348),(#6349,#6350),(#6351,
#6352),(#6353,#6354),(#6355,#6356)),.UNSPECIFIED.,.F.,.F.,.F.,(4,1,4),(2,
2),(0.,0.0182031546628767,0.031358602536176),(0.,0.03),.UNSPECIFIED.);
#350=B_SPLINE_SURFACE_WITH_KNOTS('',3,1,((#6370,#6371),(#6372,#6373),(#6374,
#6375),(#6376,#6377),(#6378,#6379)),.UNSPECIFIED.,.F.,.F.,.F.,(4,1,4),(2,
2),(0.,0.0132128407702083,0.0292142347933366),(0.,0.03),.UNSPECIFIED.);
#351=B_SPLINE_SURFACE_WITH_KNOTS('',3,1,((#6393,#6394),(#6395,#6396),(#6397,
#6398),(#6399,#6400),(#6401,#6402)),.UNSPECIFIED.,.F.,.F.,.F.,(4,1,4),(2,
2),(0.,0.013071459657117,0.0253124452945356),(0.,0.03),.UNSPECIFIED.);
#352=B_SPLINE_SURFACE_WITH_KNOTS('',3,1,((#6422,#6423),(#6424,#6425),(#6426,
#6427),(#6428,#6429),(#6430,#6431)),.UNSPECIFIED.,.F.,.F.,.F.,(4,1,4),(2,
2),(0.,0.0138646139849876,0.0301817632289126),(0.,0.03),.UNSPECIFIED.);
#353=B_SPLINE_SURFACE_WITH_KNOTS('',3,1,((#6445,#6446),(#6447,#6448),(#6449,
#6450),(#6451,#6452),(#6453,#6454)),.UNSPECIFIED.,.F.,.F.,.F.,(4,1,4),(2,
2),(0.,0.0157593770125932,0.0293278329094043),(0.,0.03),.UNSPECIFIED.);
#354=B_SPLINE_SURFACE_WITH_KNOTS('',3,1,((#6468,#6469),(#6470,#6471),(#6472,
#6473),(#6474,#6475),(#6476,#6477)),.UNSPECIFIED.,.F.,.F.,.F.,(4,1,4),(2,
2),(0.,0.0200749478657769,0.0380889078267676),(0.,0.03),.UNSPECIFIED.);
#355=B_SPLINE_SURFACE_WITH_KNOTS('',3,1,((#6491,#6492),(#6493,#6494),(#6495,
#6496),(#6497,#6498),(#6499,#6500)),.UNSPECIFIED.,.F.,.F.,.F.,(4,1,4),(2,
2),(0.,0.0131030319633085,0.026840152141671),(0.,0.03),.UNSPECIFIED.);
#356=B_SPLINE_SURFACE_WITH_KNOTS('',3,1,((#6514,#6515),(#6516,#6517),(#6518,
#6519),(#6520,#6521),(#6522,#6523)),.UNSPECIFIED.,.F.,.F.,.F.,(4,1,4),(2,
2),(0.,0.00976959565173172,0.0215582721570803),(0.,0.03),.UNSPECIFIED.);
#357=B_SPLINE_SURFACE_WITH_KNOTS('',3,1,((#6537,#6538),(#6539,#6540),(#6541,
#6542),(#6543,#6544),(#6545,#6546)),.UNSPECIFIED.,.F.,.F.,.F.,(4,1,4),(2,
2),(0.,0.0114891543112712,0.0229906159986431),(0.,0.03),.UNSPECIFIED.);
#358=B_SPLINE_SURFACE_WITH_KNOTS('',3,1,((#6560,#6561),(#6562,#6563),(#6564,
#6565),(#6566,#6567),(#6568,#6569)),.UNSPECIFIED.,.F.,.F.,.F.,(4,1,4),(2,
2),(0.,0.0117421636598945,0.0232816695619314),(0.,0.03),.UNSPECIFIED.);
#359=B_SPLINE_SURFACE_WITH_KNOTS('',3,1,((#6583,#6584),(#6585,#6586),(#6587,
#6588),(#6589,#6590),(#6591,#6592)),.UNSPECIFIED.,.F.,.F.,.F.,(4,1,4),(2,
2),(0.,0.012629338559909,0.0254662258400512),(0.,0.03),.UNSPECIFIED.);
#360=B_SPLINE_SURFACE_WITH_KNOTS('',3,1,((#6606,#6607),(#6608,#6609),(#6610,
#6611),(#6612,#6613),(#6614,#6615)),.UNSPECIFIED.,.F.,.F.,.F.,(4,1,4),(2,
2),(0.,0.0136583247087637,0.0265138210539466),(0.,0.03),.UNSPECIFIED.);
#361=B_SPLINE_SURFACE_WITH_KNOTS('',3,1,((#6629,#6630),(#6631,#6632),(#6633,
#6634),(#6635,#6636),(#6637,#6638)),.UNSPECIFIED.,.F.,.F.,.F.,(4,1,4),(2,
2),(0.,0.0296706293602392,0.0491234545568376),(0.,0.03),.UNSPECIFIED.);
#362=B_SPLINE_SURFACE_WITH_KNOTS('',3,1,((#6652,#6653),(#6654,#6655),(#6656,
#6657),(#6658,#6659),(#6660,#6661)),.UNSPECIFIED.,.F.,.F.,.F.,(4,1,4),(2,
2),(0.,0.0119406744859982,0.0331163906456918),(0.,0.03),.UNSPECIFIED.);
#363=B_SPLINE_SURFACE_WITH_KNOTS('',3,1,((#6675,#6676),(#6677,#6678),(#6679,
#6680),(#6681,#6682),(#6683,#6684)),.UNSPECIFIED.,.F.,.F.,.F.,(4,1,4),(2,
2),(0.,0.00956473072188826,0.0193644909388354),(0.,0.03),.UNSPECIFIED.);
#364=B_SPLINE_SURFACE_WITH_KNOTS('',3,1,((#6698,#6699),(#6700,#6701),(#6702,
#6703),(#6704,#6705),(#6706,#6707)),.UNSPECIFIED.,.F.,.F.,.F.,(4,1,4),(2,
2),(0.,0.0121020796879201,0.0232496302032865),(0.,0.03),.UNSPECIFIED.);
#365=B_SPLINE_SURFACE_WITH_KNOTS('',3,1,((#6721,#6722),(#6723,#6724),(#6725,
#6726),(#6727,#6728),(#6729,#6730)),.UNSPECIFIED.,.F.,.F.,.F.,(4,1,4),(2,
2),(0.,0.0185428908645794,0.033023579560559),(0.,0.03),.UNSPECIFIED.);
#366=B_SPLINE_SURFACE_WITH_KNOTS('',3,1,((#6744,#6745),(#6746,#6747),(#6748,
#6749),(#6750,#6751),(#6752,#6753)),.UNSPECIFIED.,.F.,.F.,.F.,(4,1,4),(2,
2),(0.,0.0157887722738475,0.034598370684164),(0.,0.03),.UNSPECIFIED.);
#367=B_SPLINE_SURFACE_WITH_KNOTS('',3,1,((#6767,#6768),(#6769,#6770),(#6771,
#6772),(#6773,#6774),(#6775,#6776)),.UNSPECIFIED.,.F.,.F.,.F.,(4,1,4),(2,
2),(0.,0.016826100394868,0.0319535569843956),(0.,0.03),.UNSPECIFIED.);
#368=B_SPLINE_SURFACE_WITH_KNOTS('',3,1,((#6796,#6797),(#6798,#6799),(#6800,
#6801),(#6802,#6803),(#6804,#6805)),.UNSPECIFIED.,.F.,.F.,.F.,(4,1,4),(2,
2),(0.,0.0236875887713218,0.050347753696418),(0.,0.03),.UNSPECIFIED.);
#369=B_SPLINE_SURFACE_WITH_KNOTS('',3,1,((#6817,#6818),(#6819,#6820),(#6821,
#6822),(#6823,#6824),(#6825,#6826)),.UNSPECIFIED.,.F.,.F.,.F.,(4,1,4),(2,
2),(0.,0.0192609193638549,0.0399689481639094),(0.,0.03),.UNSPECIFIED.);
#370=B_SPLINE_SURFACE_WITH_KNOTS('',3,1,((#6843,#6844),(#6845,#6846),(#6847,
#6848),(#6849,#6850),(#6851,#6852)),.UNSPECIFIED.,.F.,.F.,.F.,(4,1,4),(2,
2),(0.,0.0200452179888945,0.0390024115017458),(0.,0.03),.UNSPECIFIED.);
#371=B_SPLINE_SURFACE_WITH_KNOTS('',3,1,((#6866,#6867),(#6868,#6869),(#6870,
#6871),(#6872,#6873),(#6874,#6875)),.UNSPECIFIED.,.F.,.F.,.F.,(4,1,4),(2,
2),(0.,0.0310236919479614,0.0550000359039411),(0.,0.03),.UNSPECIFIED.);
#372=B_SPLINE_SURFACE_WITH_KNOTS('',3,1,((#6889,#6890),(#6891,#6892),(#6893,
#6894),(#6895,#6896),(#6897,#6898)),.UNSPECIFIED.,.F.,.F.,.F.,(4,1,4),(2,
2),(0.,0.0243857275651388,0.0549399030145871),(0.,0.03),.UNSPECIFIED.);
#373=B_SPLINE_SURFACE_WITH_KNOTS('',3,1,((#6912,#6913),(#6914,#6915),(#6916,
#6917),(#6918,#6919),(#6920,#6921)),.UNSPECIFIED.,.F.,.F.,.F.,(4,1,4),(2,
2),(0.,0.0192608032631912,0.0399689243425393),(0.,0.03),.UNSPECIFIED.);
#374=B_SPLINE_SURFACE_WITH_KNOTS('',3,1,((#6935,#6936),(#6937,#6938),(#6939,
#6940),(#6941,#6942),(#6943,#6944)),.UNSPECIFIED.,.F.,.F.,.F.,(4,1,4),(2,
2),(0.,0.0246347268453534,0.0475822072089802),(0.,0.03),.UNSPECIFIED.);
#375=B_SPLINE_SURFACE_WITH_KNOTS('',3,1,((#6958,#6959),(#6960,#6961),(#6962,
#6963),(#6964,#6965),(#6966,#6967)),.UNSPECIFIED.,.F.,.F.,.F.,(4,1,4),(2,
2),(0.,0.0281400022258205,0.0482838927235838),(0.,0.03),.UNSPECIFIED.);
#376=B_SPLINE_SURFACE_WITH_KNOTS('',3,1,((#6981,#6982),(#6983,#6984),(#6985,
#6986),(#6987,#6988),(#6989,#6990)),.UNSPECIFIED.,.F.,.F.,.F.,(4,1,4),(2,
2),(0.,0.024043908717726,0.0534556114491192),(0.,0.03),.UNSPECIFIED.);
#377=B_SPLINE_SURFACE_WITH_KNOTS('',3,1,((#7001,#7002),(#7003,#7004),(#7005,
#7006),(#7007,#7008),(#7009,#7010)),.UNSPECIFIED.,.F.,.F.,.F.,(4,1,4),(2,
2),(0.,0.0293793964913329,0.0589447247051642),(0.,0.03),.UNSPECIFIED.);
#378=B_SPLINE_SURFACE_WITH_KNOTS('',3,1,((#7027,#7028),(#7029,#7030),(#7031,
#7032),(#7033,#7034),(#7035,#7036)),.UNSPECIFIED.,.F.,.F.,.F.,(4,1,4),(2,
2),(0.,0.0316934164482502,0.0622885737940571),(0.,0.03),.UNSPECIFIED.);
#379=B_SPLINE_SURFACE_WITH_KNOTS('',3,1,((#7050,#7051),(#7052,#7053),(#7054,
#7055),(#7056,#7057),(#7058,#7059)),.UNSPECIFIED.,.F.,.F.,.F.,(4,1,4),(2,
2),(0.,0.0416681499751251,0.0768868979654365),(0.,0.03),.UNSPECIFIED.);
#380=B_SPLINE_SURFACE_WITH_KNOTS('',3,1,((#7073,#7074),(#7075,#7076),(#7077,
#7078),(#7079,#7080),(#7081,#7082)),.UNSPECIFIED.,.F.,.F.,.F.,(4,1,4),(2,
2),(0.,0.018284550337275,0.0373477563405595),(0.,0.03),.UNSPECIFIED.);
#381=B_SPLINE_SURFACE_WITH_KNOTS('',3,1,((#7096,#7097),(#7098,#7099),(#7100,
#7101),(#7102,#7103),(#7104,#7105)),.UNSPECIFIED.,.F.,.F.,.F.,(4,1,4),(2,
2),(0.,0.0159598763266359,0.0331989511264384),(0.,0.03),.UNSPECIFIED.);
#382=B_SPLINE_SURFACE_WITH_KNOTS('',3,1,((#7119,#7120),(#7121,#7122),(#7123,
#7124),(#7125,#7126),(#7127,#7128)),.UNSPECIFIED.,.F.,.F.,.F.,(4,1,4),(2,
2),(0.,0.0158294323447883,0.031234413392936),(0.,0.03),.UNSPECIFIED.);
#383=B_SPLINE_SURFACE_WITH_KNOTS('',3,1,((#7142,#7143),(#7144,#7145),(#7146,
#7147),(#7148,#7149),(#7150,#7151)),.UNSPECIFIED.,.F.,.F.,.F.,(4,1,4),(2,
2),(0.,0.0163515054798385,0.0325297100887437),(0.,0.03),.UNSPECIFIED.);
#384=B_SPLINE_SURFACE_WITH_KNOTS('',3,1,((#7165,#7166),(#7167,#7168),(#7169,
#7170),(#7171,#7172),(#7173,#7174)),.UNSPECIFIED.,.F.,.F.,.F.,(4,1,4),(2,
2),(0.,0.02870701450337,0.056872968255563),(0.,0.03),.UNSPECIFIED.);
#385=B_SPLINE_SURFACE_WITH_KNOTS('',3,1,((#7310,#7311),(#7312,#7313),(#7314,
#7315),(#7316,#7317),(#7318,#7319)),.UNSPECIFIED.,.F.,.F.,.F.,(4,1,4),(2,
2),(0.,0.0154118794446387,0.0358930600117861),(0.,0.03),.UNSPECIFIED.);
#386=B_SPLINE_SURFACE_WITH_KNOTS('',3,1,((#7333,#7334),(#7335,#7336),(#7337,
#7338),(#7339,#7340),(#7341,#7342)),.UNSPECIFIED.,.F.,.F.,.F.,(4,1,4),(2,
2),(0.,0.0132932246833938,0.0261522734058877),(0.,0.03),.UNSPECIFIED.);
#387=B_SPLINE_SURFACE_WITH_KNOTS('',3,1,((#7356,#7357),(#7358,#7359),(#7360,
#7361),(#7362,#7363),(#7364,#7365)),.UNSPECIFIED.,.F.,.F.,.F.,(4,1,4),(2,
2),(0.,0.0135031394615571,0.0271148027413065),(0.,0.03),.UNSPECIFIED.);
#388=B_SPLINE_SURFACE_WITH_KNOTS('',3,1,((#7379,#7380),(#7381,#7382),(#7383,
#7384),(#7385,#7386),(#7387,#7388)),.UNSPECIFIED.,.F.,.F.,.F.,(4,1,4),(2,
2),(0.,0.0116971290360266,0.0245185321655372),(0.,0.03),.UNSPECIFIED.);
#389=B_SPLINE_SURFACE_WITH_KNOTS('',3,1,((#7402,#7403),(#7404,#7405),(#7406,
#7407),(#7408,#7409),(#7410,#7411)),.UNSPECIFIED.,.F.,.F.,.F.,(4,1,4),(2,
2),(0.,0.0117142385261147,0.023008404114861),(0.,0.03),.UNSPECIFIED.);
#390=B_SPLINE_SURFACE_WITH_KNOTS('',3,1,((#7425,#7426),(#7427,#7428),(#7429,
#7430),(#7431,#7432),(#7433,#7434)),.UNSPECIFIED.,.F.,.F.,.F.,(4,1,4),(2,
2),(0.,0.020128245411717,0.0324869060623704),(0.,0.03),.UNSPECIFIED.);
#391=B_SPLINE_SURFACE_WITH_KNOTS('',3,1,((#7466,#7467),(#7468,#7469),(#7470,
#7471),(#7472,#7473),(#7474,#7475)),.UNSPECIFIED.,.F.,.F.,.F.,(4,1,4),(2,
2),(0.,0.0117658561995246,0.028740288026646),(0.,0.03),.UNSPECIFIED.);
#392=B_SPLINE_SURFACE_WITH_KNOTS('',3,1,((#7489,#7490),(#7491,#7492),(#7493,
#7494),(#7495,#7496),(#7497,#7498)),.UNSPECIFIED.,.F.,.F.,.F.,(4,1,4),(2,
2),(0.,0.0118222672572825,0.0247975550041718),(0.,0.03),.UNSPECIFIED.);
#393=B_SPLINE_SURFACE_WITH_KNOTS('',3,1,((#7512,#7513),(#7514,#7515),(#7516,
#7517),(#7518,#7519),(#7520,#7521)),.UNSPECIFIED.,.F.,.F.,.F.,(4,1,4),(2,
2),(0.,0.0139496456066952,0.0259930749265501),(0.,0.03),.UNSPECIFIED.);
#394=B_SPLINE_SURFACE_WITH_KNOTS('',3,1,((#7535,#7536),(#7537,#7538),(#7539,
#7540),(#7541,#7542),(#7543,#7544)),.UNSPECIFIED.,.F.,.F.,.F.,(4,1,4),(2,
2),(0.,0.0155729036987666,0.0307208690022922),(0.,0.03),.UNSPECIFIED.);
#395=B_SPLINE_SURFACE_WITH_KNOTS('',3,1,((#7558,#7559),(#7560,#7561),(#7562,
#7563),(#7564,#7565),(#7566,#7567)),.UNSPECIFIED.,.F.,.F.,.F.,(4,1,4),(2,
2),(0.,0.0339415316531368,0.0673634571585969),(0.,0.03),.UNSPECIFIED.);
#396=B_SPLINE_SURFACE_WITH_KNOTS('',3,1,((#7616,#7617),(#7618,#7619),(#7620,
#7621),(#7622,#7623),(#7624,#7625)),.UNSPECIFIED.,.F.,.F.,.F.,(4,1,4),(2,
2),(0.,0.0192608032631912,0.0399688551330433),(0.,0.03),.UNSPECIFIED.);
#397=B_SPLINE_SURFACE_WITH_KNOTS('',3,1,((#7642,#7643),(#7644,#7645),(#7646,
#7647),(#7648,#7649),(#7650,#7651)),.UNSPECIFIED.,.F.,.F.,.F.,(4,1,4),(2,
2),(0.,0.020045171781291,0.0390024234027335),(0.,0.03),.UNSPECIFIED.);
#398=B_SPLINE_SURFACE_WITH_KNOTS('',3,1,((#7665,#7666),(#7667,#7668),(#7669,
#7670),(#7671,#7672),(#7673,#7674)),.UNSPECIFIED.,.F.,.F.,.F.,(4,1,4),(2,
2),(0.,0.0310236987053867,0.0550000426613665),(0.,0.03),.UNSPECIFIED.);
#399=B_SPLINE_SURFACE_WITH_KNOTS('',3,1,((#7688,#7689),(#7690,#7691),(#7692,
#7693),(#7694,#7695),(#7696,#7697)),.UNSPECIFIED.,.F.,.F.,.F.,(4,1,4),(2,
2),(0.,0.0243857006801808,0.0549398832820484),(0.,0.03),.UNSPECIFIED.);
#400=B_SPLINE_SURFACE_WITH_KNOTS('',3,1,((#7711,#7712),(#7713,#7714),(#7715,
#7716),(#7717,#7718),(#7719,#7720)),.UNSPECIFIED.,.F.,.F.,.F.,(4,1,4),(2,
2),(0.,0.0192608032631912,0.0399688782028581),(0.,0.03),.UNSPECIFIED.);
#401=B_SPLINE_SURFACE_WITH_KNOTS('',3,1,((#7734,#7735),(#7736,#7737),(#7738,
#7739),(#7740,#7741),(#7742,#7743)),.UNSPECIFIED.,.F.,.F.,.F.,(4,1,4),(2,
2),(0.,0.0246347062148783,0.0475822441613949),(0.,0.03),.UNSPECIFIED.);
#402=B_SPLINE_SURFACE_WITH_KNOTS('',3,1,((#7757,#7758),(#7759,#7760),(#7761,
#7762),(#7763,#7764),(#7765,#7766)),.UNSPECIFIED.,.F.,.F.,.F.,(4,1,4),(2,
2),(0.,0.0281399998779396,0.0482839100547899),(0.,0.03),.UNSPECIFIED.);
#403=B_SPLINE_SURFACE_WITH_KNOTS('',3,1,((#7780,#7781),(#7782,#7783),(#7784,
#7785),(#7786,#7787),(#7788,#7789)),.UNSPECIFIED.,.F.,.F.,.F.,(4,1,4),(2,
2),(0.,0.024043895084128,0.0534556052457701),(0.,0.03),.UNSPECIFIED.);
#404=B_SPLINE_SURFACE_WITH_KNOTS('',3,1,((#7800,#7801),(#7802,#7803),(#7804,
#7805),(#7806,#7807),(#7808,#7809)),.UNSPECIFIED.,.F.,.F.,.F.,(4,1,4),(2,
2),(0.,0.0293793964913329,0.0589447684533741),(0.,0.03),.UNSPECIFIED.);
#405=B_SPLINE_SURFACE_WITH_KNOTS('',3,1,((#7826,#7827),(#7828,#7829),(#7830,
#7831),(#7832,#7833),(#7834,#7835)),.UNSPECIFIED.,.F.,.F.,.F.,(4,1,4),(2,
2),(0.,0.0316934164482502,0.0622885154882839),(0.,0.03),.UNSPECIFIED.);
#406=B_SPLINE_SURFACE_WITH_KNOTS('',3,1,((#7849,#7850),(#7851,#7852),(#7853,
#7854),(#7855,#7856),(#7857,#7858)),.UNSPECIFIED.,.F.,.F.,.F.,(4,1,4),(2,
2),(0.,0.0416681582080746,0.0768868769765677),(0.,0.03),.UNSPECIFIED.);
#407=B_SPLINE_SURFACE_WITH_KNOTS('',3,1,((#7872,#7873),(#7874,#7875),(#7876,
#7877),(#7878,#7879),(#7880,#7881)),.UNSPECIFIED.,.F.,.F.,.F.,(4,1,4),(2,
2),(0.,0.018284550337275,0.0373477563405595),(0.,0.03),.UNSPECIFIED.);
#408=B_SPLINE_SURFACE_WITH_KNOTS('',3,1,((#7895,#7896),(#7897,#7898),(#7899,
#7900),(#7901,#7902),(#7903,#7904)),.UNSPECIFIED.,.F.,.F.,.F.,(4,1,4),(2,
2),(0.,0.0159599404917734,0.0331989928123313),(0.,0.03),.UNSPECIFIED.);
#409=B_SPLINE_SURFACE_WITH_KNOTS('',3,1,((#7918,#7919),(#7920,#7921),(#7922,
#7923),(#7924,#7925),(#7926,#7927)),.UNSPECIFIED.,.F.,.F.,.F.,(4,1,4),(2,
2),(0.,0.0158294835542077,0.0312344222087192),(0.,0.03),.UNSPECIFIED.);
#410=B_SPLINE_SURFACE_WITH_KNOTS('',3,1,((#7941,#7942),(#7943,#7944),(#7945,
#7946),(#7947,#7948),(#7949,#7950)),.UNSPECIFIED.,.F.,.F.,.F.,(4,1,4),(2,
2),(0.,0.0163514461921372,0.0325296508010423),(0.,0.03),.UNSPECIFIED.);
#411=B_SPLINE_SURFACE_WITH_KNOTS('',3,1,((#7964,#7965),(#7966,#7967),(#7968,
#7969),(#7970,#7971),(#7972,#7973)),.UNSPECIFIED.,.F.,.F.,.F.,(4,1,4),(2,
2),(0.,0.0287069915325885,0.0568730034764279),(0.,0.03),.UNSPECIFIED.);
#412=B_SPLINE_SURFACE_WITH_KNOTS('',3,1,((#8015,#8016),(#8017,#8018),(#8019,
#8020),(#8021,#8022),(#8023,#8024)),.UNSPECIFIED.,.F.,.F.,.F.,(4,1,4),(2,
2),(0.,0.0268289475235574,0.0664548585144481),(0.,0.03),.UNSPECIFIED.);
#413=B_SPLINE_SURFACE_WITH_KNOTS('',3,1,((#8041,#8042),(#8043,#8044),(#8045,
#8046),(#8047,#8048),(#8049,#8050)),.UNSPECIFIED.,.F.,.F.,.F.,(4,1,4),(2,
2),(0.,0.0315224369874872,0.0557089220172119),(0.,0.03),.UNSPECIFIED.);
#414=B_SPLINE_SURFACE_WITH_KNOTS('',3,1,((#8064,#8065),(#8066,#8067),(#8068,
#8069),(#8070,#8071),(#8072,#8073)),.UNSPECIFIED.,.F.,.F.,.F.,(4,1,4),(2,
2),(0.,0.0175495347173734,0.0373352688233435),(0.,0.03),.UNSPECIFIED.);
#415=B_SPLINE_SURFACE_WITH_KNOTS('',3,1,((#8087,#8088),(#8089,#8090),(#8091,
#8092),(#8093,#8094),(#8095,#8096)),.UNSPECIFIED.,.F.,.F.,.F.,(4,1,4),(2,
2),(0.,0.0159500690946612,0.0320961767288272),(0.,0.03),.UNSPECIFIED.);
#416=B_SPLINE_SURFACE_WITH_KNOTS('',3,1,((#8110,#8111),(#8112,#8113),(#8114,
#8115),(#8116,#8117),(#8118,#8119)),.UNSPECIFIED.,.F.,.F.,.F.,(4,1,4),(2,
2),(0.,0.0283274678681682,0.0485612455192578),(0.,0.03),.UNSPECIFIED.);
#417=B_SPLINE_SURFACE_WITH_KNOTS('',3,1,((#8151,#8152),(#8153,#8154),(#8155,
#8156),(#8157,#8158),(#8159,#8160)),.UNSPECIFIED.,.F.,.F.,.F.,(4,1,4),(2,
2),(0.,0.0280652232583301,0.0636799554940642),(0.,0.03),.UNSPECIFIED.);
#418=B_SPLINE_SURFACE_WITH_KNOTS('',3,1,((#8174,#8175),(#8176,#8177),(#8178,
#8179),(#8180,#8181),(#8182,#8183)),.UNSPECIFIED.,.F.,.F.,.F.,(4,1,4),(2,
2),(0.,0.0242055409780541,0.0481162134176617),(0.,0.03),.UNSPECIFIED.);
#419=B_SPLINE_SURFACE_WITH_KNOTS('',3,1,((#8197,#8198),(#8199,#8200),(#8201,
#8202),(#8203,#8204),(#8205,#8206)),.UNSPECIFIED.,.F.,.F.,.F.,(4,1,4),(2,
2),(0.,0.0320752779583176,0.0591789470720823),(0.,0.03),.UNSPECIFIED.);
#420=B_SPLINE_SURFACE_WITH_KNOTS('',3,1,((#8220,#8221),(#8222,#8223),(#8224,
#8225),(#8226,#8227),(#8228,#8229)),.UNSPECIFIED.,.F.,.F.,.F.,(4,1,4),(2,
2),(0.,0.0277603707220086,0.0606227610229172),(0.,0.03),.UNSPECIFIED.);
#421=B_SPLINE_SURFACE_WITH_KNOTS('',3,1,((#8243,#8244),(#8245,#8246),(#8247,
#8248),(#8249,#8250),(#8251,#8252)),.UNSPECIFIED.,.F.,.F.,.F.,(4,1,4),(2,
2),(0.,0.0233896811569758,0.048071670821585),(0.,0.03),.UNSPECIFIED.);
#422=B_SPLINE_SURFACE_WITH_KNOTS('',3,1,((#8266,#8267),(#8268,#8269),(#8270,
#8271),(#8272,#8273),(#8274,#8275)),.UNSPECIFIED.,.F.,.F.,.F.,(4,1,4),(2,
2),(0.,0.0338751286758764,0.0606973692145693),(0.,0.03),.UNSPECIFIED.);
#423=B_SPLINE_SURFACE_WITH_KNOTS('',3,1,((#8316,#8317),(#8318,#8319),(#8320,
#8321),(#8322,#8323),(#8324,#8325)),.UNSPECIFIED.,.F.,.F.,.F.,(4,1,4),(2,
2),(0.,0.0175627388173456,0.0362797450706248),(0.,0.03),.UNSPECIFIED.);
#424=B_SPLINE_SURFACE_WITH_KNOTS('',3,1,((#8339,#8340),(#8341,#8342),(#8343,
#8344),(#8345,#8346),(#8347,#8348)),.UNSPECIFIED.,.F.,.F.,.F.,(4,1,4),(2,
2),(0.,0.00996656774864549,0.0205691918387892),(0.,0.03),.UNSPECIFIED.);
#425=B_SPLINE_SURFACE_WITH_KNOTS('',3,1,((#8362,#8363),(#8364,#8365),(#8366,
#8367),(#8368,#8369),(#8370,#8371)),.UNSPECIFIED.,.F.,.F.,.F.,(4,1,4),(2,
2),(0.,0.00966898339563956,0.0193291417719098),(0.,0.03),.UNSPECIFIED.);
#426=B_SPLINE_SURFACE_WITH_KNOTS('',3,1,((#8385,#8386),(#8387,#8388),(#8389,
#8390),(#8391,#8392),(#8393,#8394)),.UNSPECIFIED.,.F.,.F.,.F.,(4,1,4),(2,
2),(0.,0.0123109039614415,0.0236881705749597),(0.,0.03),.UNSPECIFIED.);
#427=B_SPLINE_SURFACE_WITH_KNOTS('',3,1,((#8414,#8415),(#8416,#8417),(#8418,
#8419),(#8420,#8421),(#8422,#8423)),.UNSPECIFIED.,.F.,.F.,.F.,(4,1,4),(2,
2),(0.,0.0158404951689142,0.033387735985703),(0.,0.03),.UNSPECIFIED.);
#428=B_SPLINE_SURFACE_WITH_KNOTS('',3,1,((#8437,#8438),(#8439,#8440),(#8441,
#8442),(#8443,#8444),(#8445,#8446)),.UNSPECIFIED.,.F.,.F.,.F.,(4,1,4),(2,
2),(0.,0.0104676127239559,0.0208772760056896),(0.,0.03),.UNSPECIFIED.);
#429=B_SPLINE_SURFACE_WITH_KNOTS('',3,1,((#8460,#8461),(#8462,#8463),(#8464,
#8465),(#8466,#8467),(#8468,#8469)),.UNSPECIFIED.,.F.,.F.,.F.,(4,1,4),(2,
2),(0.,0.0189468811290986,0.0322263027080741),(0.,0.03),.UNSPECIFIED.);
#430=B_SPLINE_SURFACE_WITH_KNOTS('',3,1,((#8530,#8531),(#8532,#8533),(#8534,
#8535),(#8536,#8537),(#8538,#8539)),.UNSPECIFIED.,.F.,.F.,.F.,(4,1,4),(2,
2),(0.,0.0197810606429358,0.0390607695191921),(0.,0.03),.UNSPECIFIED.);
#431=B_SPLINE_SURFACE_WITH_KNOTS('',3,1,((#8556,#8557),(#8558,#8559),(#8560,
#8561),(#8562,#8563),(#8564,#8565)),.UNSPECIFIED.,.F.,.F.,.F.,(4,1,4),(2,
2),(0.,0.0214596049633656,0.0431071549768511),(0.,0.03),.UNSPECIFIED.);
#432=B_SPLINE_SURFACE_WITH_KNOTS('',3,1,((#8579,#8580),(#8581,#8582),(#8583,
#8584),(#8585,#8586),(#8587,#8588)),.UNSPECIFIED.,.F.,.F.,.F.,(4,1,4),(2,
2),(0.,0.0203759479975537,0.0365891298024504),(0.,0.03),.UNSPECIFIED.);
#433=B_SPLINE_SURFACE_WITH_KNOTS('',3,1,((#8608,#8609),(#8610,#8611),(#8612,
#8613),(#8614,#8615),(#8616,#8617)),.UNSPECIFIED.,.F.,.F.,.F.,(4,1,4),(2,
2),(0.,0.0199716736595684,0.0418117680604432),(0.,0.03),.UNSPECIFIED.);
#434=B_SPLINE_SURFACE_WITH_KNOTS('',3,1,((#8628,#8629),(#8630,#8631),(#8632,
#8633),(#8634,#8635),(#8636,#8637)),.UNSPECIFIED.,.F.,.F.,.F.,(4,1,4),(2,
2),(0.,0.0158025581347408,0.030559834492979),(0.,0.03),.UNSPECIFIED.);
#435=B_SPLINE_SURFACE_WITH_KNOTS('',3,1,((#8654,#8655),(#8656,#8657),(#8658,
#8659),(#8660,#8661),(#8662,#8663)),.UNSPECIFIED.,.F.,.F.,.F.,(4,1,4),(2,
2),(0.,0.0207917061960898,0.0419710196995074),(0.,0.03),.UNSPECIFIED.);
#436=B_SPLINE_SURFACE_WITH_KNOTS('',3,1,((#8677,#8678),(#8679,#8680),(#8681,
#8682),(#8683,#8684),(#8685,#8686)),.UNSPECIFIED.,.F.,.F.,.F.,(4,1,4),(2,
2),(0.,0.0268312217840694,0.0495048124043479),(0.,0.03),.UNSPECIFIED.);
#437=B_SPLINE_SURFACE_WITH_KNOTS('',3,1,((#8706,#8707),(#8708,#8709),(#8710,
#8711),(#8712,#8713),(#8714,#8715)),.UNSPECIFIED.,.F.,.F.,.F.,(4,1,4),(2,
2),(0.,0.00341090362880363,0.0081875148810461),(0.,0.03),.UNSPECIFIED.);
#438=B_SPLINE_SURFACE_WITH_KNOTS('',3,1,((#8729,#8730),(#8731,#8732),(#8733,
#8734),(#8735,#8736),(#8737,#8738)),.UNSPECIFIED.,.F.,.F.,.F.,(4,1,4),(2,
2),(0.,0.034404323895777,0.0746373407356926),(0.,0.03),.UNSPECIFIED.);
#439=B_SPLINE_SURFACE_WITH_KNOTS('',3,1,((#8752,#8753),(#8754,#8755),(#8756,
#8757),(#8758,#8759),(#8760,#8761)),.UNSPECIFIED.,.F.,.F.,.F.,(4,1,4),(2,
2),(0.,0.0335720751021105,0.0657916842279962),(0.,0.03),.UNSPECIFIED.);
#440=B_SPLINE_SURFACE_WITH_KNOTS('',3,1,((#8775,#8776),(#8777,#8778),(#8779,
#8780),(#8781,#8782),(#8783,#8784)),.UNSPECIFIED.,.F.,.F.,.F.,(4,1,4),(2,
2),(0.,0.0329984410209293,0.0675996840172931),(0.,0.03),.UNSPECIFIED.);
#441=B_SPLINE_SURFACE_WITH_KNOTS('',3,1,((#8798,#8799),(#8800,#8801),(#8802,
#8803),(#8804,#8805),(#8806,#8807)),.UNSPECIFIED.,.F.,.F.,.F.,(4,1,4),(2,
2),(0.,0.0410108439737324,0.0761239627981567),(0.,0.03),.UNSPECIFIED.);
#442=B_SPLINE_SURFACE_WITH_KNOTS('',3,1,((#8821,#8822),(#8823,#8824),(#8825,
#8826),(#8827,#8828),(#8829,#8830)),.UNSPECIFIED.,.F.,.F.,.F.,(4,1,4),(2,
2),(0.,0.0341889452389286,0.073861755316765),(0.,0.03),.UNSPECIFIED.);
#443=B_SPLINE_SURFACE_WITH_KNOTS('',3,1,((#8844,#8845),(#8846,#8847),(#8848,
#8849),(#8850,#8851),(#8852,#8853)),.UNSPECIFIED.,.F.,.F.,.F.,(4,1,4),(2,
2),(0.,0.0361414776468984,0.0691135183125621),(0.,0.03),.UNSPECIFIED.);
#444=B_SPLINE_SURFACE_WITH_KNOTS('',3,1,((#8867,#8868),(#8869,#8870),(#8871,
#8872),(#8873,#8874),(#8875,#8876)),.UNSPECIFIED.,.F.,.F.,.F.,(4,1,4),(2,
2),(0.,0.025815438443909,0.0548051702762258),(0.,0.03),.UNSPECIFIED.);
#445=B_SPLINE_SURFACE_WITH_KNOTS('',3,1,((#8890,#8891),(#8892,#8893),(#8894,
#8895),(#8896,#8897),(#8898,#8899)),.UNSPECIFIED.,.F.,.F.,.F.,(4,1,4),(2,
2),(0.,0.0269041929340876,0.0520645114240808),(0.,0.03),.UNSPECIFIED.);
#446=B_SPLINE_SURFACE_WITH_KNOTS('',3,1,((#8919,#8920),(#8921,#8922),(#8923,
#8924),(#8925,#8926),(#8927,#8928)),.UNSPECIFIED.,.F.,.F.,.F.,(4,1,4),(2,
2),(0.,0.0157165480101727,0.034420997312313),(0.,0.03),.UNSPECIFIED.);
#447=B_SPLINE_SURFACE_WITH_KNOTS('',3,1,((#8961,#8962),(#8963,#8964),(#8965,
#8966),(#8967,#8968),(#8969,#8970)),.UNSPECIFIED.,.F.,.F.,.F.,(4,1,4),(2,
2),(0.,0.0165185452104356,0.0362982928060456),(0.,0.03),.UNSPECIFIED.);
#448=B_SPLINE_SURFACE_WITH_KNOTS('',3,1,((#8984,#8985),(#8986,#8987),(#8988,
#8989),(#8990,#8991),(#8992,#8993)),.UNSPECIFIED.,.F.,.F.,.F.,(4,1,4),(2,
2),(0.,0.0189015836829774,0.0382982258207856),(0.,0.03),.UNSPECIFIED.);
#449=B_SPLINE_SURFACE_WITH_KNOTS('',3,1,((#9029,#9030),(#9031,#9032),(#9033,
#9034),(#9035,#9036),(#9037,#9038)),.UNSPECIFIED.,.F.,.F.,.F.,(4,1,4),(2,
2),(0.,0.0133987696213127,0.0312622022775791),(0.,0.03),.UNSPECIFIED.);
#450=B_SPLINE_SURFACE_WITH_KNOTS('',3,1,((#9055,#9056),(#9057,#9058),(#9059,
#9060),(#9061,#9062),(#9063,#9064)),.UNSPECIFIED.,.F.,.F.,.F.,(4,1,4),(2,
2),(0.,0.0150972298222642,0.0297316869676885),(0.,0.03),.UNSPECIFIED.);
#451=B_SPLINE_SURFACE_WITH_KNOTS('',3,1,((#9078,#9079),(#9080,#9081),(#9082,
#9083),(#9084,#9085),(#9086,#9087)),.UNSPECIFIED.,.F.,.F.,.F.,(4,1,4),(2,
2),(0.,0.0168666939236772,0.0327638016703869),(0.,0.03),.UNSPECIFIED.);
#452=B_SPLINE_SURFACE_WITH_KNOTS('',3,1,((#9101,#9102),(#9103,#9104),(#9105,
#9106),(#9107,#9108),(#9109,#9110)),.UNSPECIFIED.,.F.,.F.,.F.,(4,1,4),(2,
2),(0.,0.0129893438167441,0.0288745866715846),(0.,0.03),.UNSPECIFIED.);
#453=B_SPLINE_SURFACE_WITH_KNOTS('',3,1,((#9124,#9125),(#9126,#9127),(#9128,
#9129),(#9130,#9131),(#9132,#9133)),.UNSPECIFIED.,.F.,.F.,.F.,(4,1,4),(2,
2),(0.,0.0114924166103171,0.0230418179238824),(0.,0.03),.UNSPECIFIED.);
#454=B_SPLINE_SURFACE_WITH_KNOTS('',3,1,((#9147,#9148),(#9149,#9150),(#9151,
#9152),(#9153,#9154),(#9155,#9156)),.UNSPECIFIED.,.F.,.F.,.F.,(4,1,4),(2,
2),(0.,0.00763016636193939,0.0153566712288492),(0.,0.03),.UNSPECIFIED.);
#455=B_SPLINE_SURFACE_WITH_KNOTS('',3,1,((#9170,#9171),(#9172,#9173),(#9174,
#9175),(#9176,#9177),(#9178,#9179)),.UNSPECIFIED.,.F.,.F.,.F.,(4,1,4),(2,
2),(0.,0.00811946919799954,0.0158642853487645),(0.,0.03),.UNSPECIFIED.);
#456=B_SPLINE_SURFACE_WITH_KNOTS('',3,1,((#9193,#9194),(#9195,#9196),(#9197,
#9198),(#9199,#9200),(#9201,#9202)),.UNSPECIFIED.,.F.,.F.,.F.,(4,1,4),(2,
2),(0.,0.0164159066158938,0.027514988924775),(0.,0.03),.UNSPECIFIED.);
#457=B_SPLINE_SURFACE_WITH_KNOTS('',3,1,((#9216,#9217),(#9218,#9219),(#9220,
#9221),(#9222,#9223),(#9224,#9225)),.UNSPECIFIED.,.F.,.F.,.F.,(4,1,4),(2,
2),(0.,0.0218222780098811,0.05154246521157),(0.,0.03),.UNSPECIFIED.);
#458=B_SPLINE_SURFACE_WITH_KNOTS('',3,1,((#9251,#9252),(#9253,#9254),(#9255,
#9256),(#9257,#9258),(#9259,#9260)),.UNSPECIFIED.,.F.,.F.,.F.,(4,1,4),(2,
2),(0.,0.0114834404061347,0.0231693007106055),(0.,0.03),.UNSPECIFIED.);
#459=B_SPLINE_SURFACE_WITH_KNOTS('',3,1,((#9274,#9275),(#9276,#9277),(#9278,
#9279),(#9280,#9281),(#9282,#9283)),.UNSPECIFIED.,.F.,.F.,.F.,(4,1,4),(2,
2),(0.,0.0349411941151455,0.0542035972724828),(0.,0.03),.UNSPECIFIED.);
#460=B_SPLINE_SURFACE_WITH_KNOTS('',3,1,((#9303,#9304),(#9305,#9306),(#9307,
#9308),(#9309,#9310),(#9311,#9312)),.UNSPECIFIED.,.F.,.F.,.F.,(4,1,4),(2,
2),(0.,0.011059388750419,0.0283726363308365),(0.,0.03),.UNSPECIFIED.);
#461=B_SPLINE_SURFACE_WITH_KNOTS('',3,1,((#9326,#9327),(#9328,#9329),(#9330,
#9331),(#9332,#9333),(#9334,#9335)),.UNSPECIFIED.,.F.,.F.,.F.,(4,1,4),(2,
2),(0.,0.0110085920304809,0.0231357349446017),(0.,0.03),.UNSPECIFIED.);
#462=B_SPLINE_SURFACE_WITH_KNOTS('',3,1,((#9349,#9350),(#9351,#9352),(#9353,
#9354),(#9355,#9356),(#9357,#9358)),.UNSPECIFIED.,.F.,.F.,.F.,(4,1,4),(2,
2),(0.,0.0140045074084541,0.0255651303036289),(0.,0.03),.UNSPECIFIED.);
#463=B_SPLINE_SURFACE_WITH_KNOTS('',3,1,((#9372,#9373),(#9374,#9375),(#9376,
#9377),(#9378,#9379),(#9380,#9381)),.UNSPECIFIED.,.F.,.F.,.F.,(4,1,4),(2,
2),(0.,0.0210623166967331,0.0382269167214285),(0.,0.03),.UNSPECIFIED.);
#464=B_SPLINE_SURFACE_WITH_KNOTS('',3,1,((#9395,#9396),(#9397,#9398),(#9399,
#9400),(#9401,#9402),(#9403,#9404)),.UNSPECIFIED.,.F.,.F.,.F.,(4,1,4),(2,
2),(0.,0.019733954603178,0.041748051725927),(0.,0.03),.UNSPECIFIED.);
#465=B_SPLINE_SURFACE_WITH_KNOTS('',3,1,((#9418,#9419),(#9420,#9421),(#9422,
#9423),(#9424,#9425),(#9426,#9427)),.UNSPECIFIED.,.F.,.F.,.F.,(4,1,4),(2,
2),(0.,0.0155407201734426,0.0330053168416301),(0.,0.03),.UNSPECIFIED.);
#466=B_SPLINE_SURFACE_WITH_KNOTS('',3,1,((#9441,#9442),(#9443,#9444),(#9445,
#9446),(#9447,#9448),(#9449,#9450)),.UNSPECIFIED.,.F.,.F.,.F.,(4,1,4),(2,
2),(0.,0.0182378240371619,0.0341373360555504),(0.,0.03),.UNSPECIFIED.);
#467=B_SPLINE_SURFACE_WITH_KNOTS('',3,1,((#9470,#9471),(#9472,#9473),(#9474,
#9475),(#9476,#9477),(#9478,#9479)),.UNSPECIFIED.,.F.,.F.,.F.,(4,1,4),(2,
2),(0.,0.0138194402340926,0.0313368053522066),(0.,0.03),.UNSPECIFIED.);
#468=B_SPLINE_SURFACE_WITH_KNOTS('',3,1,((#9493,#9494),(#9495,#9496),(#9497,
#9498),(#9499,#9500),(#9501,#9502)),.UNSPECIFIED.,.F.,.F.,.F.,(4,1,4),(2,
2),(0.,0.0189178601363777,0.0332488180523259),(0.,0.03),.UNSPECIFIED.);
#469=B_SPLINE_SURFACE_WITH_KNOTS('',3,1,((#9516,#9517),(#9518,#9519),(#9520,
#9521),(#9522,#9523),(#9524,#9525)),.UNSPECIFIED.,.F.,.F.,.F.,(4,1,4),(2,
2),(0.,0.0165741971473193,0.0370757515114182),(0.,0.03),.UNSPECIFIED.);
#470=B_SPLINE_SURFACE_WITH_KNOTS('',3,1,((#9539,#9540),(#9541,#9542),(#9543,
#9544),(#9545,#9546),(#9547,#9548)),.UNSPECIFIED.,.F.,.F.,.F.,(4,1,4),(2,
2),(0.,0.0161345410246706,0.0284490825841598),(0.,0.03),.UNSPECIFIED.);
#471=B_SPLINE_SURFACE_WITH_KNOTS('',3,1,((#9562,#9563),(#9564,#9565),(#9566,
#9567),(#9568,#9569),(#9570,#9571)),.UNSPECIFIED.,.F.,.F.,.F.,(4,1,4),(2,
2),(0.,0.00516017462321758,0.00801691101784795),(0.,0.03),.UNSPECIFIED.);
#472=B_SPLINE_SURFACE_WITH_KNOTS('',3,1,((#9585,#9586),(#9587,#9588),(#9589,
#9590),(#9591,#9592),(#9593,#9594)),.UNSPECIFIED.,.F.,.F.,.F.,(4,1,4),(2,
2),(0.,0.0326371080577556,0.0558196189443998),(0.,0.03),.UNSPECIFIED.);
#473=B_SPLINE_SURFACE_WITH_KNOTS('',3,1,((#9608,#9609),(#9610,#9611),(#9612,
#9613),(#9614,#9615),(#9616,#9617)),.UNSPECIFIED.,.F.,.F.,.F.,(4,1,4),(2,
2),(0.,0.0115802289504242,0.0276842843963426),(0.,0.03),.UNSPECIFIED.);
#474=B_SPLINE_SURFACE_WITH_KNOTS('',3,1,((#9631,#9632),(#9633,#9634),(#9635,
#9636),(#9637,#9638),(#9639,#9640)),.UNSPECIFIED.,.F.,.F.,.F.,(4,1,4),(2,
2),(0.,0.0119486055369803,0.0243491141236174),(0.,0.03),.UNSPECIFIED.);
#475=B_SPLINE_SURFACE_WITH_KNOTS('',3,1,((#9654,#9655),(#9656,#9657),(#9658,
#9659),(#9660,#9661),(#9662,#9663)),.UNSPECIFIED.,.F.,.F.,.F.,(4,1,4),(2,
2),(0.,0.0121300165499044,0.0238990414675605),(0.,0.03),.UNSPECIFIED.);
#476=B_SPLINE_SURFACE_WITH_KNOTS('',3,1,((#9677,#9678),(#9679,#9680),(#9681,
#9682),(#9683,#9684),(#9685,#9686)),.UNSPECIFIED.,.F.,.F.,.F.,(4,1,4),(2,
2),(0.,0.0128156314876559,0.0252491684507495),(0.,0.03),.UNSPECIFIED.);
#477=B_SPLINE_SURFACE_WITH_KNOTS('',3,1,((#9700,#9701),(#9702,#9703),(#9704,
#9705),(#9706,#9707),(#9708,#9709)),.UNSPECIFIED.,.F.,.F.,.F.,(4,1,4),(2,
2),(0.,0.0205008682633277,0.0415417228192521),(0.,0.03),.UNSPECIFIED.);
#478=B_SPLINE_SURFACE_WITH_KNOTS('',3,1,((#9723,#9724),(#9725,#9726),(#9727,
#9728),(#9729,#9730),(#9731,#9732)),.UNSPECIFIED.,.F.,.F.,.F.,(4,1,4),(2,
2),(0.,0.02664042039083,0.0489827709127364),(0.,0.03),.UNSPECIFIED.);
#479=B_SPLINE_SURFACE_WITH_KNOTS('',3,1,((#9746,#9747),(#9748,#9749),(#9750,
#9751),(#9752,#9753),(#9754,#9755)),.UNSPECIFIED.,.F.,.F.,.F.,(4,1,4),(2,
2),(0.,0.0169515097024435,0.0345158530069777),(0.,0.03),.UNSPECIFIED.);
#480=B_SPLINE_SURFACE_WITH_KNOTS('',3,1,((#9769,#9770),(#9771,#9772),(#9773,
#9774),(#9775,#9776),(#9777,#9778)),.UNSPECIFIED.,.F.,.F.,.F.,(4,1,4),(2,
2),(0.,0.0208054348836717,0.0388229331339548),(0.,0.03),.UNSPECIFIED.);
#481=B_SPLINE_SURFACE_WITH_KNOTS('',3,1,((#9792,#9793),(#9794,#9795),(#9796,
#9797),(#9798,#9799),(#9800,#9801)),.UNSPECIFIED.,.F.,.F.,.F.,(4,1,4),(2,
2),(0.,0.0110774450407445,0.0232607236290799),(0.,0.03),.UNSPECIFIED.);
#482=PLANE('',#5183);
#483=PLANE('',#5184);
#484=PLANE('',#5185);
#485=PLANE('',#5186);
#486=PLANE('',#5187);
#487=PLANE('',#5188);
#488=PLANE('',#5189);
#489=PLANE('',#5190);
#490=PLANE('',#5191);
#491=PLANE('',#5192);
#492=PLANE('',#5193);
#493=PLANE('',#5194);
#494=PLANE('',#5195);
#495=PLANE('',#5196);
#496=PLANE('',#5197);
#497=PLANE('',#5198);
#498=PLANE('',#5199);
#499=PLANE('',#5200);
#500=PLANE('',#5201);
#501=PLANE('',#5202);
#502=PLANE('',#5203);
#503=PLANE('',#5204);
#504=PLANE('',#5205);
#505=PLANE('',#5206);
#506=PLANE('',#5207);
#507=PLANE('',#5208);
#508=PLANE('',#5209);
#509=PLANE('',#5210);
#510=PLANE('',#5211);
#511=PLANE('',#5212);
#512=PLANE('',#5213);
#513=PLANE('',#5214);
#514=PLANE('',#5215);
#515=PLANE('',#5216);
#516=PLANE('',#5217);
#517=PLANE('',#5218);
#518=PLANE('',#5219);
#519=PLANE('',#5220);
#520=PLANE('',#5221);
#521=PLANE('',#5222);
#522=PLANE('',#5223);
#523=PLANE('',#5224);
#524=PLANE('',#5225);
#525=PLANE('',#5226);
#526=PLANE('',#5227);
#527=PLANE('',#5228);
#528=PLANE('',#5229);
#529=PLANE('',#5230);
#530=PLANE('',#5231);
#531=PLANE('',#5232);
#532=PLANE('',#5233);
#533=PLANE('',#5234);
#534=PLANE('',#5235);
#535=PLANE('',#5236);
#536=PLANE('',#5237);
#537=PLANE('',#5238);
#538=PLANE('',#5239);
#539=PLANE('',#5240);
#540=PLANE('',#5241);
#541=PLANE('',#5242);
#542=PLANE('',#5243);
#543=PLANE('',#5244);
#544=PLANE('',#5245);
#545=PLANE('',#5246);
#546=PLANE('',#5247);
#547=PLANE('',#5248);
#548=PLANE('',#5249);
#549=PLANE('',#5250);
#550=PLANE('',#5251);
#551=PLANE('',#5252);
#552=PLANE('',#5253);
#553=PLANE('',#5254);
#554=PLANE('',#5255);
#555=PLANE('',#5256);
#556=PLANE('',#5257);
#557=PLANE('',#5258);
#558=PLANE('',#5259);
#559=PLANE('',#5260);
#560=PLANE('',#5261);
#561=PLANE('',#5262);
#562=PLANE('',#5263);
#563=PLANE('',#5264);
#564=PLANE('',#5265);
#565=PLANE('',#5266);
#566=PLANE('',#5267);
#567=PLANE('',#5268);
#568=PLANE('',#5269);
#569=PLANE('',#5270);
#570=PLANE('',#5271);
#571=PLANE('',#5272);
#572=PLANE('',#5273);
#573=PLANE('',#5274);
#574=PLANE('',#5291);
#575=PLANE('',#5292);
#576=PLANE('',#5293);
#577=PLANE('',#5294);
#578=PLANE('',#5295);
#579=PLANE('',#5296);
#580=PLANE('',#5297);
#581=PLANE('',#5298);
#582=PLANE('',#5299);
#583=PLANE('',#5300);
#584=PLANE('',#5301);
#585=PLANE('',#5302);
#586=PLANE('',#5303);
#587=PLANE('',#5304);
#588=PLANE('',#5305);
#589=PLANE('',#5306);
#590=PLANE('',#5307);
#591=PLANE('',#5308);
#592=PLANE('',#5309);
#593=PLANE('',#5310);
#594=PLANE('',#5311);
#595=PLANE('',#5312);
#596=PLANE('',#5317);
#597=PLANE('',#5320);
#598=PLANE('',#5323);
#599=PLANE('',#5326);
#600=PLANE('',#5329);
#601=FACE_OUTER_BOUND('',#877,.T.);
#602=FACE_OUTER_BOUND('',#878,.T.);
#603=FACE_OUTER_BOUND('',#879,.T.);
#604=FACE_OUTER_BOUND('',#880,.T.);
#605=FACE_OUTER_BOUND('',#881,.T.);
#606=FACE_OUTER_BOUND('',#882,.T.);
#607=FACE_OUTER_BOUND('',#883,.T.);
#608=FACE_OUTER_BOUND('',#884,.T.);
#609=FACE_OUTER_BOUND('',#885,.T.);
#610=FACE_OUTER_BOUND('',#886,.T.);
#611=FACE_OUTER_BOUND('',#887,.T.);
#612=FACE_OUTER_BOUND('',#888,.T.);
#613=FACE_OUTER_BOUND('',#889,.T.);
#614=FACE_OUTER_BOUND('',#890,.T.);
#615=FACE_OUTER_BOUND('',#891,.T.);
#616=FACE_OUTER_BOUND('',#892,.T.);
#617=FACE_OUTER_BOUND('',#893,.T.);
#618=FACE_OUTER_BOUND('',#894,.T.);
#619=FACE_OUTER_BOUND('',#895,.T.);
#620=FACE_OUTER_BOUND('',#896,.T.);
#621=FACE_OUTER_BOUND('',#897,.T.);
#622=FACE_OUTER_BOUND('',#898,.T.);
#623=FACE_OUTER_BOUND('',#899,.T.);
#624=FACE_OUTER_BOUND('',#900,.T.);
#625=FACE_OUTER_BOUND('',#901,.T.);
#626=FACE_OUTER_BOUND('',#902,.T.);
#627=FACE_OUTER_BOUND('',#903,.T.);
#628=FACE_OUTER_BOUND('',#904,.T.);
#629=FACE_OUTER_BOUND('',#905,.T.);
#630=FACE_OUTER_BOUND('',#906,.T.);
#631=FACE_OUTER_BOUND('',#907,.T.);
#632=FACE_OUTER_BOUND('',#908,.T.);
#633=FACE_OUTER_BOUND('',#909,.T.);
#634=FACE_OUTER_BOUND('',#910,.T.);
#635=FACE_OUTER_BOUND('',#911,.T.);
#636=FACE_OUTER_BOUND('',#912,.T.);
#637=FACE_OUTER_BOUND('',#913,.T.);
#638=FACE_OUTER_BOUND('',#914,.T.);
#639=FACE_OUTER_BOUND('',#915,.T.);
#640=FACE_OUTER_BOUND('',#916,.T.);
#641=FACE_OUTER_BOUND('',#917,.T.);
#642=FACE_OUTER_BOUND('',#918,.T.);
#643=FACE_OUTER_BOUND('',#919,.T.);
#644=FACE_OUTER_BOUND('',#920,.T.);
#645=FACE_OUTER_BOUND('',#921,.T.);
#646=FACE_OUTER_BOUND('',#922,.T.);
#647=FACE_OUTER_BOUND('',#923,.T.);
#648=FACE_OUTER_BOUND('',#924,.T.);
#649=FACE_OUTER_BOUND('',#925,.T.);
#650=FACE_OUTER_BOUND('',#926,.T.);
#651=FACE_OUTER_BOUND('',#927,.T.);
#652=FACE_OUTER_BOUND('',#928,.T.);
#653=FACE_OUTER_BOUND('',#929,.T.);
#654=FACE_OUTER_BOUND('',#930,.T.);
#655=FACE_OUTER_BOUND('',#931,.T.);
#656=FACE_OUTER_BOUND('',#932,.T.);
#657=FACE_OUTER_BOUND('',#933,.T.);
#658=FACE_OUTER_BOUND('',#934,.T.);
#659=FACE_OUTER_BOUND('',#936,.T.);
#660=FACE_OUTER_BOUND('',#937,.T.);
#661=FACE_OUTER_BOUND('',#938,.T.);
#662=FACE_OUTER_BOUND('',#939,.T.);
#663=FACE_OUTER_BOUND('',#940,.T.);
#664=FACE_OUTER_BOUND('',#941,.T.);
#665=FACE_OUTER_BOUND('',#942,.T.);
#666=FACE_OUTER_BOUND('',#943,.T.);
#667=FACE_OUTER_BOUND('',#944,.T.);
#668=FACE_OUTER_BOUND('',#945,.T.);
#669=FACE_OUTER_BOUND('',#946,.T.);
#670=FACE_OUTER_BOUND('',#947,.T.);
#671=FACE_OUTER_BOUND('',#948,.T.);
#672=FACE_OUTER_BOUND('',#949,.T.);
#673=FACE_OUTER_BOUND('',#950,.T.);
#674=FACE_OUTER_BOUND('',#951,.T.);
#675=FACE_OUTER_BOUND('',#952,.T.);
#676=FACE_OUTER_BOUND('',#953,.T.);
#677=FACE_OUTER_BOUND('',#954,.T.);
#678=FACE_OUTER_BOUND('',#955,.T.);
#679=FACE_OUTER_BOUND('',#956,.T.);
#680=FACE_OUTER_BOUND('',#957,.T.);
#681=FACE_OUTER_BOUND('',#958,.T.);
#682=FACE_OUTER_BOUND('',#959,.T.);
#683=FACE_OUTER_BOUND('',#960,.T.);
#684=FACE_OUTER_BOUND('',#961,.T.);
#685=FACE_OUTER_BOUND('',#962,.T.);
#686=FACE_OUTER_BOUND('',#963,.T.);
#687=FACE_OUTER_BOUND('',#964,.T.);
#688=FACE_OUTER_BOUND('',#965,.T.);
#689=FACE_OUTER_BOUND('',#966,.T.);
#690=FACE_OUTER_BOUND('',#967,.T.);
#691=FACE_OUTER_BOUND('',#968,.T.);
#692=FACE_OUTER_BOUND('',#969,.T.);
#693=FACE_OUTER_BOUND('',#970,.T.);
#694=FACE_OUTER_BOUND('',#971,.T.);
#695=FACE_OUTER_BOUND('',#972,.T.);
#696=FACE_OUTER_BOUND('',#973,.T.);
#697=FACE_OUTER_BOUND('',#974,.T.);
#698=FACE_OUTER_BOUND('',#975,.T.);
#699=FACE_OUTER_BOUND('',#976,.T.);
#700=FACE_OUTER_BOUND('',#977,.T.);
#701=FACE_OUTER_BOUND('',#978,.T.);
#702=FACE_OUTER_BOUND('',#979,.T.);
#703=FACE_OUTER_BOUND('',#980,.T.);
#704=FACE_OUTER_BOUND('',#981,.T.);
#705=FACE_OUTER_BOUND('',#982,.T.);
#706=FACE_OUTER_BOUND('',#983,.T.);
#707=FACE_OUTER_BOUND('',#984,.T.);
#708=FACE_OUTER_BOUND('',#985,.T.);
#709=FACE_OUTER_BOUND('',#986,.T.);
#710=FACE_OUTER_BOUND('',#987,.T.);
#711=FACE_OUTER_BOUND('',#988,.T.);
#712=FACE_OUTER_BOUND('',#989,.T.);
#713=FACE_OUTER_BOUND('',#990,.T.);
#714=FACE_OUTER_BOUND('',#991,.T.);
#715=FACE_OUTER_BOUND('',#992,.T.);
#716=FACE_OUTER_BOUND('',#993,.T.);
#717=FACE_OUTER_BOUND('',#994,.T.);
#718=FACE_OUTER_BOUND('',#995,.T.);
#719=FACE_OUTER_BOUND('',#997,.T.);
#720=FACE_OUTER_BOUND('',#998,.T.);
#721=FACE_OUTER_BOUND('',#999,.T.);
#722=FACE_OUTER_BOUND('',#1000,.T.);
#723=FACE_OUTER_BOUND('',#1001,.T.);
#724=FACE_OUTER_BOUND('',#1002,.T.);
#725=FACE_OUTER_BOUND('',#1003,.T.);
#726=FACE_OUTER_BOUND('',#1004,.T.);
#727=FACE_OUTER_BOUND('',#1005,.T.);
#728=FACE_OUTER_BOUND('',#1006,.T.);
#729=FACE_OUTER_BOUND('',#1007,.T.);
#730=FACE_OUTER_BOUND('',#1008,.T.);
#731=FACE_OUTER_BOUND('',#1009,.T.);
#732=FACE_OUTER_BOUND('',#1010,.T.);
#733=FACE_OUTER_BOUND('',#1011,.T.);
#734=FACE_OUTER_BOUND('',#1012,.T.);
#735=FACE_OUTER_BOUND('',#1013,.T.);
#736=FACE_OUTER_BOUND('',#1014,.T.);
#737=FACE_OUTER_BOUND('',#1015,.T.);
#738=FACE_OUTER_BOUND('',#1016,.T.);
#739=FACE_OUTER_BOUND('',#1017,.T.);
#740=FACE_OUTER_BOUND('',#1018,.T.);
#741=FACE_OUTER_BOUND('',#1019,.T.);
#742=FACE_OUTER_BOUND('',#1020,.T.);
#743=FACE_OUTER_BOUND('',#1021,.T.);
#744=FACE_OUTER_BOUND('',#1022,.T.);
#745=FACE_OUTER_BOUND('',#1023,.T.);
#746=FACE_OUTER_BOUND('',#1024,.T.);
#747=FACE_OUTER_BOUND('',#1025,.T.);
#748=FACE_OUTER_BOUND('',#1026,.T.);
#749=FACE_OUTER_BOUND('',#1027,.T.);
#750=FACE_OUTER_BOUND('',#1028,.T.);
#751=FACE_OUTER_BOUND('',#1029,.T.);
#752=FACE_OUTER_BOUND('',#1030,.T.);
#753=FACE_OUTER_BOUND('',#1031,.T.);
#754=FACE_OUTER_BOUND('',#1032,.T.);
#755=FACE_OUTER_BOUND('',#1033,.T.);
#756=FACE_OUTER_BOUND('',#1034,.T.);
#757=FACE_OUTER_BOUND('',#1035,.T.);
#758=FACE_OUTER_BOUND('',#1036,.T.);
#759=FACE_OUTER_BOUND('',#1037,.T.);
#760=FACE_OUTER_BOUND('',#1038,.T.);
#761=FACE_OUTER_BOUND('',#1039,.T.);
#762=FACE_OUTER_BOUND('',#1040,.T.);
#763=FACE_OUTER_BOUND('',#1041,.T.);
#764=FACE_OUTER_BOUND('',#1042,.T.);
#765=FACE_OUTER_BOUND('',#1043,.T.);
#766=FACE_OUTER_BOUND('',#1044,.T.);
#767=FACE_OUTER_BOUND('',#1045,.T.);
#768=FACE_OUTER_BOUND('',#1046,.T.);
#769=FACE_OUTER_BOUND('',#1047,.T.);
#770=FACE_OUTER_BOUND('',#1048,.T.);
#771=FACE_OUTER_BOUND('',#1049,.T.);
#772=FACE_OUTER_BOUND('',#1050,.T.);
#773=FACE_OUTER_BOUND('',#1051,.T.);
#774=FACE_OUTER_BOUND('',#1052,.T.);
#775=FACE_OUTER_BOUND('',#1053,.T.);
#776=FACE_OUTER_BOUND('',#1054,.T.);
#777=FACE_OUTER_BOUND('',#1055,.T.);
#778=FACE_OUTER_BOUND('',#1056,.T.);
#779=FACE_OUTER_BOUND('',#1058,.T.);
#780=FACE_OUTER_BOUND('',#1059,.T.);
#781=FACE_OUTER_BOUND('',#1060,.T.);
#782=FACE_OUTER_BOUND('',#1061,.T.);
#783=FACE_OUTER_BOUND('',#1062,.T.);
#784=FACE_OUTER_BOUND('',#1063,.T.);
#785=FACE_OUTER_BOUND('',#1064,.T.);
#786=FACE_OUTER_BOUND('',#1065,.T.);
#787=FACE_OUTER_BOUND('',#1066,.T.);
#788=FACE_OUTER_BOUND('',#1067,.T.);
#789=FACE_OUTER_BOUND('',#1068,.T.);
#790=FACE_OUTER_BOUND('',#1069,.T.);
#791=FACE_OUTER_BOUND('',#1070,.T.);
#792=FACE_OUTER_BOUND('',#1071,.T.);
#793=FACE_OUTER_BOUND('',#1072,.T.);
#794=FACE_OUTER_BOUND('',#1073,.T.);
#795=FACE_OUTER_BOUND('',#1074,.T.);
#796=FACE_OUTER_BOUND('',#1075,.T.);
#797=FACE_OUTER_BOUND('',#1076,.T.);
#798=FACE_OUTER_BOUND('',#1077,.T.);
#799=FACE_OUTER_BOUND('',#1078,.T.);
#800=FACE_OUTER_BOUND('',#1079,.T.);
#801=FACE_OUTER_BOUND('',#1080,.T.);
#802=FACE_OUTER_BOUND('',#1081,.T.);
#803=FACE_OUTER_BOUND('',#1082,.T.);
#804=FACE_OUTER_BOUND('',#1083,.T.);
#805=FACE_OUTER_BOUND('',#1084,.T.);
#806=FACE_OUTER_BOUND('',#1085,.T.);
#807=FACE_OUTER_BOUND('',#1086,.T.);
#808=FACE_OUTER_BOUND('',#1087,.T.);
#809=FACE_OUTER_BOUND('',#1088,.T.);
#810=FACE_OUTER_BOUND('',#1089,.T.);
#811=FACE_OUTER_BOUND('',#1090,.T.);
#812=FACE_OUTER_BOUND('',#1091,.T.);
#813=FACE_OUTER_BOUND('',#1092,.T.);
#814=FACE_OUTER_BOUND('',#1093,.T.);
#815=FACE_OUTER_BOUND('',#1094,.T.);
#816=FACE_OUTER_BOUND('',#1095,.T.);
#817=FACE_OUTER_BOUND('',#1096,.T.);
#818=FACE_OUTER_BOUND('',#1097,.T.);
#819=FACE_OUTER_BOUND('',#1098,.T.);
#820=FACE_OUTER_BOUND('',#1099,.T.);
#821=FACE_OUTER_BOUND('',#1100,.T.);
#822=FACE_OUTER_BOUND('',#1101,.T.);
#823=FACE_OUTER_BOUND('',#1102,.T.);
#824=FACE_OUTER_BOUND('',#1103,.T.);
#825=FACE_OUTER_BOUND('',#1104,.T.);
#826=FACE_OUTER_BOUND('',#1105,.T.);
#827=FACE_OUTER_BOUND('',#1107,.T.);
#828=FACE_OUTER_BOUND('',#1108,.T.);
#829=FACE_OUTER_BOUND('',#1109,.T.);
#830=FACE_OUTER_BOUND('',#1110,.T.);
#831=FACE_OUTER_BOUND('',#1111,.T.);
#832=FACE_OUTER_BOUND('',#1112,.T.);
#833=FACE_OUTER_BOUND('',#1113,.T.);
#834=FACE_OUTER_BOUND('',#1114,.T.);
#835=FACE_OUTER_BOUND('',#1115,.T.);
#836=FACE_OUTER_BOUND('',#1116,.T.);
#837=FACE_OUTER_BOUND('',#1117,.T.);
#838=FACE_OUTER_BOUND('',#1118,.T.);
#839=FACE_OUTER_BOUND('',#1119,.T.);
#840=FACE_OUTER_BOUND('',#1120,.T.);
#841=FACE_OUTER_BOUND('',#1121,.T.);
#842=FACE_OUTER_BOUND('',#1122,.T.);
#843=FACE_OUTER_BOUND('',#1123,.T.);
#844=FACE_OUTER_BOUND('',#1124,.T.);
#845=FACE_OUTER_BOUND('',#1125,.T.);
#846=FACE_OUTER_BOUND('',#1126,.T.);
#847=FACE_OUTER_BOUND('',#1127,.T.);
#848=FACE_OUTER_BOUND('',#1128,.T.);
#849=FACE_OUTER_BOUND('',#1129,.T.);
#850=FACE_OUTER_BOUND('',#1130,.T.);
#851=FACE_OUTER_BOUND('',#1131,.T.);
#852=FACE_OUTER_BOUND('',#1132,.T.);
#853=FACE_OUTER_BOUND('',#1133,.T.);
#854=FACE_OUTER_BOUND('',#1134,.T.);
#855=FACE_OUTER_BOUND('',#1135,.T.);
#856=FACE_OUTER_BOUND('',#1136,.T.);
#857=FACE_OUTER_BOUND('',#1137,.T.);
#858=FACE_OUTER_BOUND('',#1138,.T.);
#859=FACE_OUTER_BOUND('',#1139,.T.);
#860=FACE_OUTER_BOUND('',#1140,.T.);
#861=FACE_OUTER_BOUND('',#1141,.T.);
#862=FACE_OUTER_BOUND('',#1142,.T.);
#863=FACE_OUTER_BOUND('',#1143,.T.);
#864=FACE_OUTER_BOUND('',#1146,.T.);
#865=FACE_OUTER_BOUND('',#1148,.T.);
#866=FACE_OUTER_BOUND('',#1150,.T.);
#867=FACE_OUTER_BOUND('',#1151,.T.);
#868=FACE_OUTER_BOUND('',#1153,.T.);
#869=FACE_OUTER_BOUND('',#1155,.T.);
#870=FACE_OUTER_BOUND('',#1156,.T.);
#871=FACE_OUTER_BOUND('',#1170,.T.);
#872=FACE_OUTER_BOUND('',#1171,.T.);
#873=FACE_OUTER_BOUND('',#1174,.T.);
#874=FACE_OUTER_BOUND('',#1175,.T.);
#875=FACE_OUTER_BOUND('',#1177,.T.);
#876=FACE_OUTER_BOUND('',#1178,.T.);
#877=EDGE_LOOP('',(#3367,#3368,#3369,#3370));
#878=EDGE_LOOP('',(#3371));
#879=EDGE_LOOP('',(#3372,#3373,#3374,#3375));
#880=EDGE_LOOP('',(#3376,#3377,#3378,#3379));
#881=EDGE_LOOP('',(#3380,#3381,#3382,#3383));
#882=EDGE_LOOP('',(#3384,#3385,#3386,#3387));
#883=EDGE_LOOP('',(#3388,#3389,#3390,#3391));
#884=EDGE_LOOP('',(#3392,#3393,#3394,#3395));
#885=EDGE_LOOP('',(#3396,#3397,#3398,#3399));
#886=EDGE_LOOP('',(#3400,#3401,#3402,#3403));
#887=EDGE_LOOP('',(#3404,#3405,#3406,#3407));
#888=EDGE_LOOP('',(#3408,#3409,#3410,#3411));
#889=EDGE_LOOP('',(#3412,#3413,#3414,#3415));
#890=EDGE_LOOP('',(#3416,#3417,#3418,#3419));
#891=EDGE_LOOP('',(#3420,#3421,#3422,#3423));
#892=EDGE_LOOP('',(#3424,#3425,#3426,#3427));
#893=EDGE_LOOP('',(#3428,#3429,#3430,#3431));
#894=EDGE_LOOP('',(#3432,#3433,#3434,#3435));
#895=EDGE_LOOP('',(#3436,#3437,#3438,#3439));
#896=EDGE_LOOP('',(#3440,#3441,#3442,#3443));
#897=EDGE_LOOP('',(#3444,#3445,#3446,#3447));
#898=EDGE_LOOP('',(#3448,#3449,#3450,#3451));
#899=EDGE_LOOP('',(#3452,#3453,#3454,#3455));
#900=EDGE_LOOP('',(#3456,#3457,#3458,#3459));
#901=EDGE_LOOP('',(#3460,#3461,#3462,#3463));
#902=EDGE_LOOP('',(#3464,#3465,#3466,#3467));
#903=EDGE_LOOP('',(#3468,#3469,#3470,#3471));
#904=EDGE_LOOP('',(#3472,#3473,#3474,#3475));
#905=EDGE_LOOP('',(#3476,#3477,#3478,#3479));
#906=EDGE_LOOP('',(#3480,#3481,#3482,#3483));
#907=EDGE_LOOP('',(#3484,#3485,#3486,#3487));
#908=EDGE_LOOP('',(#3488,#3489,#3490,#3491));
#909=EDGE_LOOP('',(#3492,#3493,#3494,#3495));
#910=EDGE_LOOP('',(#3496,#3497,#3498,#3499));
#911=EDGE_LOOP('',(#3500,#3501,#3502,#3503));
#912=EDGE_LOOP('',(#3504,#3505,#3506,#3507,#3508,#3509,#3510,#3511,#3512,
#3513,#3514,#3515,#3516,#3517,#3518,#3519,#3520,#3521,#3522,#3523,#3524,
#3525,#3526,#3527,#3528,#3529,#3530,#3531,#3532,#3533,#3534,#3535,#3536));
#913=EDGE_LOOP('',(#3537,#3538,#3539,#3540));
#914=EDGE_LOOP('',(#3541,#3542,#3543,#3544));
#915=EDGE_LOOP('',(#3545,#3546,#3547,#3548));
#916=EDGE_LOOP('',(#3549,#3550,#3551,#3552));
#917=EDGE_LOOP('',(#3553,#3554,#3555,#3556));
#918=EDGE_LOOP('',(#3557,#3558,#3559,#3560));
#919=EDGE_LOOP('',(#3561,#3562,#3563,#3564));
#920=EDGE_LOOP('',(#3565,#3566,#3567,#3568));
#921=EDGE_LOOP('',(#3569,#3570,#3571,#3572));
#922=EDGE_LOOP('',(#3573,#3574,#3575,#3576));
#923=EDGE_LOOP('',(#3577,#3578,#3579,#3580));
#924=EDGE_LOOP('',(#3581,#3582,#3583,#3584));
#925=EDGE_LOOP('',(#3585,#3586,#3587,#3588));
#926=EDGE_LOOP('',(#3589,#3590,#3591,#3592));
#927=EDGE_LOOP('',(#3593,#3594,#3595,#3596));
#928=EDGE_LOOP('',(#3597,#3598,#3599,#3600));
#929=EDGE_LOOP('',(#3601,#3602,#3603,#3604));
#930=EDGE_LOOP('',(#3605,#3606,#3607,#3608));
#931=EDGE_LOOP('',(#3609,#3610,#3611,#3612));
#932=EDGE_LOOP('',(#3613,#3614,#3615,#3616));
#933=EDGE_LOOP('',(#3617,#3618,#3619,#3620));
#934=EDGE_LOOP('',(#3621,#3622,#3623,#3624,#3625,#3626,#3627,#3628,#3629,
#3630,#3631,#3632,#3633));
#935=EDGE_LOOP('',(#3634,#3635,#3636,#3637,#3638,#3639,#3640,#3641));
#936=EDGE_LOOP('',(#3642,#3643,#3644,#3645));
#937=EDGE_LOOP('',(#3646,#3647,#3648,#3649));
#938=EDGE_LOOP('',(#3650,#3651,#3652,#3653));
#939=EDGE_LOOP('',(#3654,#3655,#3656,#3657));
#940=EDGE_LOOP('',(#3658,#3659,#3660,#3661));
#941=EDGE_LOOP('',(#3662,#3663,#3664,#3665));
#942=EDGE_LOOP('',(#3666,#3667,#3668,#3669));
#943=EDGE_LOOP('',(#3670,#3671,#3672,#3673));
#944=EDGE_LOOP('',(#3674,#3675,#3676,#3677));
#945=EDGE_LOOP('',(#3678,#3679,#3680,#3681));
#946=EDGE_LOOP('',(#3682,#3683,#3684,#3685));
#947=EDGE_LOOP('',(#3686,#3687,#3688,#3689));
#948=EDGE_LOOP('',(#3690,#3691,#3692,#3693,#3694,#3695,#3696,#3697,#3698,
#3699,#3700,#3701));
#949=EDGE_LOOP('',(#3702,#3703,#3704,#3705));
#950=EDGE_LOOP('',(#3706,#3707,#3708,#3709));
#951=EDGE_LOOP('',(#3710,#3711,#3712,#3713));
#952=EDGE_LOOP('',(#3714,#3715,#3716,#3717));
#953=EDGE_LOOP('',(#3718,#3719,#3720,#3721));
#954=EDGE_LOOP('',(#3722,#3723,#3724,#3725));
#955=EDGE_LOOP('',(#3726,#3727,#3728,#3729));
#956=EDGE_LOOP('',(#3730,#3731,#3732,#3733));
#957=EDGE_LOOP('',(#3734,#3735,#3736,#3737));
#958=EDGE_LOOP('',(#3738,#3739,#3740,#3741));
#959=EDGE_LOOP('',(#3742,#3743,#3744,#3745));
#960=EDGE_LOOP('',(#3746,#3747,#3748,#3749));
#961=EDGE_LOOP('',(#3750,#3751,#3752,#3753));
#962=EDGE_LOOP('',(#3754,#3755,#3756,#3757));
#963=EDGE_LOOP('',(#3758,#3759,#3760,#3761));
#964=EDGE_LOOP('',(#3762,#3763,#3764,#3765));
#965=EDGE_LOOP('',(#3766,#3767,#3768,#3769));
#966=EDGE_LOOP('',(#3770,#3771,#3772,#3773));
#967=EDGE_LOOP('',(#3774,#3775,#3776,#3777));
#968=EDGE_LOOP('',(#3778,#3779,#3780,#3781,#3782,#3783,#3784,#3785,#3786,
#3787,#3788,#3789,#3790,#3791,#3792,#3793,#3794,#3795,#3796));
#969=EDGE_LOOP('',(#3797,#3798,#3799,#3800));
#970=EDGE_LOOP('',(#3801,#3802,#3803,#3804));
#971=EDGE_LOOP('',(#3805,#3806,#3807,#3808));
#972=EDGE_LOOP('',(#3809,#3810,#3811,#3812));
#973=EDGE_LOOP('',(#3813,#3814,#3815,#3816));
#974=EDGE_LOOP('',(#3817,#3818,#3819,#3820));
#975=EDGE_LOOP('',(#3821,#3822,#3823,#3824));
#976=EDGE_LOOP('',(#3825,#3826,#3827,#3828));
#977=EDGE_LOOP('',(#3829,#3830,#3831,#3832));
#978=EDGE_LOOP('',(#3833,#3834,#3835,#3836));
#979=EDGE_LOOP('',(#3837,#3838,#3839,#3840));
#980=EDGE_LOOP('',(#3841,#3842,#3843,#3844));
#981=EDGE_LOOP('',(#3845,#3846,#3847,#3848));
#982=EDGE_LOOP('',(#3849,#3850,#3851,#3852));
#983=EDGE_LOOP('',(#3853,#3854,#3855,#3856));
#984=EDGE_LOOP('',(#3857,#3858,#3859,#3860));
#985=EDGE_LOOP('',(#3861,#3862,#3863,#3864));
#986=EDGE_LOOP('',(#3865,#3866,#3867,#3868));
#987=EDGE_LOOP('',(#3869,#3870,#3871,#3872));
#988=EDGE_LOOP('',(#3873,#3874,#3875,#3876));
#989=EDGE_LOOP('',(#3877,#3878,#3879,#3880));
#990=EDGE_LOOP('',(#3881,#3882,#3883,#3884));
#991=EDGE_LOOP('',(#3885,#3886,#3887,#3888));
#992=EDGE_LOOP('',(#3889,#3890,#3891,#3892));
#993=EDGE_LOOP('',(#3893,#3894,#3895,#3896));
#994=EDGE_LOOP('',(#3897,#3898,#3899,#3900));
#995=EDGE_LOOP('',(#3901,#3902,#3903,#3904,#3905,#3906,#3907,#3908,#3909,
#3910,#3911,#3912,#3913));
#996=EDGE_LOOP('',(#3914,#3915,#3916,#3917,#3918,#3919,#3920,#3921));
#997=EDGE_LOOP('',(#3922,#3923,#3924,#3925));
#998=EDGE_LOOP('',(#3926,#3927,#3928,#3929));
#999=EDGE_LOOP('',(#3930,#3931,#3932,#3933));
#1000=EDGE_LOOP('',(#3934,#3935,#3936,#3937));
#1001=EDGE_LOOP('',(#3938,#3939,#3940,#3941));
#1002=EDGE_LOOP('',(#3942,#3943,#3944,#3945));
#1003=EDGE_LOOP('',(#3946,#3947,#3948,#3949));
#1004=EDGE_LOOP('',(#3950,#3951,#3952,#3953));
#1005=EDGE_LOOP('',(#3954,#3955,#3956,#3957));
#1006=EDGE_LOOP('',(#3958,#3959,#3960,#3961));
#1007=EDGE_LOOP('',(#3962,#3963,#3964,#3965));
#1008=EDGE_LOOP('',(#3966,#3967,#3968,#3969));
#1009=EDGE_LOOP('',(#3970,#3971,#3972,#3973));
#1010=EDGE_LOOP('',(#3974,#3975,#3976,#3977));
#1011=EDGE_LOOP('',(#3978,#3979,#3980,#3981));
#1012=EDGE_LOOP('',(#3982,#3983,#3984,#3985));
#1013=EDGE_LOOP('',(#3986,#3987,#3988,#3989));
#1014=EDGE_LOOP('',(#3990,#3991,#3992,#3993,#3994,#3995,#3996,#3997,#3998,
#3999,#4000,#4001,#4002,#4003,#4004,#4005,#4006));
#1015=EDGE_LOOP('',(#4007,#4008,#4009,#4010,#4011,#4012,#4013,#4014));
#1016=EDGE_LOOP('',(#4015,#4016,#4017,#4018,#4019,#4020,#4021,#4022));
#1017=EDGE_LOOP('',(#4023,#4024,#4025,#4026));
#1018=EDGE_LOOP('',(#4027,#4028,#4029,#4030));
#1019=EDGE_LOOP('',(#4031,#4032,#4033,#4034));
#1020=EDGE_LOOP('',(#4035,#4036,#4037,#4038));
#1021=EDGE_LOOP('',(#4039,#4040,#4041,#4042));
#1022=EDGE_LOOP('',(#4043,#4044,#4045,#4046));
#1023=EDGE_LOOP('',(#4047,#4048,#4049,#4050));
#1024=EDGE_LOOP('',(#4051,#4052,#4053,#4054));
#1025=EDGE_LOOP('',(#4055,#4056,#4057,#4058));
#1026=EDGE_LOOP('',(#4059,#4060,#4061,#4062));
#1027=EDGE_LOOP('',(#4063,#4064,#4065,#4066));
#1028=EDGE_LOOP('',(#4067,#4068,#4069,#4070));
#1029=EDGE_LOOP('',(#4071,#4072,#4073,#4074));
#1030=EDGE_LOOP('',(#4075,#4076,#4077,#4078,#4079,#4080,#4081,#4082,#4083,
#4084,#4085,#4086,#4087));
#1031=EDGE_LOOP('',(#4088,#4089,#4090,#4091));
#1032=EDGE_LOOP('',(#4092,#4093,#4094,#4095));
#1033=EDGE_LOOP('',(#4096,#4097,#4098,#4099));
#1034=EDGE_LOOP('',(#4100,#4101,#4102,#4103));
#1035=EDGE_LOOP('',(#4104,#4105,#4106,#4107));
#1036=EDGE_LOOP('',(#4108,#4109,#4110,#4111));
#1037=EDGE_LOOP('',(#4112,#4113,#4114,#4115));
#1038=EDGE_LOOP('',(#4116,#4117,#4118,#4119));
#1039=EDGE_LOOP('',(#4120,#4121,#4122,#4123));
#1040=EDGE_LOOP('',(#4124,#4125,#4126,#4127));
#1041=EDGE_LOOP('',(#4128,#4129,#4130,#4131));
#1042=EDGE_LOOP('',(#4132,#4133,#4134,#4135));
#1043=EDGE_LOOP('',(#4136,#4137,#4138,#4139));
#1044=EDGE_LOOP('',(#4140,#4141,#4142,#4143));
#1045=EDGE_LOOP('',(#4144,#4145,#4146,#4147));
#1046=EDGE_LOOP('',(#4148,#4149,#4150,#4151));
#1047=EDGE_LOOP('',(#4152,#4153,#4154,#4155));
#1048=EDGE_LOOP('',(#4156,#4157,#4158,#4159));
#1049=EDGE_LOOP('',(#4160,#4161,#4162,#4163));
#1050=EDGE_LOOP('',(#4164,#4165,#4166,#4167));
#1051=EDGE_LOOP('',(#4168,#4169,#4170,#4171));
#1052=EDGE_LOOP('',(#4172,#4173,#4174,#4175));
#1053=EDGE_LOOP('',(#4176,#4177,#4178,#4179));
#1054=EDGE_LOOP('',(#4180,#4181,#4182,#4183));
#1055=EDGE_LOOP('',(#4184,#4185,#4186,#4187));
#1056=EDGE_LOOP('',(#4188,#4189,#4190,#4191,#4192,#4193,#4194,#4195,#4196,
#4197,#4198,#4199,#4200,#4201,#4202));
#1057=EDGE_LOOP('',(#4203,#4204,#4205,#4206,#4207));
#1058=EDGE_LOOP('',(#4208,#4209,#4210,#4211));
#1059=EDGE_LOOP('',(#4212,#4213,#4214,#4215));
#1060=EDGE_LOOP('',(#4216,#4217,#4218,#4219));
#1061=EDGE_LOOP('',(#4220,#4221,#4222,#4223));
#1062=EDGE_LOOP('',(#4224,#4225,#4226,#4227));
#1063=EDGE_LOOP('',(#4228,#4229,#4230,#4231));
#1064=EDGE_LOOP('',(#4232,#4233,#4234,#4235));
#1065=EDGE_LOOP('',(#4236,#4237,#4238,#4239));
#1066=EDGE_LOOP('',(#4240,#4241,#4242,#4243));
#1067=EDGE_LOOP('',(#4244,#4245,#4246,#4247,#4248,#4249,#4250,#4251,#4252));
#1068=EDGE_LOOP('',(#4253,#4254,#4255,#4256));
#1069=EDGE_LOOP('',(#4257,#4258,#4259,#4260));
#1070=EDGE_LOOP('',(#4261,#4262,#4263,#4264));
#1071=EDGE_LOOP('',(#4265,#4266,#4267,#4268));
#1072=EDGE_LOOP('',(#4269,#4270,#4271,#4272));
#1073=EDGE_LOOP('',(#4273,#4274,#4275,#4276));
#1074=EDGE_LOOP('',(#4277,#4278,#4279,#4280));
#1075=EDGE_LOOP('',(#4281,#4282,#4283,#4284));
#1076=EDGE_LOOP('',(#4285,#4286,#4287,#4288));
#1077=EDGE_LOOP('',(#4289,#4290,#4291,#4292));
#1078=EDGE_LOOP('',(#4293,#4294,#4295,#4296));
#1079=EDGE_LOOP('',(#4297,#4298,#4299,#4300));
#1080=EDGE_LOOP('',(#4301,#4302,#4303,#4304));
#1081=EDGE_LOOP('',(#4305,#4306,#4307,#4308));
#1082=EDGE_LOOP('',(#4309,#4310,#4311,#4312));
#1083=EDGE_LOOP('',(#4313,#4314,#4315,#4316));
#1084=EDGE_LOOP('',(#4317,#4318,#4319,#4320));
#1085=EDGE_LOOP('',(#4321,#4322,#4323,#4324));
#1086=EDGE_LOOP('',(#4325,#4326,#4327,#4328));
#1087=EDGE_LOOP('',(#4329,#4330,#4331,#4332));
#1088=EDGE_LOOP('',(#4333,#4334,#4335,#4336));
#1089=EDGE_LOOP('',(#4337,#4338,#4339,#4340));
#1090=EDGE_LOOP('',(#4341,#4342,#4343,#4344));
#1091=EDGE_LOOP('',(#4345,#4346,#4347,#4348));
#1092=EDGE_LOOP('',(#4349,#4350,#4351,#4352));
#1093=EDGE_LOOP('',(#4353,#4354,#4355,#4356));
#1094=EDGE_LOOP('',(#4357,#4358,#4359,#4360));
#1095=EDGE_LOOP('',(#4361,#4362,#4363,#4364));
#1096=EDGE_LOOP('',(#4365,#4366,#4367,#4368));
#1097=EDGE_LOOP('',(#4369,#4370,#4371,#4372));
#1098=EDGE_LOOP('',(#4373,#4374,#4375,#4376));
#1099=EDGE_LOOP('',(#4377,#4378,#4379,#4380));
#1100=EDGE_LOOP('',(#4381,#4382,#4383,#4384));
#1101=EDGE_LOOP('',(#4385,#4386,#4387,#4388));
#1102=EDGE_LOOP('',(#4389,#4390,#4391,#4392));
#1103=EDGE_LOOP('',(#4393,#4394,#4395,#4396));
#1104=EDGE_LOOP('',(#4397,#4398,#4399,#4400));
#1105=EDGE_LOOP('',(#4401,#4402,#4403,#4404,#4405,#4406,#4407,#4408,#4409,
#4410,#4411,#4412,#4413,#4414,#4415,#4416,#4417,#4418,#4419,#4420,#4421,
#4422,#4423,#4424,#4425,#4426,#4427));
#1106=EDGE_LOOP('',(#4428,#4429,#4430,#4431,#4432,#4433,#4434,#4435,#4436,
#4437));
#1107=EDGE_LOOP('',(#4438,#4439,#4440,#4441));
#1108=EDGE_LOOP('',(#4442,#4443,#4444,#4445));
#1109=EDGE_LOOP('',(#4446,#4447,#4448,#4449));
#1110=EDGE_LOOP('',(#4450,#4451,#4452,#4453));
#1111=EDGE_LOOP('',(#4454,#4455,#4456,#4457));
#1112=EDGE_LOOP('',(#4458,#4459,#4460,#4461));
#1113=EDGE_LOOP('',(#4462,#4463,#4464,#4465));
#1114=EDGE_LOOP('',(#4466,#4467,#4468,#4469));
#1115=EDGE_LOOP('',(#4470,#4471,#4472,#4473,#4474,#4475,#4476,#4477));
#1116=EDGE_LOOP('',(#4478,#4479,#4480,#4481,#4482,#4483,#4484,#4485,#4486,
#4487));
#1117=EDGE_LOOP('',(#4488,#4489,#4490,#4491,#4492));
#1118=EDGE_LOOP('',(#4493,#4494,#4495));
#1119=EDGE_LOOP('',(#4496,#4497,#4498,#4499));
#1120=EDGE_LOOP('',(#4500,#4501,#4502));
#1121=EDGE_LOOP('',(#4503,#4504,#4505,#4506));
#1122=EDGE_LOOP('',(#4507,#4508,#4509));
#1123=EDGE_LOOP('',(#4510,#4511,#4512,#4513));
#1124=EDGE_LOOP('',(#4514,#4515,#4516));
#1125=EDGE_LOOP('',(#4517,#4518,#4519,#4520));
#1126=EDGE_LOOP('',(#4521,#4522,#4523,#4524));
#1127=EDGE_LOOP('',(#4525,#4526,#4527,#4528));
#1128=EDGE_LOOP('',(#4529,#4530,#4531,#4532));
#1129=EDGE_LOOP('',(#4533,#4534,#4535,#4536));
#1130=EDGE_LOOP('',(#4537,#4538,#4539,#4540));
#1131=EDGE_LOOP('',(#4541,#4542,#4543,#4544));
#1132=EDGE_LOOP('',(#4545,#4546,#4547,#4548));
#1133=EDGE_LOOP('',(#4549,#4550,#4551,#4552));
#1134=EDGE_LOOP('',(#4553,#4554,#4555,#4556));
#1135=EDGE_LOOP('',(#4557,#4558,#4559,#4560));
#1136=EDGE_LOOP('',(#4561,#4562,#4563,#4564));
#1137=EDGE_LOOP('',(#4565,#4566,#4567,#4568));
#1138=EDGE_LOOP('',(#4569,#4570,#4571,#4572));
#1139=EDGE_LOOP('',(#4573,#4574,#4575,#4576));
#1140=EDGE_LOOP('',(#4577,#4578,#4579,#4580));
#1141=EDGE_LOOP('',(#4581,#4582,#4583,#4584));
#1142=EDGE_LOOP('',(#4585,#4586,#4587,#4588));
#1143=EDGE_LOOP('',(#4589,#4590,#4591,#4592));
#1144=EDGE_LOOP('',(#4593,#4594,#4595,#4596));
#1145=EDGE_LOOP('',(#4597,#4598,#4599,#4600));
#1146=EDGE_LOOP('',(#4601,#4602,#4603,#4604));
#1147=EDGE_LOOP('',(#4605,#4606,#4607,#4608));
#1148=EDGE_LOOP('',(#4609,#4610,#4611,#4612));
#1149=EDGE_LOOP('',(#4613,#4614,#4615,#4616));
#1150=EDGE_LOOP('',(#4617,#4618,#4619,#4620));
#1151=EDGE_LOOP('',(#4621,#4622,#4623,#4624,#4625,#4626,#4627,#4628));
#1152=EDGE_LOOP('',(#4629));
#1153=EDGE_LOOP('',(#4630,#4631,#4632,#4633));
#1154=EDGE_LOOP('',(#4634,#4635,#4636,#4637));
#1155=EDGE_LOOP('',(#4638,#4639,#4640,#4641));
#1156=EDGE_LOOP('',(#4642,#4643,#4644,#4645));
#1157=EDGE_LOOP('',(#4646,#4647,#4648,#4649,#4650,#4651,#4652,#4653,#4654,
#4655,#4656,#4657,#4658));
#1158=EDGE_LOOP('',(#4659,#4660,#4661,#4662));
#1159=EDGE_LOOP('',(#4663,#4664,#4665,#4666,#4667,#4668,#4669,#4670,#4671,
#4672,#4673,#4674,#4675,#4676,#4677));
#1160=EDGE_LOOP('',(#4678,#4679,#4680,#4681,#4682,#4683,#4684,#4685,#4686));
#1161=EDGE_LOOP('',(#4687,#4688,#4689,#4690,#4691,#4692,#4693,#4694,#4695,
#4696,#4697,#4698,#4699,#4700,#4701,#4702,#4703,#4704,#4705,#4706,#4707,
#4708,#4709,#4710,#4711,#4712,#4713));
#1162=EDGE_LOOP('',(#4714,#4715,#4716,#4717,#4718,#4719,#4720,#4721));
#1163=EDGE_LOOP('',(#4722,#4723,#4724,#4725,#4726,#4727,#4728,#4729,#4730,
#4731,#4732,#4733,#4734,#4735,#4736,#4737,#4738));
#1164=EDGE_LOOP('',(#4739,#4740,#4741,#4742,#4743,#4744,#4745,#4746,#4747,
#4748,#4749,#4750,#4751));
#1165=EDGE_LOOP('',(#4752,#4753,#4754,#4755));
#1166=EDGE_LOOP('',(#4756,#4757,#4758,#4759,#4760,#4761,#4762,#4763,#4764,
#4765,#4766,#4767,#4768,#4769,#4770,#4771,#4772,#4773,#4774));
#1167=EDGE_LOOP('',(#4775,#4776,#4777,#4778,#4779,#4780,#4781,#4782,#4783,
#4784,#4785,#4786));
#1168=EDGE_LOOP('',(#4787,#4788,#4789,#4790,#4791,#4792,#4793,#4794,#4795,
#4796,#4797,#4798,#4799));
#1169=EDGE_LOOP('',(#4800,#4801,#4802,#4803,#4804,#4805,#4806,#4807,#4808,
#4809,#4810,#4811,#4812,#4813,#4814,#4815,#4816,#4817,#4818,#4819,#4820,
#4821,#4822,#4823,#4824,#4825,#4826,#4827,#4828,#4829,#4830,#4831,#4832));
#1170=EDGE_LOOP('',(#4833,#4834,#4835,#4836));
#1171=EDGE_LOOP('',(#4837,#4838,#4839,#4840));
#1172=EDGE_LOOP('',(#4841,#4842,#4843,#4844));
#1173=EDGE_LOOP('',(#4845,#4846,#4847,#4848));
#1174=EDGE_LOOP('',(#4849,#4850,#4851,#4852));
#1175=EDGE_LOOP('',(#4853,#4854,#4855,#4856));
#1176=EDGE_LOOP('',(#4857,#4858,#4859,#4860));
#1177=EDGE_LOOP('',(#4861,#4862,#4863,#4864));
#1178=EDGE_LOOP('',(#4865,#4866,#4867,#4868,#4869,#4870,#4871,#4872));
#1179=EDGE_LOOP('',(#4873));
#1180=EDGE_LOOP('',(#4874));
#1181=EDGE_LOOP('',(#4875));
#1182=EDGE_LOOP('',(#4876));
#1183=EDGE_LOOP('',(#4877,#4878,#4879,#4880));
#1184=LINE('',#6088,#1635);
#1185=LINE('',#6109,#1636);
#1186=LINE('',#6116,#1637);
#1187=LINE('',#6134,#1638);
#1188=LINE('',#6157,#1639);
#1189=LINE('',#6180,#1640);
#1190=LINE('',#6203,#1641);
#1191=LINE('',#6226,#1642);
#1192=LINE('',#6249,#1643);
#1193=LINE('',#6272,#1644);
#1194=LINE('',#6295,#1645);
#1195=LINE('',#6318,#1646);
#1196=LINE('',#6341,#1647);
#1197=LINE('',#6364,#1648);
#1198=LINE('',#6387,#1649);
#1199=LINE('',#6410,#1650);
#1200=LINE('',#6418,#1651);
#1201=LINE('',#6420,#1652);
#1202=LINE('',#6421,#1653);
#1203=LINE('',#6439,#1654);
#1204=LINE('',#6462,#1655);
#1205=LINE('',#6485,#1656);
#1206=LINE('',#6508,#1657);
#1207=LINE('',#6531,#1658);
#1208=LINE('',#6554,#1659);
#1209=LINE('',#6577,#1660);
#1210=LINE('',#6600,#1661);
#1211=LINE('',#6623,#1662);
#1212=LINE('',#6646,#1663);
#1213=LINE('',#6669,#1664);
#1214=LINE('',#6692,#1665);
#1215=LINE('',#6715,#1666);
#1216=LINE('',#6738,#1667);
#1217=LINE('',#6761,#1668);
#1218=LINE('',#6784,#1669);
#1219=LINE('',#6792,#1670);
#1220=LINE('',#6794,#1671);
#1221=LINE('',#6795,#1672);
#1222=LINE('',#6835,#1673);
#1223=LINE('',#6842,#1674);
#1224=LINE('',#6860,#1675);
#1225=LINE('',#6883,#1676);
#1226=LINE('',#6906,#1677);
#1227=LINE('',#6929,#1678);
#1228=LINE('',#6952,#1679);
#1229=LINE('',#6975,#1680);
#1230=LINE('',#7019,#1681);
#1231=LINE('',#7026,#1682);
#1232=LINE('',#7044,#1683);
#1233=LINE('',#7067,#1684);
#1234=LINE('',#7090,#1685);
#1235=LINE('',#7113,#1686);
#1236=LINE('',#7136,#1687);
#1237=LINE('',#7159,#1688);
#1238=LINE('',#7182,#1689);
#1239=LINE('',#7190,#1690);
#1240=LINE('',#7192,#1691);
#1241=LINE('',#7193,#1692);
#1242=LINE('',#7196,#1693);
#1243=LINE('',#7198,#1694);
#1244=LINE('',#7199,#1695);
#1245=LINE('',#7202,#1696);
#1246=LINE('',#7204,#1697);
#1247=LINE('',#7205,#1698);
#1248=LINE('',#7208,#1699);
#1249=LINE('',#7210,#1700);
#1250=LINE('',#7211,#1701);
#1251=LINE('',#7213,#1702);
#1252=LINE('',#7214,#1703);
#1253=LINE('',#7219,#1704);
#1254=LINE('',#7221,#1705);
#1255=LINE('',#7223,#1706);
#1256=LINE('',#7224,#1707);
#1257=LINE('',#7227,#1708);
#1258=LINE('',#7229,#1709);
#1259=LINE('',#7230,#1710);
#1260=LINE('',#7233,#1711);
#1261=LINE('',#7235,#1712);
#1262=LINE('',#7236,#1713);
#1263=LINE('',#7239,#1714);
#1264=LINE('',#7241,#1715);
#1265=LINE('',#7242,#1716);
#1266=LINE('',#7245,#1717);
#1267=LINE('',#7247,#1718);
#1268=LINE('',#7248,#1719);
#1269=LINE('',#7251,#1720);
#1270=LINE('',#7253,#1721);
#1271=LINE('',#7254,#1722);
#1272=LINE('',#7257,#1723);
#1273=LINE('',#7259,#1724);
#1274=LINE('',#7260,#1725);
#1275=LINE('',#7263,#1726);
#1276=LINE('',#7265,#1727);
#1277=LINE('',#7266,#1728);
#1278=LINE('',#7269,#1729);
#1279=LINE('',#7271,#1730);
#1280=LINE('',#7272,#1731);
#1281=LINE('',#7275,#1732);
#1282=LINE('',#7277,#1733);
#1283=LINE('',#7278,#1734);
#1284=LINE('',#7281,#1735);
#1285=LINE('',#7283,#1736);
#1286=LINE('',#7284,#1737);
#1287=LINE('',#7286,#1738);
#1288=LINE('',#7287,#1739);
#1289=LINE('',#7292,#1740);
#1290=LINE('',#7294,#1741);
#1291=LINE('',#7296,#1742);
#1292=LINE('',#7297,#1743);
#1293=LINE('',#7300,#1744);
#1294=LINE('',#7302,#1745);
#1295=LINE('',#7303,#1746);
#1296=LINE('',#7306,#1747);
#1297=LINE('',#7308,#1748);
#1298=LINE('',#7309,#1749);
#1299=LINE('',#7327,#1750);
#1300=LINE('',#7350,#1751);
#1301=LINE('',#7373,#1752);
#1302=LINE('',#7396,#1753);
#1303=LINE('',#7419,#1754);
#1304=LINE('',#7442,#1755);
#1305=LINE('',#7450,#1756);
#1306=LINE('',#7452,#1757);
#1307=LINE('',#7453,#1758);
#1308=LINE('',#7456,#1759);
#1309=LINE('',#7458,#1760);
#1310=LINE('',#7459,#1761);
#1311=LINE('',#7462,#1762);
#1312=LINE('',#7464,#1763);
#1313=LINE('',#7465,#1764);
#1314=LINE('',#7483,#1765);
#1315=LINE('',#7506,#1766);
#1316=LINE('',#7529,#1767);
#1317=LINE('',#7552,#1768);
#1318=LINE('',#7575,#1769);
#1319=LINE('',#7583,#1770);
#1320=LINE('',#7585,#1771);
#1321=LINE('',#7586,#1772);
#1322=LINE('',#7588,#1773);
#1323=LINE('',#7589,#1774);
#1324=LINE('',#7594,#1775);
#1325=LINE('',#7596,#1776);
#1326=LINE('',#7598,#1777);
#1327=LINE('',#7599,#1778);
#1328=LINE('',#7602,#1779);
#1329=LINE('',#7604,#1780);
#1330=LINE('',#7605,#1781);
#1331=LINE('',#7608,#1782);
#1332=LINE('',#7610,#1783);
#1333=LINE('',#7611,#1784);
#1334=LINE('',#7613,#1785);
#1335=LINE('',#7614,#1786);
#1336=LINE('',#7634,#1787);
#1337=LINE('',#7641,#1788);
#1338=LINE('',#7659,#1789);
#1339=LINE('',#7682,#1790);
#1340=LINE('',#7705,#1791);
#1341=LINE('',#7728,#1792);
#1342=LINE('',#7751,#1793);
#1343=LINE('',#7774,#1794);
#1344=LINE('',#7818,#1795);
#1345=LINE('',#7825,#1796);
#1346=LINE('',#7843,#1797);
#1347=LINE('',#7866,#1798);
#1348=LINE('',#7889,#1799);
#1349=LINE('',#7912,#1800);
#1350=LINE('',#7935,#1801);
#1351=LINE('',#7958,#1802);
#1352=LINE('',#7981,#1803);
#1353=LINE('',#7989,#1804);
#1354=LINE('',#7991,#1805);
#1355=LINE('',#7992,#1806);
#1356=LINE('',#7995,#1807);
#1357=LINE('',#7997,#1808);
#1358=LINE('',#7998,#1809);
#1359=LINE('',#8001,#1810);
#1360=LINE('',#8003,#1811);
#1361=LINE('',#8004,#1812);
#1362=LINE('',#8007,#1813);
#1363=LINE('',#8009,#1814);
#1364=LINE('',#8010,#1815);
#1365=LINE('',#8012,#1816);
#1366=LINE('',#8013,#1817);
#1367=LINE('',#8033,#1818);
#1368=LINE('',#8040,#1819);
#1369=LINE('',#8058,#1820);
#1370=LINE('',#8081,#1821);
#1371=LINE('',#8104,#1822);
#1372=LINE('',#8127,#1823);
#1373=LINE('',#8135,#1824);
#1374=LINE('',#8137,#1825);
#1375=LINE('',#8138,#1826);
#1376=LINE('',#8141,#1827);
#1377=LINE('',#8143,#1828);
#1378=LINE('',#8144,#1829);
#1379=LINE('',#8147,#1830);
#1380=LINE('',#8149,#1831);
#1381=LINE('',#8150,#1832);
#1382=LINE('',#8168,#1833);
#1383=LINE('',#8191,#1834);
#1384=LINE('',#8214,#1835);
#1385=LINE('',#8237,#1836);
#1386=LINE('',#8260,#1837);
#1387=LINE('',#8283,#1838);
#1388=LINE('',#8291,#1839);
#1389=LINE('',#8293,#1840);
#1390=LINE('',#8294,#1841);
#1391=LINE('',#8297,#1842);
#1392=LINE('',#8299,#1843);
#1393=LINE('',#8300,#1844);
#1394=LINE('',#8302,#1845);
#1395=LINE('',#8303,#1846);
#1396=LINE('',#8310,#1847);
#1397=LINE('',#8312,#1848);
#1398=LINE('',#8314,#1849);
#1399=LINE('',#8315,#1850);
#1400=LINE('',#8333,#1851);
#1401=LINE('',#8356,#1852);
#1402=LINE('',#8379,#1853);
#1403=LINE('',#8402,#1854);
#1404=LINE('',#8410,#1855);
#1405=LINE('',#8412,#1856);
#1406=LINE('',#8413,#1857);
#1407=LINE('',#8431,#1858);
#1408=LINE('',#8454,#1859);
#1409=LINE('',#8477,#1860);
#1410=LINE('',#8485,#1861);
#1411=LINE('',#8487,#1862);
#1412=LINE('',#8488,#1863);
#1413=LINE('',#8491,#1864);
#1414=LINE('',#8493,#1865);
#1415=LINE('',#8494,#1866);
#1416=LINE('',#8497,#1867);
#1417=LINE('',#8499,#1868);
#1418=LINE('',#8500,#1869);
#1419=LINE('',#8502,#1870);
#1420=LINE('',#8503,#1871);
#1421=LINE('',#8508,#1872);
#1422=LINE('',#8510,#1873);
#1423=LINE('',#8512,#1874);
#1424=LINE('',#8513,#1875);
#1425=LINE('',#8516,#1876);
#1426=LINE('',#8518,#1877);
#1427=LINE('',#8519,#1878);
#1428=LINE('',#8522,#1879);
#1429=LINE('',#8524,#1880);
#1430=LINE('',#8525,#1881);
#1431=LINE('',#8527,#1882);
#1432=LINE('',#8528,#1883);
#1433=LINE('',#8548,#1884);
#1434=LINE('',#8555,#1885);
#1435=LINE('',#8573,#1886);
#1436=LINE('',#8596,#1887);
#1437=LINE('',#8604,#1888);
#1438=LINE('',#8606,#1889);
#1439=LINE('',#8607,#1890);
#1440=LINE('',#8646,#1891);
#1441=LINE('',#8653,#1892);
#1442=LINE('',#8671,#1893);
#1443=LINE('',#8694,#1894);
#1444=LINE('',#8702,#1895);
#1445=LINE('',#8704,#1896);
#1446=LINE('',#8705,#1897);
#1447=LINE('',#8723,#1898);
#1448=LINE('',#8746,#1899);
#1449=LINE('',#8769,#1900);
#1450=LINE('',#8792,#1901);
#1451=LINE('',#8815,#1902);
#1452=LINE('',#8838,#1903);
#1453=LINE('',#8861,#1904);
#1454=LINE('',#8884,#1905);
#1455=LINE('',#8907,#1906);
#1456=LINE('',#8915,#1907);
#1457=LINE('',#8917,#1908);
#1458=LINE('',#8918,#1909);
#1459=LINE('',#8943,#1910);
#1460=LINE('',#8945,#1911);
#1461=LINE('',#8947,#1912);
#1462=LINE('',#8948,#1913);
#1463=LINE('',#8951,#1914);
#1464=LINE('',#8953,#1915);
#1465=LINE('',#8954,#1916);
#1466=LINE('',#8957,#1917);
#1467=LINE('',#8959,#1918);
#1468=LINE('',#8960,#1919);
#1469=LINE('',#8978,#1920);
#1470=LINE('',#9001,#1921);
#1471=LINE('',#9009,#1922);
#1472=LINE('',#9011,#1923);
#1473=LINE('',#9012,#1924);
#1474=LINE('',#9015,#1925);
#1475=LINE('',#9017,#1926);
#1476=LINE('',#9018,#1927);
#1477=LINE('',#9021,#1928);
#1478=LINE('',#9023,#1929);
#1479=LINE('',#9024,#1930);
#1480=LINE('',#9026,#1931);
#1481=LINE('',#9027,#1932);
#1482=LINE('',#9047,#1933);
#1483=LINE('',#9054,#1934);
#1484=LINE('',#9072,#1935);
#1485=LINE('',#9095,#1936);
#1486=LINE('',#9118,#1937);
#1487=LINE('',#9141,#1938);
#1488=LINE('',#9164,#1939);
#1489=LINE('',#9187,#1940);
#1490=LINE('',#9210,#1941);
#1491=LINE('',#9233,#1942);
#1492=LINE('',#9240,#1943);
#1493=LINE('',#9241,#1944);
#1494=LINE('',#9245,#1945);
#1495=LINE('',#9247,#1946);
#1496=LINE('',#9249,#1947);
#1497=LINE('',#9250,#1948);
#1498=LINE('',#9268,#1949);
#1499=LINE('',#9291,#1950);
#1500=LINE('',#9299,#1951);
#1501=LINE('',#9301,#1952);
#1502=LINE('',#9302,#1953);
#1503=LINE('',#9320,#1954);
#1504=LINE('',#9343,#1955);
#1505=LINE('',#9366,#1956);
#1506=LINE('',#9389,#1957);
#1507=LINE('',#9412,#1958);
#1508=LINE('',#9435,#1959);
#1509=LINE('',#9458,#1960);
#1510=LINE('',#9466,#1961);
#1511=LINE('',#9468,#1962);
#1512=LINE('',#9469,#1963);
#1513=LINE('',#9487,#1964);
#1514=LINE('',#9510,#1965);
#1515=LINE('',#9533,#1966);
#1516=LINE('',#9556,#1967);
#1517=LINE('',#9579,#1968);
#1518=LINE('',#9602,#1969);
#1519=LINE('',#9625,#1970);
#1520=LINE('',#9648,#1971);
#1521=LINE('',#9671,#1972);
#1522=LINE('',#9694,#1973);
#1523=LINE('',#9717,#1974);
#1524=LINE('',#9740,#1975);
#1525=LINE('',#9763,#1976);
#1526=LINE('',#9786,#1977);
#1527=LINE('',#9816,#1978);
#1528=LINE('',#9818,#1979);
#1529=LINE('',#9820,#1980);
#1530=LINE('',#9821,#1981);
#1531=LINE('',#9824,#1982);
#1532=LINE('',#9826,#1983);
#1533=LINE('',#9827,#1984);
#1534=LINE('',#9830,#1985);
#1535=LINE('',#9832,#1986);
#1536=LINE('',#9833,#1987);
#1537=LINE('',#9836,#1988);
#1538=LINE('',#9838,#1989);
#1539=LINE('',#9839,#1990);
#1540=LINE('',#9842,#1991);
#1541=LINE('',#9844,#1992);
#1542=LINE('',#9845,#1993);
#1543=LINE('',#9848,#1994);
#1544=LINE('',#9850,#1995);
#1545=LINE('',#9851,#1996);
#1546=LINE('',#9854,#1997);
#1547=LINE('',#9856,#1998);
#1548=LINE('',#9857,#1999);
#1549=LINE('',#9859,#2000);
#1550=LINE('',#9860,#2001);
#1551=LINE('',#9868,#2002);
#1552=LINE('',#9872,#2003);
#1553=LINE('',#9877,#2004);
#1554=LINE('',#9881,#2005);
#1555=LINE('',#9886,#2006);
#1556=LINE('',#9890,#2007);
#1557=LINE('',#9895,#2008);
#1558=LINE('',#9899,#2009);
#1559=LINE('',#9903,#2010);
#1560=LINE('',#9905,#2011);
#1561=LINE('',#9907,#2012);
#1562=LINE('',#9908,#2013);
#1563=LINE('',#9911,#2014);
#1564=LINE('',#9913,#2015);
#1565=LINE('',#9914,#2016);
#1566=LINE('',#9917,#2017);
#1567=LINE('',#9919,#2018);
#1568=LINE('',#9920,#2019);
#1569=LINE('',#9922,#2020);
#1570=LINE('',#9923,#2021);
#1571=LINE('',#9927,#2022);
#1572=LINE('',#9929,#2023);
#1573=LINE('',#9931,#2024);
#1574=LINE('',#9932,#2025);
#1575=LINE('',#9935,#2026);
#1576=LINE('',#9937,#2027);
#1577=LINE('',#9938,#2028);
#1578=LINE('',#9941,#2029);
#1579=LINE('',#9943,#2030);
#1580=LINE('',#9944,#2031);
#1581=LINE('',#9946,#2032);
#1582=LINE('',#9947,#2033);
#1583=LINE('',#9951,#2034);
#1584=LINE('',#9953,#2035);
#1585=LINE('',#9955,#2036);
#1586=LINE('',#9956,#2037);
#1587=LINE('',#9959,#2038);
#1588=LINE('',#9961,#2039);
#1589=LINE('',#9962,#2040);
#1590=LINE('',#9965,#2041);
#1591=LINE('',#9967,#2042);
#1592=LINE('',#9968,#2043);
#1593=LINE('',#9970,#2044);
#1594=LINE('',#9971,#2045);
#1595=LINE('',#9975,#2046);
#1596=LINE('',#9977,#2047);
#1597=LINE('',#9979,#2048);
#1598=LINE('',#9980,#2049);
#1599=LINE('',#9983,#2050);
#1600=LINE('',#9985,#2051);
#1601=LINE('',#9986,#2052);
#1602=LINE('',#9989,#2053);
#1603=LINE('',#9991,#2054);
#1604=LINE('',#9992,#2055);
#1605=LINE('',#9994,#2056);
#1606=LINE('',#9995,#2057);
#1607=LINE('',#9999,#2058);
#1608=LINE('',#10001,#2059);
#1609=LINE('',#10003,#2060);
#1610=LINE('',#10004,#2061);
#1611=LINE('',#10007,#2062);
#1612=LINE('',#10009,#2063);
#1613=LINE('',#10010,#2064);
#1614=LINE('',#10013,#2065);
#1615=LINE('',#10015,#2066);
#1616=LINE('',#10016,#2067);
#1617=LINE('',#10018,#2068);
#1618=LINE('',#10019,#2069);
#1619=LINE('',#10026,#2070);
#1620=LINE('',#10030,#2071);
#1621=LINE('',#10034,#2072);
#1622=LINE('',#10037,#2073);
#1623=LINE('',#10041,#2074);
#1624=LINE('',#10042,#2075);
#1625=LINE('',#10043,#2076);
#1626=LINE('',#10047,#2077);
#1627=LINE('',#10050,#2078);
#1628=LINE('',#10051,#2079);
#1629=LINE('',#10055,#2080);
#1630=LINE('',#10058,#2081);
#1631=LINE('',#10059,#2082);
#1632=LINE('',#10063,#2083);
#1633=LINE('',#10066,#2084);
#1634=LINE('',#10067,#2085);
#1635=VECTOR('',#5336,13.6014707114131);
#1636=VECTOR('',#5341,10.);
#1637=VECTOR('',#5342,10.);
#1638=VECTOR('',#5343,10.);
#1639=VECTOR('',#5344,10.);
#1640=VECTOR('',#5345,10.);
#1641=VECTOR('',#5346,10.);
#1642=VECTOR('',#5347,10.);
#1643=VECTOR('',#5348,10.);
#1644=VECTOR('',#5349,10.);
#1645=VECTOR('',#5350,10.);
#1646=VECTOR('',#5351,10.);
#1647=VECTOR('',#5352,10.);
#1648=VECTOR('',#5353,10.);
#1649=VECTOR('',#5354,10.);
#1650=VECTOR('',#5355,10.);
#1651=VECTOR('',#5358,10.);
#1652=VECTOR('',#5359,10.);
#1653=VECTOR('',#5360,10.);
#1654=VECTOR('',#5361,10.);
#1655=VECTOR('',#5362,10.);
#1656=VECTOR('',#5363,10.);
#1657=VECTOR('',#5364,10.);
#1658=VECTOR('',#5365,10.);
#1659=VECTOR('',#5366,10.);
#1660=VECTOR('',#5367,10.);
#1661=VECTOR('',#5368,10.);
#1662=VECTOR('',#5369,10.);
#1663=VECTOR('',#5370,10.);
#1664=VECTOR('',#5371,10.);
#1665=VECTOR('',#5372,10.);
#1666=VECTOR('',#5373,10.);
#1667=VECTOR('',#5374,10.);
#1668=VECTOR('',#5375,10.);
#1669=VECTOR('',#5376,10.);
#1670=VECTOR('',#5379,10.);
#1671=VECTOR('',#5380,10.);
#1672=VECTOR('',#5381,10.);
#1673=VECTOR('',#5384,10.);
#1674=VECTOR('',#5385,10.);
#1675=VECTOR('',#5386,10.);
#1676=VECTOR('',#5387,10.);
#1677=VECTOR('',#5388,10.);
#1678=VECTOR('',#5389,10.);
#1679=VECTOR('',#5390,10.);
#1680=VECTOR('',#5391,10.);
#1681=VECTOR('',#5392,10.);
#1682=VECTOR('',#5393,10.);
#1683=VECTOR('',#5394,10.);
#1684=VECTOR('',#5395,10.);
#1685=VECTOR('',#5396,10.);
#1686=VECTOR('',#5397,10.);
#1687=VECTOR('',#5398,10.);
#1688=VECTOR('',#5399,10.);
#1689=VECTOR('',#5400,10.);
#1690=VECTOR('',#5403,10.);
#1691=VECTOR('',#5404,10.);
#1692=VECTOR('',#5405,10.);
#1693=VECTOR('',#5408,10.);
#1694=VECTOR('',#5409,10.);
#1695=VECTOR('',#5410,10.);
#1696=VECTOR('',#5413,10.);
#1697=VECTOR('',#5414,10.);
#1698=VECTOR('',#5415,10.);
#1699=VECTOR('',#5418,10.);
#1700=VECTOR('',#5419,10.);
#1701=VECTOR('',#5420,10.);
#1702=VECTOR('',#5423,10.);
#1703=VECTOR('',#5424,10.);
#1704=VECTOR('',#5429,10.);
#1705=VECTOR('',#5430,10.);
#1706=VECTOR('',#5431,10.);
#1707=VECTOR('',#5432,10.);
#1708=VECTOR('',#5435,10.);
#1709=VECTOR('',#5436,10.);
#1710=VECTOR('',#5437,10.);
#1711=VECTOR('',#5440,10.);
#1712=VECTOR('',#5441,10.);
#1713=VECTOR('',#5442,10.);
#1714=VECTOR('',#5445,10.);
#1715=VECTOR('',#5446,10.);
#1716=VECTOR('',#5447,10.);
#1717=VECTOR('',#5450,10.);
#1718=VECTOR('',#5451,10.);
#1719=VECTOR('',#5452,10.);
#1720=VECTOR('',#5455,10.);
#1721=VECTOR('',#5456,10.);
#1722=VECTOR('',#5457,10.);
#1723=VECTOR('',#5460,10.);
#1724=VECTOR('',#5461,10.);
#1725=VECTOR('',#5462,10.);
#1726=VECTOR('',#5465,10.);
#1727=VECTOR('',#5466,10.);
#1728=VECTOR('',#5467,10.);
#1729=VECTOR('',#5470,10.);
#1730=VECTOR('',#5471,10.);
#1731=VECTOR('',#5472,10.);
#1732=VECTOR('',#5475,10.);
#1733=VECTOR('',#5476,10.);
#1734=VECTOR('',#5477,10.);
#1735=VECTOR('',#5480,10.);
#1736=VECTOR('',#5481,10.);
#1737=VECTOR('',#5482,10.);
#1738=VECTOR('',#5485,10.);
#1739=VECTOR('',#5486,10.);
#1740=VECTOR('',#5491,10.);
#1741=VECTOR('',#5492,10.);
#1742=VECTOR('',#5493,10.);
#1743=VECTOR('',#5494,10.);
#1744=VECTOR('',#5497,10.);
#1745=VECTOR('',#5498,10.);
#1746=VECTOR('',#5499,10.);
#1747=VECTOR('',#5502,10.);
#1748=VECTOR('',#5503,10.);
#1749=VECTOR('',#5504,10.);
#1750=VECTOR('',#5505,10.);
#1751=VECTOR('',#5506,10.);
#1752=VECTOR('',#5507,10.);
#1753=VECTOR('',#5508,10.);
#1754=VECTOR('',#5509,10.);
#1755=VECTOR('',#5510,10.);
#1756=VECTOR('',#5513,10.);
#1757=VECTOR('',#5514,10.);
#1758=VECTOR('',#5515,10.);
#1759=VECTOR('',#5518,10.);
#1760=VECTOR('',#5519,10.);
#1761=VECTOR('',#5520,10.);
#1762=VECTOR('',#5523,10.);
#1763=VECTOR('',#5524,10.);
#1764=VECTOR('',#5525,10.);
#1765=VECTOR('',#5526,10.);
#1766=VECTOR('',#5527,10.);
#1767=VECTOR('',#5528,10.);
#1768=VECTOR('',#5529,10.);
#1769=VECTOR('',#5530,10.);
#1770=VECTOR('',#5533,10.);
#1771=VECTOR('',#5534,10.);
#1772=VECTOR('',#5535,10.);
#1773=VECTOR('',#5538,10.);
#1774=VECTOR('',#5539,10.);
#1775=VECTOR('',#5544,10.);
#1776=VECTOR('',#5545,10.);
#1777=VECTOR('',#5546,10.);
#1778=VECTOR('',#5547,10.);
#1779=VECTOR('',#5550,10.);
#1780=VECTOR('',#5551,10.);
#1781=VECTOR('',#5552,10.);
#1782=VECTOR('',#5555,10.);
#1783=VECTOR('',#5556,10.);
#1784=VECTOR('',#5557,10.);
#1785=VECTOR('',#5560,10.);
#1786=VECTOR('',#5561,10.);
#1787=VECTOR('',#5564,10.);
#1788=VECTOR('',#5565,10.);
#1789=VECTOR('',#5566,10.);
#1790=VECTOR('',#5567,10.);
#1791=VECTOR('',#5568,10.);
#1792=VECTOR('',#5569,10.);
#1793=VECTOR('',#5570,10.);
#1794=VECTOR('',#5571,10.);
#1795=VECTOR('',#5572,10.);
#1796=VECTOR('',#5573,10.);
#1797=VECTOR('',#5574,10.);
#1798=VECTOR('',#5575,10.);
#1799=VECTOR('',#5576,10.);
#1800=VECTOR('',#5577,10.);
#1801=VECTOR('',#5578,10.);
#1802=VECTOR('',#5579,10.);
#1803=VECTOR('',#5580,10.);
#1804=VECTOR('',#5583,10.);
#1805=VECTOR('',#5584,10.);
#1806=VECTOR('',#5585,10.);
#1807=VECTOR('',#5588,10.);
#1808=VECTOR('',#5589,10.);
#1809=VECTOR('',#5590,10.);
#1810=VECTOR('',#5593,10.);
#1811=VECTOR('',#5594,10.);
#1812=VECTOR('',#5595,10.);
#1813=VECTOR('',#5598,10.);
#1814=VECTOR('',#5599,10.);
#1815=VECTOR('',#5600,10.);
#1816=VECTOR('',#5603,10.);
#1817=VECTOR('',#5604,10.);
#1818=VECTOR('',#5607,10.);
#1819=VECTOR('',#5608,10.);
#1820=VECTOR('',#5609,10.);
#1821=VECTOR('',#5610,10.);
#1822=VECTOR('',#5611,10.);
#1823=VECTOR('',#5612,10.);
#1824=VECTOR('',#5615,10.);
#1825=VECTOR('',#5616,10.);
#1826=VECTOR('',#5617,10.);
#1827=VECTOR('',#5620,10.);
#1828=VECTOR('',#5621,10.);
#1829=VECTOR('',#5622,10.);
#1830=VECTOR('',#5625,10.);
#1831=VECTOR('',#5626,10.);
#1832=VECTOR('',#5627,10.);
#1833=VECTOR('',#5628,10.);
#1834=VECTOR('',#5629,10.);
#1835=VECTOR('',#5630,10.);
#1836=VECTOR('',#5631,10.);
#1837=VECTOR('',#5632,10.);
#1838=VECTOR('',#5633,10.);
#1839=VECTOR('',#5636,10.);
#1840=VECTOR('',#5637,10.);
#1841=VECTOR('',#5638,10.);
#1842=VECTOR('',#5641,10.);
#1843=VECTOR('',#5642,10.);
#1844=VECTOR('',#5643,10.);
#1845=VECTOR('',#5646,10.);
#1846=VECTOR('',#5647,10.);
#1847=VECTOR('',#5656,10.);
#1848=VECTOR('',#5657,10.);
#1849=VECTOR('',#5658,10.);
#1850=VECTOR('',#5659,10.);
#1851=VECTOR('',#5660,10.);
#1852=VECTOR('',#5661,10.);
#1853=VECTOR('',#5662,10.);
#1854=VECTOR('',#5663,10.);
#1855=VECTOR('',#5666,10.);
#1856=VECTOR('',#5667,10.);
#1857=VECTOR('',#5668,10.);
#1858=VECTOR('',#5669,10.);
#1859=VECTOR('',#5670,10.);
#1860=VECTOR('',#5671,10.);
#1861=VECTOR('',#5674,10.);
#1862=VECTOR('',#5675,10.);
#1863=VECTOR('',#5676,10.);
#1864=VECTOR('',#5679,10.);
#1865=VECTOR('',#5680,10.);
#1866=VECTOR('',#5681,10.);
#1867=VECTOR('',#5684,10.);
#1868=VECTOR('',#5685,10.);
#1869=VECTOR('',#5686,10.);
#1870=VECTOR('',#5689,10.);
#1871=VECTOR('',#5690,10.);
#1872=VECTOR('',#5695,10.);
#1873=VECTOR('',#5696,10.);
#1874=VECTOR('',#5697,10.);
#1875=VECTOR('',#5698,10.);
#1876=VECTOR('',#5701,10.);
#1877=VECTOR('',#5702,10.);
#1878=VECTOR('',#5703,10.);
#1879=VECTOR('',#5706,10.);
#1880=VECTOR('',#5707,10.);
#1881=VECTOR('',#5708,10.);
#1882=VECTOR('',#5711,10.);
#1883=VECTOR('',#5712,10.);
#1884=VECTOR('',#5715,10.);
#1885=VECTOR('',#5716,10.);
#1886=VECTOR('',#5717,10.);
#1887=VECTOR('',#5718,10.);
#1888=VECTOR('',#5721,10.);
#1889=VECTOR('',#5722,10.);
#1890=VECTOR('',#5723,10.);
#1891=VECTOR('',#5724,10.);
#1892=VECTOR('',#5725,10.);
#1893=VECTOR('',#5726,10.);
#1894=VECTOR('',#5727,10.);
#1895=VECTOR('',#5730,10.);
#1896=VECTOR('',#5731,10.);
#1897=VECTOR('',#5732,10.);
#1898=VECTOR('',#5733,10.);
#1899=VECTOR('',#5734,10.);
#1900=VECTOR('',#5735,10.);
#1901=VECTOR('',#5736,10.);
#1902=VECTOR('',#5737,10.);
#1903=VECTOR('',#5738,10.);
#1904=VECTOR('',#5739,10.);
#1905=VECTOR('',#5740,10.);
#1906=VECTOR('',#5741,10.);
#1907=VECTOR('',#5744,10.);
#1908=VECTOR('',#5745,10.);
#1909=VECTOR('',#5746,10.);
#1910=VECTOR('',#5751,10.);
#1911=VECTOR('',#5752,10.);
#1912=VECTOR('',#5753,10.);
#1913=VECTOR('',#5754,10.);
#1914=VECTOR('',#5757,10.);
#1915=VECTOR('',#5758,10.);
#1916=VECTOR('',#5759,10.);
#1917=VECTOR('',#5762,10.);
#1918=VECTOR('',#5763,10.);
#1919=VECTOR('',#5764,10.);
#1920=VECTOR('',#5765,10.);
#1921=VECTOR('',#5766,10.);
#1922=VECTOR('',#5769,10.);
#1923=VECTOR('',#5770,10.);
#1924=VECTOR('',#5771,10.);
#1925=VECTOR('',#5774,10.);
#1926=VECTOR('',#5775,10.);
#1927=VECTOR('',#5776,10.);
#1928=VECTOR('',#5779,10.);
#1929=VECTOR('',#5780,10.);
#1930=VECTOR('',#5781,10.);
#1931=VECTOR('',#5784,10.);
#1932=VECTOR('',#5785,10.);
#1933=VECTOR('',#5788,10.);
#1934=VECTOR('',#5789,10.);
#1935=VECTOR('',#5790,10.);
#1936=VECTOR('',#5791,10.);
#1937=VECTOR('',#5792,10.);
#1938=VECTOR('',#5793,10.);
#1939=VECTOR('',#5794,10.);
#1940=VECTOR('',#5795,10.);
#1941=VECTOR('',#5796,10.);
#1942=VECTOR('',#5797,10.);
#1943=VECTOR('',#5800,10.);
#1944=VECTOR('',#5801,10.);
#1945=VECTOR('',#5804,10.);
#1946=VECTOR('',#5805,10.);
#1947=VECTOR('',#5806,10.);
#1948=VECTOR('',#5807,10.);
#1949=VECTOR('',#5808,10.);
#1950=VECTOR('',#5809,10.);
#1951=VECTOR('',#5812,10.);
#1952=VECTOR('',#5813,10.);
#1953=VECTOR('',#5814,10.);
#1954=VECTOR('',#5815,10.);
#1955=VECTOR('',#5816,10.);
#1956=VECTOR('',#5817,10.);
#1957=VECTOR('',#5818,10.);
#1958=VECTOR('',#5819,10.);
#1959=VECTOR('',#5820,10.);
#1960=VECTOR('',#5821,10.);
#1961=VECTOR('',#5824,10.);
#1962=VECTOR('',#5825,10.);
#1963=VECTOR('',#5826,10.);
#1964=VECTOR('',#5827,10.);
#1965=VECTOR('',#5828,10.);
#1966=VECTOR('',#5829,10.);
#1967=VECTOR('',#5830,10.);
#1968=VECTOR('',#5831,10.);
#1969=VECTOR('',#5832,10.);
#1970=VECTOR('',#5833,10.);
#1971=VECTOR('',#5834,10.);
#1972=VECTOR('',#5835,10.);
#1973=VECTOR('',#5836,10.);
#1974=VECTOR('',#5837,10.);
#1975=VECTOR('',#5838,10.);
#1976=VECTOR('',#5839,10.);
#1977=VECTOR('',#5840,10.);
#1978=VECTOR('',#5845,10.);
#1979=VECTOR('',#5846,10.);
#1980=VECTOR('',#5847,10.);
#1981=VECTOR('',#5848,10.);
#1982=VECTOR('',#5851,10.);
#1983=VECTOR('',#5852,10.);
#1984=VECTOR('',#5853,10.);
#1985=VECTOR('',#5856,10.);
#1986=VECTOR('',#5857,10.);
#1987=VECTOR('',#5858,10.);
#1988=VECTOR('',#5861,10.);
#1989=VECTOR('',#5862,10.);
#1990=VECTOR('',#5863,10.);
#1991=VECTOR('',#5866,10.);
#1992=VECTOR('',#5867,10.);
#1993=VECTOR('',#5868,10.);
#1994=VECTOR('',#5871,10.);
#1995=VECTOR('',#5872,10.);
#1996=VECTOR('',#5873,10.);
#1997=VECTOR('',#5876,10.);
#1998=VECTOR('',#5877,10.);
#1999=VECTOR('',#5878,10.);
#2000=VECTOR('',#5881,10.);
#2001=VECTOR('',#5882,10.);
#2002=VECTOR('',#5893,0.725);
#2003=VECTOR('',#5898,1.45);
#2004=VECTOR('',#5903,0.725);
#2005=VECTOR('',#5908,1.45);
#2006=VECTOR('',#5913,0.725);
#2007=VECTOR('',#5918,1.45);
#2008=VECTOR('',#5923,0.725);
#2009=VECTOR('',#5928,1.45);
#2010=VECTOR('',#5931,10.);
#2011=VECTOR('',#5932,10.);
#2012=VECTOR('',#5933,10.);
#2013=VECTOR('',#5934,10.);
#2014=VECTOR('',#5937,10.);
#2015=VECTOR('',#5938,10.);
#2016=VECTOR('',#5939,10.);
#2017=VECTOR('',#5942,10.);
#2018=VECTOR('',#5943,10.);
#2019=VECTOR('',#5944,10.);
#2020=VECTOR('',#5947,10.);
#2021=VECTOR('',#5948,10.);
#2022=VECTOR('',#5951,10.);
#2023=VECTOR('',#5952,10.);
#2024=VECTOR('',#5953,10.);
#2025=VECTOR('',#5954,10.);
#2026=VECTOR('',#5957,10.);
#2027=VECTOR('',#5958,10.);
#2028=VECTOR('',#5959,10.);
#2029=VECTOR('',#5962,10.);
#2030=VECTOR('',#5963,10.);
#2031=VECTOR('',#5964,10.);
#2032=VECTOR('',#5967,10.);
#2033=VECTOR('',#5968,10.);
#2034=VECTOR('',#5971,10.);
#2035=VECTOR('',#5972,10.);
#2036=VECTOR('',#5973,10.);
#2037=VECTOR('',#5974,10.);
#2038=VECTOR('',#5977,10.);
#2039=VECTOR('',#5978,10.);
#2040=VECTOR('',#5979,10.);
#2041=VECTOR('',#5982,10.);
#2042=VECTOR('',#5983,10.);
#2043=VECTOR('',#5984,10.);
#2044=VECTOR('',#5987,10.);
#2045=VECTOR('',#5988,10.);
#2046=VECTOR('',#5991,10.);
#2047=VECTOR('',#5992,10.);
#2048=VECTOR('',#5993,10.);
#2049=VECTOR('',#5994,10.);
#2050=VECTOR('',#5997,10.);
#2051=VECTOR('',#5998,10.);
#2052=VECTOR('',#5999,10.);
#2053=VECTOR('',#6002,10.);
#2054=VECTOR('',#6003,10.);
#2055=VECTOR('',#6004,10.);
#2056=VECTOR('',#6007,10.);
#2057=VECTOR('',#6008,10.);
#2058=VECTOR('',#6011,10.);
#2059=VECTOR('',#6012,10.);
#2060=VECTOR('',#6013,10.);
#2061=VECTOR('',#6014,10.);
#2062=VECTOR('',#6017,10.);
#2063=VECTOR('',#6018,10.);
#2064=VECTOR('',#6019,10.);
#2065=VECTOR('',#6022,10.);
#2066=VECTOR('',#6023,10.);
#2067=VECTOR('',#6024,10.);
#2068=VECTOR('',#6027,10.);
#2069=VECTOR('',#6028,10.);
#2070=VECTOR('',#6035,10.);
#2071=VECTOR('',#6038,10.);
#2072=VECTOR('',#6041,10.);
#2073=VECTOR('',#6044,10.);
#2074=VECTOR('',#6047,10.);
#2075=VECTOR('',#6048,10.);
#2076=VECTOR('',#6049,10.);
#2077=VECTOR('',#6054,10.);
#2078=VECTOR('',#6057,10.);
#2079=VECTOR('',#6058,10.);
#2080=VECTOR('',#6063,10.);
#2081=VECTOR('',#6066,10.);
#2082=VECTOR('',#6067,10.);
#2083=VECTOR('',#6072,10.);
#2084=VECTOR('',#6075,10.);
#2085=VECTOR('',#6076,10.);
#2086=CIRCLE('',#5181,13.6014707114131);
#2087=CIRCLE('',#5182,13.6014707114131);
#2088=CIRCLE('',#5276,1.45);
#2089=CIRCLE('',#5278,1.45);
#2090=CIRCLE('',#5280,1.45);
#2091=CIRCLE('',#5282,1.45);
#2092=CIRCLE('',#5284,1.45);
#2093=CIRCLE('',#5286,1.45);
#2094=CIRCLE('',#5288,1.45);
#2095=CIRCLE('',#5290,1.45);
#2096=CIRCLE('',#5313,9.99999999999999);
#2097=CIRCLE('',#5314,9.99999999999999);
#2098=CIRCLE('',#5315,9.99999999999999);
#2099=CIRCLE('',#5316,9.99999999999999);
#2100=CIRCLE('',#5319,9.99999999999999);
#2101=CIRCLE('',#5322,9.99999999999999);
#2102=CIRCLE('',#5325,9.99999999999999);
#2103=CIRCLE('',#5328,9.99999999999999);
#2104=VERTEX_POINT('',#6085);
#2105=VERTEX_POINT('',#6087);
#2106=VERTEX_POINT('',#6101);
#2107=VERTEX_POINT('',#6102);
#2108=VERTEX_POINT('',#6108);
#2109=VERTEX_POINT('',#6110);
#2110=VERTEX_POINT('',#6127);
#2111=VERTEX_POINT('',#6133);
#2112=VERTEX_POINT('',#6150);
#2113=VERTEX_POINT('',#6156);
#2114=VERTEX_POINT('',#6173);
#2115=VERTEX_POINT('',#6179);
#2116=VERTEX_POINT('',#6196);
#2117=VERTEX_POINT('',#6202);
#2118=VERTEX_POINT('',#6219);
#2119=VERTEX_POINT('',#6225);
#2120=VERTEX_POINT('',#6242);
#2121=VERTEX_POINT('',#6248);
#2122=VERTEX_POINT('',#6265);
#2123=VERTEX_POINT('',#6271);
#2124=VERTEX_POINT('',#6288);
#2125=VERTEX_POINT('',#6294);
#2126=VERTEX_POINT('',#6311);
#2127=VERTEX_POINT('',#6317);
#2128=VERTEX_POINT('',#6334);
#2129=VERTEX_POINT('',#6340);
#2130=VERTEX_POINT('',#6357);
#2131=VERTEX_POINT('',#6363);
#2132=VERTEX_POINT('',#6380);
#2133=VERTEX_POINT('',#6386);
#2134=VERTEX_POINT('',#6403);
#2135=VERTEX_POINT('',#6409);
#2136=VERTEX_POINT('',#6417);
#2137=VERTEX_POINT('',#6419);
#2138=VERTEX_POINT('',#6432);
#2139=VERTEX_POINT('',#6438);
#2140=VERTEX_POINT('',#6455);
#2141=VERTEX_POINT('',#6461);
#2142=VERTEX_POINT('',#6478);
#2143=VERTEX_POINT('',#6484);
#2144=VERTEX_POINT('',#6501);
#2145=VERTEX_POINT('',#6507);
#2146=VERTEX_POINT('',#6524);
#2147=VERTEX_POINT('',#6530);
#2148=VERTEX_POINT('',#6547);
#2149=VERTEX_POINT('',#6553);
#2150=VERTEX_POINT('',#6570);
#2151=VERTEX_POINT('',#6576);
#2152=VERTEX_POINT('',#6593);
#2153=VERTEX_POINT('',#6599);
#2154=VERTEX_POINT('',#6616);
#2155=VERTEX_POINT('',#6622);
#2156=VERTEX_POINT('',#6639);
#2157=VERTEX_POINT('',#6645);
#2158=VERTEX_POINT('',#6662);
#2159=VERTEX_POINT('',#6668);
#2160=VERTEX_POINT('',#6685);
#2161=VERTEX_POINT('',#6691);
#2162=VERTEX_POINT('',#6708);
#2163=VERTEX_POINT('',#6714);
#2164=VERTEX_POINT('',#6731);
#2165=VERTEX_POINT('',#6737);
#2166=VERTEX_POINT('',#6754);
#2167=VERTEX_POINT('',#6760);
#2168=VERTEX_POINT('',#6777);
#2169=VERTEX_POINT('',#6783);
#2170=VERTEX_POINT('',#6791);
#2171=VERTEX_POINT('',#6793);
#2172=VERTEX_POINT('',#6827);
#2173=VERTEX_POINT('',#6828);
#2174=VERTEX_POINT('',#6834);
#2175=VERTEX_POINT('',#6836);
#2176=VERTEX_POINT('',#6853);
#2177=VERTEX_POINT('',#6859);
#2178=VERTEX_POINT('',#6876);
#2179=VERTEX_POINT('',#6882);
#2180=VERTEX_POINT('',#6899);
#2181=VERTEX_POINT('',#6905);
#2182=VERTEX_POINT('',#6922);
#2183=VERTEX_POINT('',#6928);
#2184=VERTEX_POINT('',#6945);
#2185=VERTEX_POINT('',#6951);
#2186=VERTEX_POINT('',#6968);
#2187=VERTEX_POINT('',#6974);
#2188=VERTEX_POINT('',#7011);
#2189=VERTEX_POINT('',#7012);
#2190=VERTEX_POINT('',#7018);
#2191=VERTEX_POINT('',#7020);
#2192=VERTEX_POINT('',#7037);
#2193=VERTEX_POINT('',#7043);
#2194=VERTEX_POINT('',#7060);
#2195=VERTEX_POINT('',#7066);
#2196=VERTEX_POINT('',#7083);
#2197=VERTEX_POINT('',#7089);
#2198=VERTEX_POINT('',#7106);
#2199=VERTEX_POINT('',#7112);
#2200=VERTEX_POINT('',#7129);
#2201=VERTEX_POINT('',#7135);
#2202=VERTEX_POINT('',#7152);
#2203=VERTEX_POINT('',#7158);
#2204=VERTEX_POINT('',#7175);
#2205=VERTEX_POINT('',#7181);
#2206=VERTEX_POINT('',#7189);
#2207=VERTEX_POINT('',#7191);
#2208=VERTEX_POINT('',#7195);
#2209=VERTEX_POINT('',#7197);
#2210=VERTEX_POINT('',#7201);
#2211=VERTEX_POINT('',#7203);
#2212=VERTEX_POINT('',#7207);
#2213=VERTEX_POINT('',#7209);
#2214=VERTEX_POINT('',#7217);
#2215=VERTEX_POINT('',#7218);
#2216=VERTEX_POINT('',#7220);
#2217=VERTEX_POINT('',#7222);
#2218=VERTEX_POINT('',#7226);
#2219=VERTEX_POINT('',#7228);
#2220=VERTEX_POINT('',#7232);
#2221=VERTEX_POINT('',#7234);
#2222=VERTEX_POINT('',#7238);
#2223=VERTEX_POINT('',#7240);
#2224=VERTEX_POINT('',#7244);
#2225=VERTEX_POINT('',#7246);
#2226=VERTEX_POINT('',#7250);
#2227=VERTEX_POINT('',#7252);
#2228=VERTEX_POINT('',#7256);
#2229=VERTEX_POINT('',#7258);
#2230=VERTEX_POINT('',#7262);
#2231=VERTEX_POINT('',#7264);
#2232=VERTEX_POINT('',#7268);
#2233=VERTEX_POINT('',#7270);
#2234=VERTEX_POINT('',#7274);
#2235=VERTEX_POINT('',#7276);
#2236=VERTEX_POINT('',#7280);
#2237=VERTEX_POINT('',#7282);
#2238=VERTEX_POINT('',#7290);
#2239=VERTEX_POINT('',#7291);
#2240=VERTEX_POINT('',#7293);
#2241=VERTEX_POINT('',#7295);
#2242=VERTEX_POINT('',#7299);
#2243=VERTEX_POINT('',#7301);
#2244=VERTEX_POINT('',#7305);
#2245=VERTEX_POINT('',#7307);
#2246=VERTEX_POINT('',#7320);
#2247=VERTEX_POINT('',#7326);
#2248=VERTEX_POINT('',#7343);
#2249=VERTEX_POINT('',#7349);
#2250=VERTEX_POINT('',#7366);
#2251=VERTEX_POINT('',#7372);
#2252=VERTEX_POINT('',#7389);
#2253=VERTEX_POINT('',#7395);
#2254=VERTEX_POINT('',#7412);
#2255=VERTEX_POINT('',#7418);
#2256=VERTEX_POINT('',#7435);
#2257=VERTEX_POINT('',#7441);
#2258=VERTEX_POINT('',#7449);
#2259=VERTEX_POINT('',#7451);
#2260=VERTEX_POINT('',#7455);
#2261=VERTEX_POINT('',#7457);
#2262=VERTEX_POINT('',#7461);
#2263=VERTEX_POINT('',#7463);
#2264=VERTEX_POINT('',#7476);
#2265=VERTEX_POINT('',#7482);
#2266=VERTEX_POINT('',#7499);
#2267=VERTEX_POINT('',#7505);
#2268=VERTEX_POINT('',#7522);
#2269=VERTEX_POINT('',#7528);
#2270=VERTEX_POINT('',#7545);
#2271=VERTEX_POINT('',#7551);
#2272=VERTEX_POINT('',#7568);
#2273=VERTEX_POINT('',#7574);
#2274=VERTEX_POINT('',#7582);
#2275=VERTEX_POINT('',#7584);
#2276=VERTEX_POINT('',#7592);
#2277=VERTEX_POINT('',#7593);
#2278=VERTEX_POINT('',#7595);
#2279=VERTEX_POINT('',#7597);
#2280=VERTEX_POINT('',#7601);
#2281=VERTEX_POINT('',#7603);
#2282=VERTEX_POINT('',#7607);
#2283=VERTEX_POINT('',#7609);
#2284=VERTEX_POINT('',#7626);
#2285=VERTEX_POINT('',#7627);
#2286=VERTEX_POINT('',#7633);
#2287=VERTEX_POINT('',#7635);
#2288=VERTEX_POINT('',#7652);
#2289=VERTEX_POINT('',#7658);
#2290=VERTEX_POINT('',#7675);
#2291=VERTEX_POINT('',#7681);
#2292=VERTEX_POINT('',#7698);
#2293=VERTEX_POINT('',#7704);
#2294=VERTEX_POINT('',#7721);
#2295=VERTEX_POINT('',#7727);
#2296=VERTEX_POINT('',#7744);
#2297=VERTEX_POINT('',#7750);
#2298=VERTEX_POINT('',#7767);
#2299=VERTEX_POINT('',#7773);
#2300=VERTEX_POINT('',#7810);
#2301=VERTEX_POINT('',#7811);
#2302=VERTEX_POINT('',#7817);
#2303=VERTEX_POINT('',#7819);
#2304=VERTEX_POINT('',#7836);
#2305=VERTEX_POINT('',#7842);
#2306=VERTEX_POINT('',#7859);
#2307=VERTEX_POINT('',#7865);
#2308=VERTEX_POINT('',#7882);
#2309=VERTEX_POINT('',#7888);
#2310=VERTEX_POINT('',#7905);
#2311=VERTEX_POINT('',#7911);
#2312=VERTEX_POINT('',#7928);
#2313=VERTEX_POINT('',#7934);
#2314=VERTEX_POINT('',#7951);
#2315=VERTEX_POINT('',#7957);
#2316=VERTEX_POINT('',#7974);
#2317=VERTEX_POINT('',#7980);
#2318=VERTEX_POINT('',#7988);
#2319=VERTEX_POINT('',#7990);
#2320=VERTEX_POINT('',#7994);
#2321=VERTEX_POINT('',#7996);
#2322=VERTEX_POINT('',#8000);
#2323=VERTEX_POINT('',#8002);
#2324=VERTEX_POINT('',#8006);
#2325=VERTEX_POINT('',#8008);
#2326=VERTEX_POINT('',#8025);
#2327=VERTEX_POINT('',#8026);
#2328=VERTEX_POINT('',#8032);
#2329=VERTEX_POINT('',#8034);
#2330=VERTEX_POINT('',#8051);
#2331=VERTEX_POINT('',#8057);
#2332=VERTEX_POINT('',#8074);
#2333=VERTEX_POINT('',#8080);
#2334=VERTEX_POINT('',#8097);
#2335=VERTEX_POINT('',#8103);
#2336=VERTEX_POINT('',#8120);
#2337=VERTEX_POINT('',#8126);
#2338=VERTEX_POINT('',#8134);
#2339=VERTEX_POINT('',#8136);
#2340=VERTEX_POINT('',#8140);
#2341=VERTEX_POINT('',#8142);
#2342=VERTEX_POINT('',#8146);
#2343=VERTEX_POINT('',#8148);
#2344=VERTEX_POINT('',#8161);
#2345=VERTEX_POINT('',#8167);
#2346=VERTEX_POINT('',#8184);
#2347=VERTEX_POINT('',#8190);
#2348=VERTEX_POINT('',#8207);
#2349=VERTEX_POINT('',#8213);
#2350=VERTEX_POINT('',#8230);
#2351=VERTEX_POINT('',#8236);
#2352=VERTEX_POINT('',#8253);
#2353=VERTEX_POINT('',#8259);
#2354=VERTEX_POINT('',#8276);
#2355=VERTEX_POINT('',#8282);
#2356=VERTEX_POINT('',#8290);
#2357=VERTEX_POINT('',#8292);
#2358=VERTEX_POINT('',#8296);
#2359=VERTEX_POINT('',#8298);
#2360=VERTEX_POINT('',#8308);
#2361=VERTEX_POINT('',#8309);
#2362=VERTEX_POINT('',#8311);
#2363=VERTEX_POINT('',#8313);
#2364=VERTEX_POINT('',#8326);
#2365=VERTEX_POINT('',#8332);
#2366=VERTEX_POINT('',#8349);
#2367=VERTEX_POINT('',#8355);
#2368=VERTEX_POINT('',#8372);
#2369=VERTEX_POINT('',#8378);
#2370=VERTEX_POINT('',#8395);
#2371=VERTEX_POINT('',#8401);
#2372=VERTEX_POINT('',#8409);
#2373=VERTEX_POINT('',#8411);
#2374=VERTEX_POINT('',#8424);
#2375=VERTEX_POINT('',#8430);
#2376=VERTEX_POINT('',#8447);
#2377=VERTEX_POINT('',#8453);
#2378=VERTEX_POINT('',#8470);
#2379=VERTEX_POINT('',#8476);
#2380=VERTEX_POINT('',#8484);
#2381=VERTEX_POINT('',#8486);
#2382=VERTEX_POINT('',#8490);
#2383=VERTEX_POINT('',#8492);
#2384=VERTEX_POINT('',#8496);
#2385=VERTEX_POINT('',#8498);
#2386=VERTEX_POINT('',#8506);
#2387=VERTEX_POINT('',#8507);
#2388=VERTEX_POINT('',#8509);
#2389=VERTEX_POINT('',#8511);
#2390=VERTEX_POINT('',#8515);
#2391=VERTEX_POINT('',#8517);
#2392=VERTEX_POINT('',#8521);
#2393=VERTEX_POINT('',#8523);
#2394=VERTEX_POINT('',#8540);
#2395=VERTEX_POINT('',#8541);
#2396=VERTEX_POINT('',#8547);
#2397=VERTEX_POINT('',#8549);
#2398=VERTEX_POINT('',#8566);
#2399=VERTEX_POINT('',#8572);
#2400=VERTEX_POINT('',#8589);
#2401=VERTEX_POINT('',#8595);
#2402=VERTEX_POINT('',#8603);
#2403=VERTEX_POINT('',#8605);
#2404=VERTEX_POINT('',#8638);
#2405=VERTEX_POINT('',#8639);
#2406=VERTEX_POINT('',#8645);
#2407=VERTEX_POINT('',#8647);
#2408=VERTEX_POINT('',#8664);
#2409=VERTEX_POINT('',#8670);
#2410=VERTEX_POINT('',#8687);
#2411=VERTEX_POINT('',#8693);
#2412=VERTEX_POINT('',#8701);
#2413=VERTEX_POINT('',#8703);
#2414=VERTEX_POINT('',#8716);
#2415=VERTEX_POINT('',#8722);
#2416=VERTEX_POINT('',#8739);
#2417=VERTEX_POINT('',#8745);
#2418=VERTEX_POINT('',#8762);
#2419=VERTEX_POINT('',#8768);
#2420=VERTEX_POINT('',#8785);
#2421=VERTEX_POINT('',#8791);
#2422=VERTEX_POINT('',#8808);
#2423=VERTEX_POINT('',#8814);
#2424=VERTEX_POINT('',#8831);
#2425=VERTEX_POINT('',#8837);
#2426=VERTEX_POINT('',#8854);
#2427=VERTEX_POINT('',#8860);
#2428=VERTEX_POINT('',#8877);
#2429=VERTEX_POINT('',#8883);
#2430=VERTEX_POINT('',#8900);
#2431=VERTEX_POINT('',#8906);
#2432=VERTEX_POINT('',#8914);
#2433=VERTEX_POINT('',#8916);
#2434=VERTEX_POINT('',#8941);
#2435=VERTEX_POINT('',#8942);
#2436=VERTEX_POINT('',#8944);
#2437=VERTEX_POINT('',#8946);
#2438=VERTEX_POINT('',#8950);
#2439=VERTEX_POINT('',#8952);
#2440=VERTEX_POINT('',#8956);
#2441=VERTEX_POINT('',#8958);
#2442=VERTEX_POINT('',#8971);
#2443=VERTEX_POINT('',#8977);
#2444=VERTEX_POINT('',#8994);
#2445=VERTEX_POINT('',#9000);
#2446=VERTEX_POINT('',#9008);
#2447=VERTEX_POINT('',#9010);
#2448=VERTEX_POINT('',#9014);
#2449=VERTEX_POINT('',#9016);
#2450=VERTEX_POINT('',#9020);
#2451=VERTEX_POINT('',#9022);
#2452=VERTEX_POINT('',#9039);
#2453=VERTEX_POINT('',#9040);
#2454=VERTEX_POINT('',#9046);
#2455=VERTEX_POINT('',#9048);
#2456=VERTEX_POINT('',#9065);
#2457=VERTEX_POINT('',#9071);
#2458=VERTEX_POINT('',#9088);
#2459=VERTEX_POINT('',#9094);
#2460=VERTEX_POINT('',#9111);
#2461=VERTEX_POINT('',#9117);
#2462=VERTEX_POINT('',#9134);
#2463=VERTEX_POINT('',#9140);
#2464=VERTEX_POINT('',#9157);
#2465=VERTEX_POINT('',#9163);
#2466=VERTEX_POINT('',#9180);
#2467=VERTEX_POINT('',#9186);
#2468=VERTEX_POINT('',#9203);
#2469=VERTEX_POINT('',#9209);
#2470=VERTEX_POINT('',#9226);
#2471=VERTEX_POINT('',#9232);
#2472=VERTEX_POINT('',#9243);
#2473=VERTEX_POINT('',#9244);
#2474=VERTEX_POINT('',#9246);
#2475=VERTEX_POINT('',#9248);
#2476=VERTEX_POINT('',#9261);
#2477=VERTEX_POINT('',#9267);
#2478=VERTEX_POINT('',#9284);
#2479=VERTEX_POINT('',#9290);
#2480=VERTEX_POINT('',#9298);
#2481=VERTEX_POINT('',#9300);
#2482=VERTEX_POINT('',#9313);
#2483=VERTEX_POINT('',#9319);
#2484=VERTEX_POINT('',#9336);
#2485=VERTEX_POINT('',#9342);
#2486=VERTEX_POINT('',#9359);
#2487=VERTEX_POINT('',#9365);
#2488=VERTEX_POINT('',#9382);
#2489=VERTEX_POINT('',#9388);
#2490=VERTEX_POINT('',#9405);
#2491=VERTEX_POINT('',#9411);
#2492=VERTEX_POINT('',#9428);
#2493=VERTEX_POINT('',#9434);
#2494=VERTEX_POINT('',#9451);
#2495=VERTEX_POINT('',#9457);
#2496=VERTEX_POINT('',#9465);
#2497=VERTEX_POINT('',#9467);
#2498=VERTEX_POINT('',#9480);
#2499=VERTEX_POINT('',#9486);
#2500=VERTEX_POINT('',#9503);
#2501=VERTEX_POINT('',#9509);
#2502=VERTEX_POINT('',#9526);
#2503=VERTEX_POINT('',#9532);
#2504=VERTEX_POINT('',#9549);
#2505=VERTEX_POINT('',#9555);
#2506=VERTEX_POINT('',#9572);
#2507=VERTEX_POINT('',#9578);
#2508=VERTEX_POINT('',#9595);
#2509=VERTEX_POINT('',#9601);
#2510=VERTEX_POINT('',#9618);
#2511=VERTEX_POINT('',#9624);
#2512=VERTEX_POINT('',#9641);
#2513=VERTEX_POINT('',#9647);
#2514=VERTEX_POINT('',#9664);
#2515=VERTEX_POINT('',#9670);
#2516=VERTEX_POINT('',#9687);
#2517=VERTEX_POINT('',#9693);
#2518=VERTEX_POINT('',#9710);
#2519=VERTEX_POINT('',#9716);
#2520=VERTEX_POINT('',#9733);
#2521=VERTEX_POINT('',#9739);
#2522=VERTEX_POINT('',#9756);
#2523=VERTEX_POINT('',#9762);
#2524=VERTEX_POINT('',#9779);
#2525=VERTEX_POINT('',#9785);
#2526=VERTEX_POINT('',#9814);
#2527=VERTEX_POINT('',#9815);
#2528=VERTEX_POINT('',#9817);
#2529=VERTEX_POINT('',#9819);
#2530=VERTEX_POINT('',#9823);
#2531=VERTEX_POINT('',#9825);
#2532=VERTEX_POINT('',#9829);
#2533=VERTEX_POINT('',#9831);
#2534=VERTEX_POINT('',#9835);
#2535=VERTEX_POINT('',#9837);
#2536=VERTEX_POINT('',#9841);
#2537=VERTEX_POINT('',#9843);
#2538=VERTEX_POINT('',#9847);
#2539=VERTEX_POINT('',#9849);
#2540=VERTEX_POINT('',#9853);
#2541=VERTEX_POINT('',#9855);
#2542=VERTEX_POINT('',#9865);
#2543=VERTEX_POINT('',#9867);
#2544=VERTEX_POINT('',#9870);
#2545=VERTEX_POINT('',#9874);
#2546=VERTEX_POINT('',#9876);
#2547=VERTEX_POINT('',#9879);
#2548=VERTEX_POINT('',#9883);
#2549=VERTEX_POINT('',#9885);
#2550=VERTEX_POINT('',#9888);
#2551=VERTEX_POINT('',#9892);
#2552=VERTEX_POINT('',#9894);
#2553=VERTEX_POINT('',#9897);
#2554=VERTEX_POINT('',#9901);
#2555=VERTEX_POINT('',#9902);
#2556=VERTEX_POINT('',#9904);
#2557=VERTEX_POINT('',#9906);
#2558=VERTEX_POINT('',#9910);
#2559=VERTEX_POINT('',#9912);
#2560=VERTEX_POINT('',#9916);
#2561=VERTEX_POINT('',#9918);
#2562=VERTEX_POINT('',#9925);
#2563=VERTEX_POINT('',#9926);
#2564=VERTEX_POINT('',#9928);
#2565=VERTEX_POINT('',#9930);
#2566=VERTEX_POINT('',#9934);
#2567=VERTEX_POINT('',#9936);
#2568=VERTEX_POINT('',#9940);
#2569=VERTEX_POINT('',#9942);
#2570=VERTEX_POINT('',#9949);
#2571=VERTEX_POINT('',#9950);
#2572=VERTEX_POINT('',#9952);
#2573=VERTEX_POINT('',#9954);
#2574=VERTEX_POINT('',#9958);
#2575=VERTEX_POINT('',#9960);
#2576=VERTEX_POINT('',#9964);
#2577=VERTEX_POINT('',#9966);
#2578=VERTEX_POINT('',#9973);
#2579=VERTEX_POINT('',#9974);
#2580=VERTEX_POINT('',#9976);
#2581=VERTEX_POINT('',#9978);
#2582=VERTEX_POINT('',#9982);
#2583=VERTEX_POINT('',#9984);
#2584=VERTEX_POINT('',#9988);
#2585=VERTEX_POINT('',#9990);
#2586=VERTEX_POINT('',#9997);
#2587=VERTEX_POINT('',#9998);
#2588=VERTEX_POINT('',#10000);
#2589=VERTEX_POINT('',#10002);
#2590=VERTEX_POINT('',#10006);
#2591=VERTEX_POINT('',#10008);
#2592=VERTEX_POINT('',#10012);
#2593=VERTEX_POINT('',#10014);
#2594=VERTEX_POINT('',#10022);
#2595=VERTEX_POINT('',#10023);
#2596=VERTEX_POINT('',#10025);
#2597=VERTEX_POINT('',#10027);
#2598=VERTEX_POINT('',#10029);
#2599=VERTEX_POINT('',#10031);
#2600=VERTEX_POINT('',#10033);
#2601=VERTEX_POINT('',#10035);
#2602=VERTEX_POINT('',#10039);
#2603=VERTEX_POINT('',#10040);
#2604=VERTEX_POINT('',#10045);
#2605=VERTEX_POINT('',#10049);
#2606=VERTEX_POINT('',#10053);
#2607=VERTEX_POINT('',#10057);
#2608=VERTEX_POINT('',#10061);
#2609=VERTEX_POINT('',#10065);
#2610=EDGE_CURVE('',#2104,#2104,#2086,.T.);
#2611=EDGE_CURVE('',#2104,#2105,#1184,.T.);
#2612=EDGE_CURVE('',#2105,#2105,#2087,.T.);
#2613=EDGE_CURVE('',#2106,#2107,#50,.T.);
#2614=EDGE_CURVE('',#2106,#2108,#1185,.T.);
#2615=EDGE_CURVE('',#2108,#2109,#51,.T.);
#2616=EDGE_CURVE('',#2107,#2109,#1186,.T.);
#2617=EDGE_CURVE('',#2110,#2106,#52,.T.);
#2618=EDGE_CURVE('',#2110,#2111,#1187,.T.);
#2619=EDGE_CURVE('',#2111,#2108,#53,.T.);
#2620=EDGE_CURVE('',#2112,#2110,#54,.T.);
#2621=EDGE_CURVE('',#2112,#2113,#1188,.T.);
#2622=EDGE_CURVE('',#2113,#2111,#55,.T.);
#2623=EDGE_CURVE('',#2114,#2112,#56,.T.);
#2624=EDGE_CURVE('',#2114,#2115,#1189,.T.);
#2625=EDGE_CURVE('',#2115,#2113,#57,.T.);
#2626=EDGE_CURVE('',#2116,#2114,#58,.T.);
#2627=EDGE_CURVE('',#2116,#2117,#1190,.T.);
#2628=EDGE_CURVE('',#2117,#2115,#59,.T.);
#2629=EDGE_CURVE('',#2118,#2116,#60,.T.);
#2630=EDGE_CURVE('',#2118,#2119,#1191,.T.);
#2631=EDGE_CURVE('',#2119,#2117,#61,.T.);
#2632=EDGE_CURVE('',#2120,#2118,#62,.T.);
#2633=EDGE_CURVE('',#2120,#2121,#1192,.T.);
#2634=EDGE_CURVE('',#2121,#2119,#63,.T.);
#2635=EDGE_CURVE('',#2122,#2120,#64,.T.);
#2636=EDGE_CURVE('',#2122,#2123,#1193,.T.);
#2637=EDGE_CURVE('',#2123,#2121,#65,.T.);
#2638=EDGE_CURVE('',#2124,#2122,#66,.T.);
#2639=EDGE_CURVE('',#2124,#2125,#1194,.T.);
#2640=EDGE_CURVE('',#2125,#2123,#67,.T.);
#2641=EDGE_CURVE('',#2126,#2124,#68,.T.);
#2642=EDGE_CURVE('',#2126,#2127,#1195,.T.);
#2643=EDGE_CURVE('',#2127,#2125,#69,.T.);
#2644=EDGE_CURVE('',#2128,#2126,#70,.T.);
#2645=EDGE_CURVE('',#2128,#2129,#1196,.T.);
#2646=EDGE_CURVE('',#2129,#2127,#71,.T.);
#2647=EDGE_CURVE('',#2130,#2128,#72,.T.);
#2648=EDGE_CURVE('',#2130,#2131,#1197,.T.);
#2649=EDGE_CURVE('',#2131,#2129,#73,.T.);
#2650=EDGE_CURVE('',#2132,#2130,#74,.T.);
#2651=EDGE_CURVE('',#2132,#2133,#1198,.T.);
#2652=EDGE_CURVE('',#2133,#2131,#75,.T.);
#2653=EDGE_CURVE('',#2134,#2132,#76,.T.);
#2654=EDGE_CURVE('',#2134,#2135,#1199,.T.);
#2655=EDGE_CURVE('',#2135,#2133,#77,.T.);
#2656=EDGE_CURVE('',#2136,#2134,#1200,.T.);
#2657=EDGE_CURVE('',#2136,#2137,#1201,.T.);
#2658=EDGE_CURVE('',#2137,#2135,#1202,.T.);
#2659=EDGE_CURVE('',#2138,#2136,#78,.T.);
#2660=EDGE_CURVE('',#2138,#2139,#1203,.T.);
#2661=EDGE_CURVE('',#2139,#2137,#79,.T.);
#2662=EDGE_CURVE('',#2140,#2138,#80,.T.);
#2663=EDGE_CURVE('',#2140,#2141,#1204,.T.);
#2664=EDGE_CURVE('',#2141,#2139,#81,.T.);
#2665=EDGE_CURVE('',#2142,#2140,#82,.T.);
#2666=EDGE_CURVE('',#2142,#2143,#1205,.T.);
#2667=EDGE_CURVE('',#2143,#2141,#83,.T.);
#2668=EDGE_CURVE('',#2144,#2142,#84,.T.);
#2669=EDGE_CURVE('',#2144,#2145,#1206,.T.);
#2670=EDGE_CURVE('',#2145,#2143,#85,.T.);
#2671=EDGE_CURVE('',#2146,#2144,#86,.T.);
#2672=EDGE_CURVE('',#2146,#2147,#1207,.T.);
#2673=EDGE_CURVE('',#2147,#2145,#87,.T.);
#2674=EDGE_CURVE('',#2148,#2146,#88,.T.);
#2675=EDGE_CURVE('',#2148,#2149,#1208,.T.);
#2676=EDGE_CURVE('',#2149,#2147,#89,.T.);
#2677=EDGE_CURVE('',#2150,#2148,#90,.T.);
#2678=EDGE_CURVE('',#2150,#2151,#1209,.T.);
#2679=EDGE_CURVE('',#2151,#2149,#91,.T.);
#2680=EDGE_CURVE('',#2152,#2150,#92,.T.);
#2681=EDGE_CURVE('',#2152,#2153,#1210,.T.);
#2682=EDGE_CURVE('',#2153,#2151,#93,.T.);
#2683=EDGE_CURVE('',#2154,#2152,#94,.T.);
#2684=EDGE_CURVE('',#2154,#2155,#1211,.T.);
#2685=EDGE_CURVE('',#2155,#2153,#95,.T.);
#2686=EDGE_CURVE('',#2156,#2154,#96,.T.);
#2687=EDGE_CURVE('',#2156,#2157,#1212,.T.);
#2688=EDGE_CURVE('',#2157,#2155,#97,.T.);
#2689=EDGE_CURVE('',#2158,#2156,#98,.T.);
#2690=EDGE_CURVE('',#2158,#2159,#1213,.T.);
#2691=EDGE_CURVE('',#2159,#2157,#99,.T.);
#2692=EDGE_CURVE('',#2160,#2158,#100,.T.);
#2693=EDGE_CURVE('',#2160,#2161,#1214,.T.);
#2694=EDGE_CURVE('',#2161,#2159,#101,.T.);
#2695=EDGE_CURVE('',#2162,#2160,#102,.T.);
#2696=EDGE_CURVE('',#2162,#2163,#1215,.T.);
#2697=EDGE_CURVE('',#2163,#2161,#103,.T.);
#2698=EDGE_CURVE('',#2164,#2162,#104,.T.);
#2699=EDGE_CURVE('',#2164,#2165,#1216,.T.);
#2700=EDGE_CURVE('',#2165,#2163,#105,.T.);
#2701=EDGE_CURVE('',#2166,#2164,#106,.T.);
#2702=EDGE_CURVE('',#2166,#2167,#1217,.T.);
#2703=EDGE_CURVE('',#2167,#2165,#107,.T.);
#2704=EDGE_CURVE('',#2168,#2166,#108,.T.);
#2705=EDGE_CURVE('',#2168,#2169,#1218,.T.);
#2706=EDGE_CURVE('',#2169,#2167,#109,.T.);
#2707=EDGE_CURVE('',#2170,#2168,#1219,.T.);
#2708=EDGE_CURVE('',#2170,#2171,#1220,.T.);
#2709=EDGE_CURVE('',#2171,#2169,#1221,.T.);
#2710=EDGE_CURVE('',#2107,#2170,#110,.T.);
#2711=EDGE_CURVE('',#2109,#2171,#111,.T.);
#2712=EDGE_CURVE('',#2172,#2173,#112,.T.);
#2713=EDGE_CURVE('',#2172,#2174,#1222,.T.);
#2714=EDGE_CURVE('',#2174,#2175,#113,.T.);
#2715=EDGE_CURVE('',#2173,#2175,#1223,.T.);
#2716=EDGE_CURVE('',#2176,#2172,#114,.T.);
#2717=EDGE_CURVE('',#2176,#2177,#1224,.T.);
#2718=EDGE_CURVE('',#2177,#2174,#115,.T.);
#2719=EDGE_CURVE('',#2178,#2176,#116,.T.);
#2720=EDGE_CURVE('',#2178,#2179,#1225,.T.);
#2721=EDGE_CURVE('',#2179,#2177,#117,.T.);
#2722=EDGE_CURVE('',#2180,#2178,#118,.T.);
#2723=EDGE_CURVE('',#2180,#2181,#1226,.T.);
#2724=EDGE_CURVE('',#2181,#2179,#119,.T.);
#2725=EDGE_CURVE('',#2182,#2180,#120,.T.);
#2726=EDGE_CURVE('',#2182,#2183,#1227,.T.);
#2727=EDGE_CURVE('',#2183,#2181,#121,.T.);
#2728=EDGE_CURVE('',#2184,#2182,#122,.T.);
#2729=EDGE_CURVE('',#2184,#2185,#1228,.T.);
#2730=EDGE_CURVE('',#2185,#2183,#123,.T.);
#2731=EDGE_CURVE('',#2186,#2184,#124,.T.);
#2732=EDGE_CURVE('',#2186,#2187,#1229,.T.);
#2733=EDGE_CURVE('',#2187,#2185,#125,.T.);
#2734=EDGE_CURVE('',#2173,#2186,#126,.T.);
#2735=EDGE_CURVE('',#2175,#2187,#127,.T.);
#2736=EDGE_CURVE('',#2188,#2189,#128,.T.);
#2737=EDGE_CURVE('',#2188,#2190,#1230,.T.);
#2738=EDGE_CURVE('',#2190,#2191,#129,.T.);
#2739=EDGE_CURVE('',#2189,#2191,#1231,.T.);
#2740=EDGE_CURVE('',#2192,#2188,#130,.T.);
#2741=EDGE_CURVE('',#2192,#2193,#1232,.T.);
#2742=EDGE_CURVE('',#2193,#2190,#131,.T.);
#2743=EDGE_CURVE('',#2194,#2192,#132,.T.);
#2744=EDGE_CURVE('',#2194,#2195,#1233,.T.);
#2745=EDGE_CURVE('',#2195,#2193,#133,.T.);
#2746=EDGE_CURVE('',#2196,#2194,#134,.T.);
#2747=EDGE_CURVE('',#2196,#2197,#1234,.T.);
#2748=EDGE_CURVE('',#2197,#2195,#135,.T.);
#2749=EDGE_CURVE('',#2198,#2196,#136,.T.);
#2750=EDGE_CURVE('',#2198,#2199,#1235,.T.);
#2751=EDGE_CURVE('',#2199,#2197,#137,.T.);
#2752=EDGE_CURVE('',#2200,#2198,#138,.T.);
#2753=EDGE_CURVE('',#2200,#2201,#1236,.T.);
#2754=EDGE_CURVE('',#2201,#2199,#139,.T.);
#2755=EDGE_CURVE('',#2202,#2200,#140,.T.);
#2756=EDGE_CURVE('',#2202,#2203,#1237,.T.);
#2757=EDGE_CURVE('',#2203,#2201,#141,.T.);
#2758=EDGE_CURVE('',#2204,#2202,#142,.T.);
#2759=EDGE_CURVE('',#2204,#2205,#1238,.T.);
#2760=EDGE_CURVE('',#2205,#2203,#143,.T.);
#2761=EDGE_CURVE('',#2206,#2204,#1239,.T.);
#2762=EDGE_CURVE('',#2206,#2207,#1240,.T.);
#2763=EDGE_CURVE('',#2207,#2205,#1241,.T.);
#2764=EDGE_CURVE('',#2208,#2206,#1242,.T.);
#2765=EDGE_CURVE('',#2208,#2209,#1243,.T.);
#2766=EDGE_CURVE('',#2209,#2207,#1244,.T.);
#2767=EDGE_CURVE('',#2210,#2208,#1245,.T.);
#2768=EDGE_CURVE('',#2210,#2211,#1246,.T.);
#2769=EDGE_CURVE('',#2211,#2209,#1247,.T.);
#2770=EDGE_CURVE('',#2212,#2210,#1248,.T.);
#2771=EDGE_CURVE('',#2212,#2213,#1249,.T.);
#2772=EDGE_CURVE('',#2213,#2211,#1250,.T.);
#2773=EDGE_CURVE('',#2189,#2212,#1251,.T.);
#2774=EDGE_CURVE('',#2191,#2213,#1252,.T.);
#2775=EDGE_CURVE('',#2214,#2215,#1253,.T.);
#2776=EDGE_CURVE('',#2214,#2216,#1254,.T.);
#2777=EDGE_CURVE('',#2216,#2217,#1255,.T.);
#2778=EDGE_CURVE('',#2215,#2217,#1256,.T.);
#2779=EDGE_CURVE('',#2218,#2214,#1257,.T.);
#2780=EDGE_CURVE('',#2218,#2219,#1258,.T.);
#2781=EDGE_CURVE('',#2219,#2216,#1259,.T.);
#2782=EDGE_CURVE('',#2220,#2218,#1260,.T.);
#2783=EDGE_CURVE('',#2220,#2221,#1261,.T.);
#2784=EDGE_CURVE('',#2221,#2219,#1262,.T.);
#2785=EDGE_CURVE('',#2222,#2220,#1263,.T.);
#2786=EDGE_CURVE('',#2222,#2223,#1264,.T.);
#2787=EDGE_CURVE('',#2223,#2221,#1265,.T.);
#2788=EDGE_CURVE('',#2224,#2222,#1266,.T.);
#2789=EDGE_CURVE('',#2224,#2225,#1267,.T.);
#2790=EDGE_CURVE('',#2225,#2223,#1268,.T.);
#2791=EDGE_CURVE('',#2226,#2224,#1269,.T.);
#2792=EDGE_CURVE('',#2226,#2227,#1270,.T.);
#2793=EDGE_CURVE('',#2227,#2225,#1271,.T.);
#2794=EDGE_CURVE('',#2228,#2226,#1272,.T.);
#2795=EDGE_CURVE('',#2228,#2229,#1273,.T.);
#2796=EDGE_CURVE('',#2229,#2227,#1274,.T.);
#2797=EDGE_CURVE('',#2230,#2228,#1275,.T.);
#2798=EDGE_CURVE('',#2230,#2231,#1276,.T.);
#2799=EDGE_CURVE('',#2231,#2229,#1277,.T.);
#2800=EDGE_CURVE('',#2232,#2230,#1278,.T.);
#2801=EDGE_CURVE('',#2232,#2233,#1279,.T.);
#2802=EDGE_CURVE('',#2233,#2231,#1280,.T.);
#2803=EDGE_CURVE('',#2234,#2232,#1281,.T.);
#2804=EDGE_CURVE('',#2234,#2235,#1282,.T.);
#2805=EDGE_CURVE('',#2235,#2233,#1283,.T.);
#2806=EDGE_CURVE('',#2236,#2234,#1284,.T.);
#2807=EDGE_CURVE('',#2236,#2237,#1285,.T.);
#2808=EDGE_CURVE('',#2237,#2235,#1286,.T.);
#2809=EDGE_CURVE('',#2215,#2236,#1287,.T.);
#2810=EDGE_CURVE('',#2217,#2237,#1288,.T.);
#2811=EDGE_CURVE('',#2238,#2239,#1289,.T.);
#2812=EDGE_CURVE('',#2238,#2240,#1290,.T.);
#2813=EDGE_CURVE('',#2240,#2241,#1291,.T.);
#2814=EDGE_CURVE('',#2239,#2241,#1292,.T.);
#2815=EDGE_CURVE('',#2242,#2238,#1293,.T.);
#2816=EDGE_CURVE('',#2242,#2243,#1294,.T.);
#2817=EDGE_CURVE('',#2243,#2240,#1295,.T.);
#2818=EDGE_CURVE('',#2244,#2242,#1296,.T.);
#2819=EDGE_CURVE('',#2244,#2245,#1297,.T.);
#2820=EDGE_CURVE('',#2245,#2243,#1298,.T.);
#2821=EDGE_CURVE('',#2246,#2244,#144,.T.);
#2822=EDGE_CURVE('',#2246,#2247,#1299,.T.);
#2823=EDGE_CURVE('',#2247,#2245,#145,.T.);
#2824=EDGE_CURVE('',#2248,#2246,#146,.T.);
#2825=EDGE_CURVE('',#2248,#2249,#1300,.T.);
#2826=EDGE_CURVE('',#2249,#2247,#147,.T.);
#2827=EDGE_CURVE('',#2250,#2248,#148,.T.);
#2828=EDGE_CURVE('',#2250,#2251,#1301,.T.);
#2829=EDGE_CURVE('',#2251,#2249,#149,.T.);
#2830=EDGE_CURVE('',#2252,#2250,#150,.T.);
#2831=EDGE_CURVE('',#2252,#2253,#1302,.T.);
#2832=EDGE_CURVE('',#2253,#2251,#151,.T.);
#2833=EDGE_CURVE('',#2254,#2252,#152,.T.);
#2834=EDGE_CURVE('',#2254,#2255,#1303,.T.);
#2835=EDGE_CURVE('',#2255,#2253,#153,.T.);
#2836=EDGE_CURVE('',#2256,#2254,#154,.T.);
#2837=EDGE_CURVE('',#2256,#2257,#1304,.T.);
#2838=EDGE_CURVE('',#2257,#2255,#155,.T.);
#2839=EDGE_CURVE('',#2258,#2256,#1305,.T.);
#2840=EDGE_CURVE('',#2258,#2259,#1306,.T.);
#2841=EDGE_CURVE('',#2259,#2257,#1307,.T.);
#2842=EDGE_CURVE('',#2260,#2258,#1308,.T.);
#2843=EDGE_CURVE('',#2260,#2261,#1309,.T.);
#2844=EDGE_CURVE('',#2261,#2259,#1310,.T.);
#2845=EDGE_CURVE('',#2262,#2260,#1311,.T.);
#2846=EDGE_CURVE('',#2262,#2263,#1312,.T.);
#2847=EDGE_CURVE('',#2263,#2261,#1313,.T.);
#2848=EDGE_CURVE('',#2264,#2262,#156,.T.);
#2849=EDGE_CURVE('',#2264,#2265,#1314,.T.);
#2850=EDGE_CURVE('',#2265,#2263,#157,.T.);
#2851=EDGE_CURVE('',#2266,#2264,#158,.T.);
#2852=EDGE_CURVE('',#2266,#2267,#1315,.T.);
#2853=EDGE_CURVE('',#2267,#2265,#159,.T.);
#2854=EDGE_CURVE('',#2268,#2266,#160,.T.);
#2855=EDGE_CURVE('',#2268,#2269,#1316,.T.);
#2856=EDGE_CURVE('',#2269,#2267,#161,.T.);
#2857=EDGE_CURVE('',#2270,#2268,#162,.T.);
#2858=EDGE_CURVE('',#2270,#2271,#1317,.T.);
#2859=EDGE_CURVE('',#2271,#2269,#163,.T.);
#2860=EDGE_CURVE('',#2272,#2270,#164,.T.);
#2861=EDGE_CURVE('',#2272,#2273,#1318,.T.);
#2862=EDGE_CURVE('',#2273,#2271,#165,.T.);
#2863=EDGE_CURVE('',#2274,#2272,#1319,.T.);
#2864=EDGE_CURVE('',#2274,#2275,#1320,.T.);
#2865=EDGE_CURVE('',#2275,#2273,#1321,.T.);
#2866=EDGE_CURVE('',#2239,#2274,#1322,.T.);
#2867=EDGE_CURVE('',#2241,#2275,#1323,.T.);
#2868=EDGE_CURVE('',#2276,#2277,#1324,.T.);
#2869=EDGE_CURVE('',#2276,#2278,#1325,.T.);
#2870=EDGE_CURVE('',#2278,#2279,#1326,.T.);
#2871=EDGE_CURVE('',#2277,#2279,#1327,.T.);
#2872=EDGE_CURVE('',#2280,#2276,#1328,.T.);
#2873=EDGE_CURVE('',#2280,#2281,#1329,.T.);
#2874=EDGE_CURVE('',#2281,#2278,#1330,.T.);
#2875=EDGE_CURVE('',#2282,#2280,#1331,.T.);
#2876=EDGE_CURVE('',#2282,#2283,#1332,.T.);
#2877=EDGE_CURVE('',#2283,#2281,#1333,.T.);
#2878=EDGE_CURVE('',#2277,#2282,#1334,.T.);
#2879=EDGE_CURVE('',#2279,#2283,#1335,.T.);
#2880=EDGE_CURVE('',#2284,#2285,#166,.T.);
#2881=EDGE_CURVE('',#2284,#2286,#1336,.T.);
#2882=EDGE_CURVE('',#2286,#2287,#167,.T.);
#2883=EDGE_CURVE('',#2285,#2287,#1337,.T.);
#2884=EDGE_CURVE('',#2288,#2284,#168,.T.);
#2885=EDGE_CURVE('',#2288,#2289,#1338,.T.);
#2886=EDGE_CURVE('',#2289,#2286,#169,.T.);
#2887=EDGE_CURVE('',#2290,#2288,#170,.T.);
#2888=EDGE_CURVE('',#2290,#2291,#1339,.T.);
#2889=EDGE_CURVE('',#2291,#2289,#171,.T.);
#2890=EDGE_CURVE('',#2292,#2290,#172,.T.);
#2891=EDGE_CURVE('',#2292,#2293,#1340,.T.);
#2892=EDGE_CURVE('',#2293,#2291,#173,.T.);
#2893=EDGE_CURVE('',#2294,#2292,#174,.T.);
#2894=EDGE_CURVE('',#2294,#2295,#1341,.T.);
#2895=EDGE_CURVE('',#2295,#2293,#175,.T.);
#2896=EDGE_CURVE('',#2296,#2294,#176,.T.);
#2897=EDGE_CURVE('',#2296,#2297,#1342,.T.);
#2898=EDGE_CURVE('',#2297,#2295,#177,.T.);
#2899=EDGE_CURVE('',#2298,#2296,#178,.T.);
#2900=EDGE_CURVE('',#2298,#2299,#1343,.T.);
#2901=EDGE_CURVE('',#2299,#2297,#179,.T.);
#2902=EDGE_CURVE('',#2285,#2298,#180,.T.);
#2903=EDGE_CURVE('',#2287,#2299,#181,.T.);
#2904=EDGE_CURVE('',#2300,#2301,#182,.T.);
#2905=EDGE_CURVE('',#2300,#2302,#1344,.T.);
#2906=EDGE_CURVE('',#2302,#2303,#183,.T.);
#2907=EDGE_CURVE('',#2301,#2303,#1345,.T.);
#2908=EDGE_CURVE('',#2304,#2300,#184,.T.);
#2909=EDGE_CURVE('',#2304,#2305,#1346,.T.);
#2910=EDGE_CURVE('',#2305,#2302,#185,.T.);
#2911=EDGE_CURVE('',#2306,#2304,#186,.T.);
#2912=EDGE_CURVE('',#2306,#2307,#1347,.T.);
#2913=EDGE_CURVE('',#2307,#2305,#187,.T.);
#2914=EDGE_CURVE('',#2308,#2306,#188,.T.);
#2915=EDGE_CURVE('',#2308,#2309,#1348,.T.);
#2916=EDGE_CURVE('',#2309,#2307,#189,.T.);
#2917=EDGE_CURVE('',#2310,#2308,#190,.T.);
#2918=EDGE_CURVE('',#2310,#2311,#1349,.T.);
#2919=EDGE_CURVE('',#2311,#2309,#191,.T.);
#2920=EDGE_CURVE('',#2312,#2310,#192,.T.);
#2921=EDGE_CURVE('',#2312,#2313,#1350,.T.);
#2922=EDGE_CURVE('',#2313,#2311,#193,.T.);
#2923=EDGE_CURVE('',#2314,#2312,#194,.T.);
#2924=EDGE_CURVE('',#2314,#2315,#1351,.T.);
#2925=EDGE_CURVE('',#2315,#2313,#195,.T.);
#2926=EDGE_CURVE('',#2316,#2314,#196,.T.);
#2927=EDGE_CURVE('',#2316,#2317,#1352,.T.);
#2928=EDGE_CURVE('',#2317,#2315,#197,.T.);
#2929=EDGE_CURVE('',#2318,#2316,#1353,.T.);
#2930=EDGE_CURVE('',#2318,#2319,#1354,.T.);
#2931=EDGE_CURVE('',#2319,#2317,#1355,.T.);
#2932=EDGE_CURVE('',#2320,#2318,#1356,.T.);
#2933=EDGE_CURVE('',#2320,#2321,#1357,.T.);
#2934=EDGE_CURVE('',#2321,#2319,#1358,.T.);
#2935=EDGE_CURVE('',#2322,#2320,#1359,.T.);
#2936=EDGE_CURVE('',#2322,#2323,#1360,.T.);
#2937=EDGE_CURVE('',#2323,#2321,#1361,.T.);
#2938=EDGE_CURVE('',#2324,#2322,#1362,.T.);
#2939=EDGE_CURVE('',#2324,#2325,#1363,.T.);
#2940=EDGE_CURVE('',#2325,#2323,#1364,.T.);
#2941=EDGE_CURVE('',#2301,#2324,#1365,.T.);
#2942=EDGE_CURVE('',#2303,#2325,#1366,.T.);
#2943=EDGE_CURVE('',#2326,#2327,#198,.T.);
#2944=EDGE_CURVE('',#2326,#2328,#1367,.T.);
#2945=EDGE_CURVE('',#2328,#2329,#199,.T.);
#2946=EDGE_CURVE('',#2327,#2329,#1368,.T.);
#2947=EDGE_CURVE('',#2330,#2326,#200,.T.);
#2948=EDGE_CURVE('',#2330,#2331,#1369,.T.);
#2949=EDGE_CURVE('',#2331,#2328,#201,.T.);
#2950=EDGE_CURVE('',#2332,#2330,#202,.T.);
#2951=EDGE_CURVE('',#2332,#2333,#1370,.T.);
#2952=EDGE_CURVE('',#2333,#2331,#203,.T.);
#2953=EDGE_CURVE('',#2334,#2332,#204,.T.);
#2954=EDGE_CURVE('',#2334,#2335,#1371,.T.);
#2955=EDGE_CURVE('',#2335,#2333,#205,.T.);
#2956=EDGE_CURVE('',#2336,#2334,#206,.T.);
#2957=EDGE_CURVE('',#2336,#2337,#1372,.T.);
#2958=EDGE_CURVE('',#2337,#2335,#207,.T.);
#2959=EDGE_CURVE('',#2338,#2336,#1373,.T.);
#2960=EDGE_CURVE('',#2338,#2339,#1374,.T.);
#2961=EDGE_CURVE('',#2339,#2337,#1375,.T.);
#2962=EDGE_CURVE('',#2340,#2338,#1376,.T.);
#2963=EDGE_CURVE('',#2340,#2341,#1377,.T.);
#2964=EDGE_CURVE('',#2341,#2339,#1378,.T.);
#2965=EDGE_CURVE('',#2342,#2340,#1379,.T.);
#2966=EDGE_CURVE('',#2342,#2343,#1380,.T.);
#2967=EDGE_CURVE('',#2343,#2341,#1381,.T.);
#2968=EDGE_CURVE('',#2344,#2342,#208,.T.);
#2969=EDGE_CURVE('',#2344,#2345,#1382,.T.);
#2970=EDGE_CURVE('',#2345,#2343,#209,.T.);
#2971=EDGE_CURVE('',#2346,#2344,#210,.T.);
#2972=EDGE_CURVE('',#2346,#2347,#1383,.T.);
#2973=EDGE_CURVE('',#2347,#2345,#211,.T.);
#2974=EDGE_CURVE('',#2348,#2346,#212,.T.);
#2975=EDGE_CURVE('',#2348,#2349,#1384,.T.);
#2976=EDGE_CURVE('',#2349,#2347,#213,.T.);
#2977=EDGE_CURVE('',#2350,#2348,#214,.T.);
#2978=EDGE_CURVE('',#2350,#2351,#1385,.T.);
#2979=EDGE_CURVE('',#2351,#2349,#215,.T.);
#2980=EDGE_CURVE('',#2352,#2350,#216,.T.);
#2981=EDGE_CURVE('',#2352,#2353,#1386,.T.);
#2982=EDGE_CURVE('',#2353,#2351,#217,.T.);
#2983=EDGE_CURVE('',#2354,#2352,#218,.T.);
#2984=EDGE_CURVE('',#2354,#2355,#1387,.T.);
#2985=EDGE_CURVE('',#2355,#2353,#219,.T.);
#2986=EDGE_CURVE('',#2356,#2354,#1388,.T.);
#2987=EDGE_CURVE('',#2356,#2357,#1389,.T.);
#2988=EDGE_CURVE('',#2357,#2355,#1390,.T.);
#2989=EDGE_CURVE('',#2358,#2356,#1391,.T.);
#2990=EDGE_CURVE('',#2358,#2359,#1392,.T.);
#2991=EDGE_CURVE('',#2359,#2357,#1393,.T.);
#2992=EDGE_CURVE('',#2327,#2358,#1394,.T.);
#2993=EDGE_CURVE('',#2329,#2359,#1395,.T.);
#2994=EDGE_CURVE('',#2360,#2361,#1396,.T.);
#2995=EDGE_CURVE('',#2360,#2362,#1397,.T.);
#2996=EDGE_CURVE('',#2362,#2363,#1398,.T.);
#2997=EDGE_CURVE('',#2361,#2363,#1399,.T.);
#2998=EDGE_CURVE('',#2364,#2360,#220,.T.);
#2999=EDGE_CURVE('',#2364,#2365,#1400,.T.);
#3000=EDGE_CURVE('',#2365,#2362,#221,.T.);
#3001=EDGE_CURVE('',#2366,#2364,#222,.T.);
#3002=EDGE_CURVE('',#2366,#2367,#1401,.T.);
#3003=EDGE_CURVE('',#2367,#2365,#223,.T.);
#3004=EDGE_CURVE('',#2368,#2366,#224,.T.);
#3005=EDGE_CURVE('',#2368,#2369,#1402,.T.);
#3006=EDGE_CURVE('',#2369,#2367,#225,.T.);
#3007=EDGE_CURVE('',#2370,#2368,#226,.T.);
#3008=EDGE_CURVE('',#2370,#2371,#1403,.T.);
#3009=EDGE_CURVE('',#2371,#2369,#227,.T.);
#3010=EDGE_CURVE('',#2372,#2370,#1404,.T.);
#3011=EDGE_CURVE('',#2372,#2373,#1405,.T.);
#3012=EDGE_CURVE('',#2373,#2371,#1406,.T.);
#3013=EDGE_CURVE('',#2374,#2372,#228,.T.);
#3014=EDGE_CURVE('',#2374,#2375,#1407,.T.);
#3015=EDGE_CURVE('',#2375,#2373,#229,.T.);
#3016=EDGE_CURVE('',#2376,#2374,#230,.T.);
#3017=EDGE_CURVE('',#2376,#2377,#1408,.T.);
#3018=EDGE_CURVE('',#2377,#2375,#231,.T.);
#3019=EDGE_CURVE('',#2378,#2376,#232,.T.);
#3020=EDGE_CURVE('',#2378,#2379,#1409,.T.);
#3021=EDGE_CURVE('',#2379,#2377,#233,.T.);
#3022=EDGE_CURVE('',#2380,#2378,#1410,.T.);
#3023=EDGE_CURVE('',#2380,#2381,#1411,.T.);
#3024=EDGE_CURVE('',#2381,#2379,#1412,.T.);
#3025=EDGE_CURVE('',#2382,#2380,#1413,.T.);
#3026=EDGE_CURVE('',#2382,#2383,#1414,.T.);
#3027=EDGE_CURVE('',#2383,#2381,#1415,.T.);
#3028=EDGE_CURVE('',#2384,#2382,#1416,.T.);
#3029=EDGE_CURVE('',#2384,#2385,#1417,.T.);
#3030=EDGE_CURVE('',#2385,#2383,#1418,.T.);
#3031=EDGE_CURVE('',#2361,#2384,#1419,.T.);
#3032=EDGE_CURVE('',#2363,#2385,#1420,.T.);
#3033=EDGE_CURVE('',#2386,#2387,#1421,.T.);
#3034=EDGE_CURVE('',#2386,#2388,#1422,.T.);
#3035=EDGE_CURVE('',#2388,#2389,#1423,.T.);
#3036=EDGE_CURVE('',#2387,#2389,#1424,.T.);
#3037=EDGE_CURVE('',#2390,#2386,#1425,.T.);
#3038=EDGE_CURVE('',#2390,#2391,#1426,.T.);
#3039=EDGE_CURVE('',#2391,#2388,#1427,.T.);
#3040=EDGE_CURVE('',#2392,#2390,#1428,.T.);
#3041=EDGE_CURVE('',#2392,#2393,#1429,.T.);
#3042=EDGE_CURVE('',#2393,#2391,#1430,.T.);
#3043=EDGE_CURVE('',#2387,#2392,#1431,.T.);
#3044=EDGE_CURVE('',#2389,#2393,#1432,.T.);
#3045=EDGE_CURVE('',#2394,#2395,#234,.T.);
#3046=EDGE_CURVE('',#2394,#2396,#1433,.T.);
#3047=EDGE_CURVE('',#2396,#2397,#235,.T.);
#3048=EDGE_CURVE('',#2395,#2397,#1434,.T.);
#3049=EDGE_CURVE('',#2398,#2394,#236,.T.);
#3050=EDGE_CURVE('',#2398,#2399,#1435,.T.);
#3051=EDGE_CURVE('',#2399,#2396,#237,.T.);
#3052=EDGE_CURVE('',#2400,#2398,#238,.T.);
#3053=EDGE_CURVE('',#2400,#2401,#1436,.T.);
#3054=EDGE_CURVE('',#2401,#2399,#239,.T.);
#3055=EDGE_CURVE('',#2402,#2400,#1437,.T.);
#3056=EDGE_CURVE('',#2402,#2403,#1438,.T.);
#3057=EDGE_CURVE('',#2403,#2401,#1439,.T.);
#3058=EDGE_CURVE('',#2395,#2402,#240,.T.);
#3059=EDGE_CURVE('',#2397,#2403,#241,.T.);
#3060=EDGE_CURVE('',#2404,#2405,#242,.T.);
#3061=EDGE_CURVE('',#2404,#2406,#1440,.T.);
#3062=EDGE_CURVE('',#2406,#2407,#243,.T.);
#3063=EDGE_CURVE('',#2405,#2407,#1441,.T.);
#3064=EDGE_CURVE('',#2408,#2404,#244,.T.);
#3065=EDGE_CURVE('',#2408,#2409,#1442,.T.);
#3066=EDGE_CURVE('',#2409,#2406,#245,.T.);
#3067=EDGE_CURVE('',#2410,#2408,#246,.T.);
#3068=EDGE_CURVE('',#2410,#2411,#1443,.T.);
#3069=EDGE_CURVE('',#2411,#2409,#247,.T.);
#3070=EDGE_CURVE('',#2412,#2410,#1444,.T.);
#3071=EDGE_CURVE('',#2412,#2413,#1445,.T.);
#3072=EDGE_CURVE('',#2413,#2411,#1446,.T.);
#3073=EDGE_CURVE('',#2414,#2412,#248,.T.);
#3074=EDGE_CURVE('',#2414,#2415,#1447,.T.);
#3075=EDGE_CURVE('',#2415,#2413,#249,.T.);
#3076=EDGE_CURVE('',#2416,#2414,#250,.T.);
#3077=EDGE_CURVE('',#2416,#2417,#1448,.T.);
#3078=EDGE_CURVE('',#2417,#2415,#251,.T.);
#3079=EDGE_CURVE('',#2418,#2416,#252,.T.);
#3080=EDGE_CURVE('',#2418,#2419,#1449,.T.);
#3081=EDGE_CURVE('',#2419,#2417,#253,.T.);
#3082=EDGE_CURVE('',#2420,#2418,#254,.T.);
#3083=EDGE_CURVE('',#2420,#2421,#1450,.T.);
#3084=EDGE_CURVE('',#2421,#2419,#255,.T.);
#3085=EDGE_CURVE('',#2422,#2420,#256,.T.);
#3086=EDGE_CURVE('',#2422,#2423,#1451,.T.);
#3087=EDGE_CURVE('',#2423,#2421,#257,.T.);
#3088=EDGE_CURVE('',#2424,#2422,#258,.T.);
#3089=EDGE_CURVE('',#2424,#2425,#1452,.T.);
#3090=EDGE_CURVE('',#2425,#2423,#259,.T.);
#3091=EDGE_CURVE('',#2426,#2424,#260,.T.);
#3092=EDGE_CURVE('',#2426,#2427,#1453,.T.);
#3093=EDGE_CURVE('',#2427,#2425,#261,.T.);
#3094=EDGE_CURVE('',#2428,#2426,#262,.T.);
#3095=EDGE_CURVE('',#2428,#2429,#1454,.T.);
#3096=EDGE_CURVE('',#2429,#2427,#263,.T.);
#3097=EDGE_CURVE('',#2430,#2428,#264,.T.);
#3098=EDGE_CURVE('',#2430,#2431,#1455,.T.);
#3099=EDGE_CURVE('',#2431,#2429,#265,.T.);
#3100=EDGE_CURVE('',#2432,#2430,#1456,.T.);
#3101=EDGE_CURVE('',#2432,#2433,#1457,.T.);
#3102=EDGE_CURVE('',#2433,#2431,#1458,.T.);
#3103=EDGE_CURVE('',#2405,#2432,#266,.T.);
#3104=EDGE_CURVE('',#2407,#2433,#267,.T.);
#3105=EDGE_CURVE('',#2434,#2435,#1459,.T.);
#3106=EDGE_CURVE('',#2434,#2436,#1460,.T.);
#3107=EDGE_CURVE('',#2436,#2437,#1461,.T.);
#3108=EDGE_CURVE('',#2435,#2437,#1462,.T.);
#3109=EDGE_CURVE('',#2438,#2434,#1463,.T.);
#3110=EDGE_CURVE('',#2438,#2439,#1464,.T.);
#3111=EDGE_CURVE('',#2439,#2436,#1465,.T.);
#3112=EDGE_CURVE('',#2440,#2438,#1466,.T.);
#3113=EDGE_CURVE('',#2440,#2441,#1467,.T.);
#3114=EDGE_CURVE('',#2441,#2439,#1468,.T.);
#3115=EDGE_CURVE('',#2442,#2440,#268,.T.);
#3116=EDGE_CURVE('',#2442,#2443,#1469,.T.);
#3117=EDGE_CURVE('',#2443,#2441,#269,.T.);
#3118=EDGE_CURVE('',#2444,#2442,#270,.T.);
#3119=EDGE_CURVE('',#2444,#2445,#1470,.T.);
#3120=EDGE_CURVE('',#2445,#2443,#271,.T.);
#3121=EDGE_CURVE('',#2446,#2444,#1471,.T.);
#3122=EDGE_CURVE('',#2446,#2447,#1472,.T.);
#3123=EDGE_CURVE('',#2447,#2445,#1473,.T.);
#3124=EDGE_CURVE('',#2448,#2446,#1474,.T.);
#3125=EDGE_CURVE('',#2448,#2449,#1475,.T.);
#3126=EDGE_CURVE('',#2449,#2447,#1476,.T.);
#3127=EDGE_CURVE('',#2450,#2448,#1477,.T.);
#3128=EDGE_CURVE('',#2450,#2451,#1478,.T.);
#3129=EDGE_CURVE('',#2451,#2449,#1479,.T.);
#3130=EDGE_CURVE('',#2435,#2450,#1480,.T.);
#3131=EDGE_CURVE('',#2437,#2451,#1481,.T.);
#3132=EDGE_CURVE('',#2452,#2453,#272,.T.);
#3133=EDGE_CURVE('',#2452,#2454,#1482,.T.);
#3134=EDGE_CURVE('',#2454,#2455,#273,.T.);
#3135=EDGE_CURVE('',#2453,#2455,#1483,.T.);
#3136=EDGE_CURVE('',#2456,#2452,#274,.T.);
#3137=EDGE_CURVE('',#2456,#2457,#1484,.T.);
#3138=EDGE_CURVE('',#2457,#2454,#275,.T.);
#3139=EDGE_CURVE('',#2458,#2456,#276,.T.);
#3140=EDGE_CURVE('',#2458,#2459,#1485,.T.);
#3141=EDGE_CURVE('',#2459,#2457,#277,.T.);
#3142=EDGE_CURVE('',#2460,#2458,#278,.T.);
#3143=EDGE_CURVE('',#2460,#2461,#1486,.T.);
#3144=EDGE_CURVE('',#2461,#2459,#279,.T.);
#3145=EDGE_CURVE('',#2462,#2460,#280,.T.);
#3146=EDGE_CURVE('',#2462,#2463,#1487,.T.);
#3147=EDGE_CURVE('',#2463,#2461,#281,.T.);
#3148=EDGE_CURVE('',#2464,#2462,#282,.T.);
#3149=EDGE_CURVE('',#2464,#2465,#1488,.T.);
#3150=EDGE_CURVE('',#2465,#2463,#283,.T.);
#3151=EDGE_CURVE('',#2466,#2464,#284,.T.);
#3152=EDGE_CURVE('',#2466,#2467,#1489,.T.);
#3153=EDGE_CURVE('',#2467,#2465,#285,.T.);
#3154=EDGE_CURVE('',#2468,#2466,#286,.T.);
#3155=EDGE_CURVE('',#2468,#2469,#1490,.T.);
#3156=EDGE_CURVE('',#2469,#2467,#287,.T.);
#3157=EDGE_CURVE('',#2470,#2468,#288,.T.);
#3158=EDGE_CURVE('',#2470,#2471,#1491,.T.);
#3159=EDGE_CURVE('',#2471,#2469,#289,.T.);
#3160=EDGE_CURVE('',#2453,#2470,#1492,.T.);
#3161=EDGE_CURVE('',#2455,#2471,#1493,.T.);
#3162=EDGE_CURVE('',#2472,#2473,#1494,.T.);
#3163=EDGE_CURVE('',#2472,#2474,#1495,.T.);
#3164=EDGE_CURVE('',#2474,#2475,#1496,.T.);
#3165=EDGE_CURVE('',#2473,#2475,#1497,.T.);
#3166=EDGE_CURVE('',#2476,#2472,#290,.T.);
#3167=EDGE_CURVE('',#2476,#2477,#1498,.T.);
#3168=EDGE_CURVE('',#2477,#2474,#291,.T.);
#3169=EDGE_CURVE('',#2478,#2476,#292,.T.);
#3170=EDGE_CURVE('',#2478,#2479,#1499,.T.);
#3171=EDGE_CURVE('',#2479,#2477,#293,.T.);
#3172=EDGE_CURVE('',#2480,#2478,#1500,.T.);
#3173=EDGE_CURVE('',#2480,#2481,#1501,.T.);
#3174=EDGE_CURVE('',#2481,#2479,#1502,.T.);
#3175=EDGE_CURVE('',#2482,#2480,#294,.T.);
#3176=EDGE_CURVE('',#2482,#2483,#1503,.T.);
#3177=EDGE_CURVE('',#2483,#2481,#295,.T.);
#3178=EDGE_CURVE('',#2484,#2482,#296,.T.);
#3179=EDGE_CURVE('',#2484,#2485,#1504,.T.);
#3180=EDGE_CURVE('',#2485,#2483,#297,.T.);
#3181=EDGE_CURVE('',#2486,#2484,#298,.T.);
#3182=EDGE_CURVE('',#2486,#2487,#1505,.T.);
#3183=EDGE_CURVE('',#2487,#2485,#299,.T.);
#3184=EDGE_CURVE('',#2488,#2486,#300,.T.);
#3185=EDGE_CURVE('',#2488,#2489,#1506,.T.);
#3186=EDGE_CURVE('',#2489,#2487,#301,.T.);
#3187=EDGE_CURVE('',#2490,#2488,#302,.T.);
#3188=EDGE_CURVE('',#2490,#2491,#1507,.T.);
#3189=EDGE_CURVE('',#2491,#2489,#303,.T.);
#3190=EDGE_CURVE('',#2492,#2490,#304,.T.);
#3191=EDGE_CURVE('',#2492,#2493,#1508,.T.);
#3192=EDGE_CURVE('',#2493,#2491,#305,.T.);
#3193=EDGE_CURVE('',#2494,#2492,#306,.T.);
#3194=EDGE_CURVE('',#2494,#2495,#1509,.T.);
#3195=EDGE_CURVE('',#2495,#2493,#307,.T.);
#3196=EDGE_CURVE('',#2496,#2494,#1510,.T.);
#3197=EDGE_CURVE('',#2496,#2497,#1511,.T.);
#3198=EDGE_CURVE('',#2497,#2495,#1512,.T.);
#3199=EDGE_CURVE('',#2498,#2496,#308,.T.);
#3200=EDGE_CURVE('',#2498,#2499,#1513,.T.);
#3201=EDGE_CURVE('',#2499,#2497,#309,.T.);
#3202=EDGE_CURVE('',#2500,#2498,#310,.T.);
#3203=EDGE_CURVE('',#2500,#2501,#1514,.T.);
#3204=EDGE_CURVE('',#2501,#2499,#311,.T.);
#3205=EDGE_CURVE('',#2502,#2500,#312,.T.);
#3206=EDGE_CURVE('',#2502,#2503,#1515,.T.);
#3207=EDGE_CURVE('',#2503,#2501,#313,.T.);
#3208=EDGE_CURVE('',#2504,#2502,#314,.T.);
#3209=EDGE_CURVE('',#2504,#2505,#1516,.T.);
#3210=EDGE_CURVE('',#2505,#2503,#315,.T.);
#3211=EDGE_CURVE('',#2506,#2504,#316,.T.);
#3212=EDGE_CURVE('',#2506,#2507,#1517,.T.);
#3213=EDGE_CURVE('',#2507,#2505,#317,.T.);
#3214=EDGE_CURVE('',#2508,#2506,#318,.T.);
#3215=EDGE_CURVE('',#2508,#2509,#1518,.T.);
#3216=EDGE_CURVE('',#2509,#2507,#319,.T.);
#3217=EDGE_CURVE('',#2510,#2508,#320,.T.);
#3218=EDGE_CURVE('',#2510,#2511,#1519,.T.);
#3219=EDGE_CURVE('',#2511,#2509,#321,.T.);
#3220=EDGE_CURVE('',#2512,#2510,#322,.T.);
#3221=EDGE_CURVE('',#2512,#2513,#1520,.T.);
#3222=EDGE_CURVE('',#2513,#2511,#323,.T.);
#3223=EDGE_CURVE('',#2514,#2512,#324,.T.);
#3224=EDGE_CURVE('',#2514,#2515,#1521,.T.);
#3225=EDGE_CURVE('',#2515,#2513,#325,.T.);
#3226=EDGE_CURVE('',#2516,#2514,#326,.T.);
#3227=EDGE_CURVE('',#2516,#2517,#1522,.T.);
#3228=EDGE_CURVE('',#2517,#2515,#327,.T.);
#3229=EDGE_CURVE('',#2518,#2516,#328,.T.);
#3230=EDGE_CURVE('',#2518,#2519,#1523,.T.);
#3231=EDGE_CURVE('',#2519,#2517,#329,.T.);
#3232=EDGE_CURVE('',#2520,#2518,#330,.T.);
#3233=EDGE_CURVE('',#2520,#2521,#1524,.T.);
#3234=EDGE_CURVE('',#2521,#2519,#331,.T.);
#3235=EDGE_CURVE('',#2522,#2520,#332,.T.);
#3236=EDGE_CURVE('',#2522,#2523,#1525,.T.);
#3237=EDGE_CURVE('',#2523,#2521,#333,.T.);
#3238=EDGE_CURVE('',#2524,#2522,#334,.T.);
#3239=EDGE_CURVE('',#2524,#2525,#1526,.T.);
#3240=EDGE_CURVE('',#2525,#2523,#335,.T.);
#3241=EDGE_CURVE('',#2473,#2524,#336,.T.);
#3242=EDGE_CURVE('',#2475,#2525,#337,.T.);
#3243=EDGE_CURVE('',#2526,#2527,#1527,.T.);
#3244=EDGE_CURVE('',#2526,#2528,#1528,.T.);
#3245=EDGE_CURVE('',#2528,#2529,#1529,.T.);
#3246=EDGE_CURVE('',#2527,#2529,#1530,.T.);
#3247=EDGE_CURVE('',#2530,#2526,#1531,.T.);
#3248=EDGE_CURVE('',#2530,#2531,#1532,.T.);
#3249=EDGE_CURVE('',#2531,#2528,#1533,.T.);
#3250=EDGE_CURVE('',#2532,#2530,#1534,.T.);
#3251=EDGE_CURVE('',#2532,#2533,#1535,.T.);
#3252=EDGE_CURVE('',#2533,#2531,#1536,.T.);
#3253=EDGE_CURVE('',#2534,#2532,#1537,.T.);
#3254=EDGE_CURVE('',#2534,#2535,#1538,.T.);
#3255=EDGE_CURVE('',#2535,#2533,#1539,.T.);
#3256=EDGE_CURVE('',#2536,#2534,#1540,.T.);
#3257=EDGE_CURVE('',#2536,#2537,#1541,.T.);
#3258=EDGE_CURVE('',#2537,#2535,#1542,.T.);
#3259=EDGE_CURVE('',#2538,#2536,#1543,.T.);
#3260=EDGE_CURVE('',#2538,#2539,#1544,.T.);
#3261=EDGE_CURVE('',#2539,#2537,#1545,.T.);
#3262=EDGE_CURVE('',#2540,#2538,#1546,.T.);
#3263=EDGE_CURVE('',#2540,#2541,#1547,.T.);
#3264=EDGE_CURVE('',#2541,#2539,#1548,.T.);
#3265=EDGE_CURVE('',#2527,#2540,#1549,.T.);
#3266=EDGE_CURVE('',#2529,#2541,#1550,.T.);
#3267=EDGE_CURVE('',#2542,#2542,#2088,.T.);
#3268=EDGE_CURVE('',#2542,#2543,#1551,.T.);
#3269=EDGE_CURVE('',#2544,#2544,#2089,.T.);
#3270=EDGE_CURVE('',#2544,#2542,#1552,.T.);
#3271=EDGE_CURVE('',#2545,#2545,#2090,.T.);
#3272=EDGE_CURVE('',#2545,#2546,#1553,.T.);
#3273=EDGE_CURVE('',#2547,#2547,#2091,.T.);
#3274=EDGE_CURVE('',#2547,#2545,#1554,.T.);
#3275=EDGE_CURVE('',#2548,#2548,#2092,.T.);
#3276=EDGE_CURVE('',#2548,#2549,#1555,.T.);
#3277=EDGE_CURVE('',#2550,#2550,#2093,.T.);
#3278=EDGE_CURVE('',#2550,#2548,#1556,.T.);
#3279=EDGE_CURVE('',#2551,#2551,#2094,.T.);
#3280=EDGE_CURVE('',#2551,#2552,#1557,.T.);
#3281=EDGE_CURVE('',#2553,#2553,#2095,.T.);
#3282=EDGE_CURVE('',#2553,#2551,#1558,.T.);
#3283=EDGE_CURVE('',#2554,#2555,#1559,.T.);
#3284=EDGE_CURVE('',#2554,#2556,#1560,.T.);
#3285=EDGE_CURVE('',#2557,#2556,#1561,.T.);
#3286=EDGE_CURVE('',#2555,#2557,#1562,.T.);
#3287=EDGE_CURVE('',#2558,#2554,#1563,.T.);
#3288=EDGE_CURVE('',#2558,#2559,#1564,.T.);
#3289=EDGE_CURVE('',#2556,#2559,#1565,.T.);
#3290=EDGE_CURVE('',#2560,#2558,#1566,.T.);
#3291=EDGE_CURVE('',#2560,#2561,#1567,.T.);
#3292=EDGE_CURVE('',#2559,#2561,#1568,.T.);
#3293=EDGE_CURVE('',#2555,#2560,#1569,.T.);
#3294=EDGE_CURVE('',#2561,#2557,#1570,.T.);
#3295=EDGE_CURVE('',#2562,#2563,#1571,.T.);
#3296=EDGE_CURVE('',#2562,#2564,#1572,.T.);
#3297=EDGE_CURVE('',#2565,#2564,#1573,.T.);
#3298=EDGE_CURVE('',#2563,#2565,#1574,.T.);
#3299=EDGE_CURVE('',#2566,#2562,#1575,.T.);
#3300=EDGE_CURVE('',#2566,#2567,#1576,.T.);
#3301=EDGE_CURVE('',#2564,#2567,#1577,.T.);
#3302=EDGE_CURVE('',#2568,#2566,#1578,.T.);
#3303=EDGE_CURVE('',#2568,#2569,#1579,.T.);
#3304=EDGE_CURVE('',#2567,#2569,#1580,.T.);
#3305=EDGE_CURVE('',#2563,#2568,#1581,.T.);
#3306=EDGE_CURVE('',#2569,#2565,#1582,.T.);
#3307=EDGE_CURVE('',#2570,#2571,#1583,.T.);
#3308=EDGE_CURVE('',#2570,#2572,#1584,.T.);
#3309=EDGE_CURVE('',#2573,#2572,#1585,.T.);
#3310=EDGE_CURVE('',#2571,#2573,#1586,.T.);
#3311=EDGE_CURVE('',#2574,#2570,#1587,.T.);
#3312=EDGE_CURVE('',#2574,#2575,#1588,.T.);
#3313=EDGE_CURVE('',#2572,#2575,#1589,.T.);
#3314=EDGE_CURVE('',#2576,#2574,#1590,.T.);
#3315=EDGE_CURVE('',#2576,#2577,#1591,.T.);
#3316=EDGE_CURVE('',#2575,#2577,#1592,.T.);
#3317=EDGE_CURVE('',#2571,#2576,#1593,.T.);
#3318=EDGE_CURVE('',#2577,#2573,#1594,.T.);
#3319=EDGE_CURVE('',#2578,#2579,#1595,.T.);
#3320=EDGE_CURVE('',#2578,#2580,#1596,.T.);
#3321=EDGE_CURVE('',#2581,#2580,#1597,.T.);
#3322=EDGE_CURVE('',#2579,#2581,#1598,.T.);
#3323=EDGE_CURVE('',#2582,#2578,#1599,.T.);
#3324=EDGE_CURVE('',#2582,#2583,#1600,.T.);
#3325=EDGE_CURVE('',#2580,#2583,#1601,.T.);
#3326=EDGE_CURVE('',#2584,#2582,#1602,.T.);
#3327=EDGE_CURVE('',#2584,#2585,#1603,.T.);
#3328=EDGE_CURVE('',#2583,#2585,#1604,.T.);
#3329=EDGE_CURVE('',#2579,#2584,#1605,.T.);
#3330=EDGE_CURVE('',#2585,#2581,#1606,.T.);
#3331=EDGE_CURVE('',#2586,#2587,#1607,.T.);
#3332=EDGE_CURVE('',#2586,#2588,#1608,.T.);
#3333=EDGE_CURVE('',#2588,#2589,#1609,.T.);
#3334=EDGE_CURVE('',#2587,#2589,#1610,.T.);
#3335=EDGE_CURVE('',#2590,#2586,#1611,.T.);
#3336=EDGE_CURVE('',#2590,#2591,#1612,.T.);
#3337=EDGE_CURVE('',#2591,#2588,#1613,.T.);
#3338=EDGE_CURVE('',#2592,#2590,#1614,.T.);
#3339=EDGE_CURVE('',#2592,#2593,#1615,.T.);
#3340=EDGE_CURVE('',#2593,#2591,#1616,.T.);
#3341=EDGE_CURVE('',#2587,#2592,#1617,.T.);
#3342=EDGE_CURVE('',#2589,#2593,#1618,.T.);
#3343=EDGE_CURVE('',#2594,#2595,#2096,.T.);
#3344=EDGE_CURVE('',#2595,#2596,#1619,.T.);
#3345=EDGE_CURVE('',#2596,#2597,#2097,.T.);
#3346=EDGE_CURVE('',#2597,#2598,#1620,.T.);
#3347=EDGE_CURVE('',#2598,#2599,#2098,.T.);
#3348=EDGE_CURVE('',#2599,#2600,#1621,.T.);
#3349=EDGE_CURVE('',#2600,#2601,#2099,.T.);
#3350=EDGE_CURVE('',#2601,#2594,#1622,.T.);
#3351=EDGE_CURVE('',#2602,#2603,#1623,.T.);
#3352=EDGE_CURVE('',#2602,#2594,#1624,.T.);
#3353=EDGE_CURVE('',#2603,#2601,#1625,.T.);
#3354=EDGE_CURVE('',#2604,#2603,#2100,.T.);
#3355=EDGE_CURVE('',#2604,#2600,#1626,.T.);
#3356=EDGE_CURVE('',#2604,#2605,#1627,.T.);
#3357=EDGE_CURVE('',#2605,#2599,#1628,.T.);
#3358=EDGE_CURVE('',#2606,#2605,#2101,.T.);
#3359=EDGE_CURVE('',#2606,#2598,#1629,.T.);
#3360=EDGE_CURVE('',#2606,#2607,#1630,.T.);
#3361=EDGE_CURVE('',#2607,#2597,#1631,.T.);
#3362=EDGE_CURVE('',#2608,#2607,#2102,.T.);
#3363=EDGE_CURVE('',#2608,#2596,#1632,.T.);
#3364=EDGE_CURVE('',#2608,#2609,#1633,.T.);
#3365=EDGE_CURVE('',#2609,#2595,#1634,.T.);
#3366=EDGE_CURVE('',#2602,#2609,#2103,.T.);
#3367=ORIENTED_EDGE('',*,*,#2610,.F.);
#3368=ORIENTED_EDGE('',*,*,#2611,.T.);
#3369=ORIENTED_EDGE('',*,*,#2612,.T.);
#3370=ORIENTED_EDGE('',*,*,#2611,.F.);
#3371=ORIENTED_EDGE('',*,*,#2612,.F.);
#3372=ORIENTED_EDGE('',*,*,#2613,.F.);
#3373=ORIENTED_EDGE('',*,*,#2614,.T.);
#3374=ORIENTED_EDGE('',*,*,#2615,.T.);
#3375=ORIENTED_EDGE('',*,*,#2616,.F.);
#3376=ORIENTED_EDGE('',*,*,#2617,.F.);
#3377=ORIENTED_EDGE('',*,*,#2618,.T.);
#3378=ORIENTED_EDGE('',*,*,#2619,.T.);
#3379=ORIENTED_EDGE('',*,*,#2614,.F.);
#3380=ORIENTED_EDGE('',*,*,#2620,.F.);
#3381=ORIENTED_EDGE('',*,*,#2621,.T.);
#3382=ORIENTED_EDGE('',*,*,#2622,.T.);
#3383=ORIENTED_EDGE('',*,*,#2618,.F.);
#3384=ORIENTED_EDGE('',*,*,#2623,.F.);
#3385=ORIENTED_EDGE('',*,*,#2624,.T.);
#3386=ORIENTED_EDGE('',*,*,#2625,.T.);
#3387=ORIENTED_EDGE('',*,*,#2621,.F.);
#3388=ORIENTED_EDGE('',*,*,#2626,.F.);
#3389=ORIENTED_EDGE('',*,*,#2627,.T.);
#3390=ORIENTED_EDGE('',*,*,#2628,.T.);
#3391=ORIENTED_EDGE('',*,*,#2624,.F.);
#3392=ORIENTED_EDGE('',*,*,#2629,.F.);
#3393=ORIENTED_EDGE('',*,*,#2630,.T.);
#3394=ORIENTED_EDGE('',*,*,#2631,.T.);
#3395=ORIENTED_EDGE('',*,*,#2627,.F.);
#3396=ORIENTED_EDGE('',*,*,#2632,.F.);
#3397=ORIENTED_EDGE('',*,*,#2633,.T.);
#3398=ORIENTED_EDGE('',*,*,#2634,.T.);
#3399=ORIENTED_EDGE('',*,*,#2630,.F.);
#3400=ORIENTED_EDGE('',*,*,#2635,.F.);
#3401=ORIENTED_EDGE('',*,*,#2636,.T.);
#3402=ORIENTED_EDGE('',*,*,#2637,.T.);
#3403=ORIENTED_EDGE('',*,*,#2633,.F.);
#3404=ORIENTED_EDGE('',*,*,#2638,.F.);
#3405=ORIENTED_EDGE('',*,*,#2639,.T.);
#3406=ORIENTED_EDGE('',*,*,#2640,.T.);
#3407=ORIENTED_EDGE('',*,*,#2636,.F.);
#3408=ORIENTED_EDGE('',*,*,#2641,.F.);
#3409=ORIENTED_EDGE('',*,*,#2642,.T.);
#3410=ORIENTED_EDGE('',*,*,#2643,.T.);
#3411=ORIENTED_EDGE('',*,*,#2639,.F.);
#3412=ORIENTED_EDGE('',*,*,#2644,.F.);
#3413=ORIENTED_EDGE('',*,*,#2645,.T.);
#3414=ORIENTED_EDGE('',*,*,#2646,.T.);
#3415=ORIENTED_EDGE('',*,*,#2642,.F.);
#3416=ORIENTED_EDGE('',*,*,#2647,.F.);
#3417=ORIENTED_EDGE('',*,*,#2648,.T.);
#3418=ORIENTED_EDGE('',*,*,#2649,.T.);
#3419=ORIENTED_EDGE('',*,*,#2645,.F.);
#3420=ORIENTED_EDGE('',*,*,#2650,.F.);
#3421=ORIENTED_EDGE('',*,*,#2651,.T.);
#3422=ORIENTED_EDGE('',*,*,#2652,.T.);
#3423=ORIENTED_EDGE('',*,*,#2648,.F.);
#3424=ORIENTED_EDGE('',*,*,#2653,.F.);
#3425=ORIENTED_EDGE('',*,*,#2654,.T.);
#3426=ORIENTED_EDGE('',*,*,#2655,.T.);
#3427=ORIENTED_EDGE('',*,*,#2651,.F.);
#3428=ORIENTED_EDGE('',*,*,#2656,.F.);
#3429=ORIENTED_EDGE('',*,*,#2657,.T.);
#3430=ORIENTED_EDGE('',*,*,#2658,.T.);
#3431=ORIENTED_EDGE('',*,*,#2654,.F.);
#3432=ORIENTED_EDGE('',*,*,#2659,.F.);
#3433=ORIENTED_EDGE('',*,*,#2660,.T.);
#3434=ORIENTED_EDGE('',*,*,#2661,.T.);
#3435=ORIENTED_EDGE('',*,*,#2657,.F.);
#3436=ORIENTED_EDGE('',*,*,#2662,.F.);
#3437=ORIENTED_EDGE('',*,*,#2663,.T.);
#3438=ORIENTED_EDGE('',*,*,#2664,.T.);
#3439=ORIENTED_EDGE('',*,*,#2660,.F.);
#3440=ORIENTED_EDGE('',*,*,#2665,.F.);
#3441=ORIENTED_EDGE('',*,*,#2666,.T.);
#3442=ORIENTED_EDGE('',*,*,#2667,.T.);
#3443=ORIENTED_EDGE('',*,*,#2663,.F.);
#3444=ORIENTED_EDGE('',*,*,#2668,.F.);
#3445=ORIENTED_EDGE('',*,*,#2669,.T.);
#3446=ORIENTED_EDGE('',*,*,#2670,.T.);
#3447=ORIENTED_EDGE('',*,*,#2666,.F.);
#3448=ORIENTED_EDGE('',*,*,#2671,.F.);
#3449=ORIENTED_EDGE('',*,*,#2672,.T.);
#3450=ORIENTED_EDGE('',*,*,#2673,.T.);
#3451=ORIENTED_EDGE('',*,*,#2669,.F.);
#3452=ORIENTED_EDGE('',*,*,#2674,.F.);
#3453=ORIENTED_EDGE('',*,*,#2675,.T.);
#3454=ORIENTED_EDGE('',*,*,#2676,.T.);
#3455=ORIENTED_EDGE('',*,*,#2672,.F.);
#3456=ORIENTED_EDGE('',*,*,#2677,.F.);
#3457=ORIENTED_EDGE('',*,*,#2678,.T.);
#3458=ORIENTED_EDGE('',*,*,#2679,.T.);
#3459=ORIENTED_EDGE('',*,*,#2675,.F.);
#3460=ORIENTED_EDGE('',*,*,#2680,.F.);
#3461=ORIENTED_EDGE('',*,*,#2681,.T.);
#3462=ORIENTED_EDGE('',*,*,#2682,.T.);
#3463=ORIENTED_EDGE('',*,*,#2678,.F.);
#3464=ORIENTED_EDGE('',*,*,#2683,.F.);
#3465=ORIENTED_EDGE('',*,*,#2684,.T.);
#3466=ORIENTED_EDGE('',*,*,#2685,.T.);
#3467=ORIENTED_EDGE('',*,*,#2681,.F.);
#3468=ORIENTED_EDGE('',*,*,#2686,.F.);
#3469=ORIENTED_EDGE('',*,*,#2687,.T.);
#3470=ORIENTED_EDGE('',*,*,#2688,.T.);
#3471=ORIENTED_EDGE('',*,*,#2684,.F.);
#3472=ORIENTED_EDGE('',*,*,#2689,.F.);
#3473=ORIENTED_EDGE('',*,*,#2690,.T.);
#3474=ORIENTED_EDGE('',*,*,#2691,.T.);
#3475=ORIENTED_EDGE('',*,*,#2687,.F.);
#3476=ORIENTED_EDGE('',*,*,#2692,.F.);
#3477=ORIENTED_EDGE('',*,*,#2693,.T.);
#3478=ORIENTED_EDGE('',*,*,#2694,.T.);
#3479=ORIENTED_EDGE('',*,*,#2690,.F.);
#3480=ORIENTED_EDGE('',*,*,#2695,.F.);
#3481=ORIENTED_EDGE('',*,*,#2696,.T.);
#3482=ORIENTED_EDGE('',*,*,#2697,.T.);
#3483=ORIENTED_EDGE('',*,*,#2693,.F.);
#3484=ORIENTED_EDGE('',*,*,#2698,.F.);
#3485=ORIENTED_EDGE('',*,*,#2699,.T.);
#3486=ORIENTED_EDGE('',*,*,#2700,.T.);
#3487=ORIENTED_EDGE('',*,*,#2696,.F.);
#3488=ORIENTED_EDGE('',*,*,#2701,.F.);
#3489=ORIENTED_EDGE('',*,*,#2702,.T.);
#3490=ORIENTED_EDGE('',*,*,#2703,.T.);
#3491=ORIENTED_EDGE('',*,*,#2699,.F.);
#3492=ORIENTED_EDGE('',*,*,#2704,.F.);
#3493=ORIENTED_EDGE('',*,*,#2705,.T.);
#3494=ORIENTED_EDGE('',*,*,#2706,.T.);
#3495=ORIENTED_EDGE('',*,*,#2702,.F.);
#3496=ORIENTED_EDGE('',*,*,#2707,.F.);
#3497=ORIENTED_EDGE('',*,*,#2708,.T.);
#3498=ORIENTED_EDGE('',*,*,#2709,.T.);
#3499=ORIENTED_EDGE('',*,*,#2705,.F.);
#3500=ORIENTED_EDGE('',*,*,#2710,.F.);
#3501=ORIENTED_EDGE('',*,*,#2616,.T.);
#3502=ORIENTED_EDGE('',*,*,#2711,.T.);
#3503=ORIENTED_EDGE('',*,*,#2708,.F.);
#3504=ORIENTED_EDGE('',*,*,#2711,.F.);
#3505=ORIENTED_EDGE('',*,*,#2615,.F.);
#3506=ORIENTED_EDGE('',*,*,#2619,.F.);
#3507=ORIENTED_EDGE('',*,*,#2622,.F.);
#3508=ORIENTED_EDGE('',*,*,#2625,.F.);
#3509=ORIENTED_EDGE('',*,*,#2628,.F.);
#3510=ORIENTED_EDGE('',*,*,#2631,.F.);
#3511=ORIENTED_EDGE('',*,*,#2634,.F.);
#3512=ORIENTED_EDGE('',*,*,#2637,.F.);
#3513=ORIENTED_EDGE('',*,*,#2640,.F.);
#3514=ORIENTED_EDGE('',*,*,#2643,.F.);
#3515=ORIENTED_EDGE('',*,*,#2646,.F.);
#3516=ORIENTED_EDGE('',*,*,#2649,.F.);
#3517=ORIENTED_EDGE('',*,*,#2652,.F.);
#3518=ORIENTED_EDGE('',*,*,#2655,.F.);
#3519=ORIENTED_EDGE('',*,*,#2658,.F.);
#3520=ORIENTED_EDGE('',*,*,#2661,.F.);
#3521=ORIENTED_EDGE('',*,*,#2664,.F.);
#3522=ORIENTED_EDGE('',*,*,#2667,.F.);
#3523=ORIENTED_EDGE('',*,*,#2670,.F.);
#3524=ORIENTED_EDGE('',*,*,#2673,.F.);
#3525=ORIENTED_EDGE('',*,*,#2676,.F.);
#3526=ORIENTED_EDGE('',*,*,#2679,.F.);
#3527=ORIENTED_EDGE('',*,*,#2682,.F.);
#3528=ORIENTED_EDGE('',*,*,#2685,.F.);
#3529=ORIENTED_EDGE('',*,*,#2688,.F.);
#3530=ORIENTED_EDGE('',*,*,#2691,.F.);
#3531=ORIENTED_EDGE('',*,*,#2694,.F.);
#3532=ORIENTED_EDGE('',*,*,#2697,.F.);
#3533=ORIENTED_EDGE('',*,*,#2700,.F.);
#3534=ORIENTED_EDGE('',*,*,#2703,.F.);
#3535=ORIENTED_EDGE('',*,*,#2706,.F.);
#3536=ORIENTED_EDGE('',*,*,#2709,.F.);
#3537=ORIENTED_EDGE('',*,*,#2712,.F.);
#3538=ORIENTED_EDGE('',*,*,#2713,.T.);
#3539=ORIENTED_EDGE('',*,*,#2714,.T.);
#3540=ORIENTED_EDGE('',*,*,#2715,.F.);
#3541=ORIENTED_EDGE('',*,*,#2716,.F.);
#3542=ORIENTED_EDGE('',*,*,#2717,.T.);
#3543=ORIENTED_EDGE('',*,*,#2718,.T.);
#3544=ORIENTED_EDGE('',*,*,#2713,.F.);
#3545=ORIENTED_EDGE('',*,*,#2719,.F.);
#3546=ORIENTED_EDGE('',*,*,#2720,.T.);
#3547=ORIENTED_EDGE('',*,*,#2721,.T.);
#3548=ORIENTED_EDGE('',*,*,#2717,.F.);
#3549=ORIENTED_EDGE('',*,*,#2722,.F.);
#3550=ORIENTED_EDGE('',*,*,#2723,.T.);
#3551=ORIENTED_EDGE('',*,*,#2724,.T.);
#3552=ORIENTED_EDGE('',*,*,#2720,.F.);
#3553=ORIENTED_EDGE('',*,*,#2725,.F.);
#3554=ORIENTED_EDGE('',*,*,#2726,.T.);
#3555=ORIENTED_EDGE('',*,*,#2727,.T.);
#3556=ORIENTED_EDGE('',*,*,#2723,.F.);
#3557=ORIENTED_EDGE('',*,*,#2728,.F.);
#3558=ORIENTED_EDGE('',*,*,#2729,.T.);
#3559=ORIENTED_EDGE('',*,*,#2730,.T.);
#3560=ORIENTED_EDGE('',*,*,#2726,.F.);
#3561=ORIENTED_EDGE('',*,*,#2731,.F.);
#3562=ORIENTED_EDGE('',*,*,#2732,.T.);
#3563=ORIENTED_EDGE('',*,*,#2733,.T.);
#3564=ORIENTED_EDGE('',*,*,#2729,.F.);
#3565=ORIENTED_EDGE('',*,*,#2734,.F.);
#3566=ORIENTED_EDGE('',*,*,#2715,.T.);
#3567=ORIENTED_EDGE('',*,*,#2735,.T.);
#3568=ORIENTED_EDGE('',*,*,#2732,.F.);
#3569=ORIENTED_EDGE('',*,*,#2736,.F.);
#3570=ORIENTED_EDGE('',*,*,#2737,.T.);
#3571=ORIENTED_EDGE('',*,*,#2738,.T.);
#3572=ORIENTED_EDGE('',*,*,#2739,.F.);
#3573=ORIENTED_EDGE('',*,*,#2740,.F.);
#3574=ORIENTED_EDGE('',*,*,#2741,.T.);
#3575=ORIENTED_EDGE('',*,*,#2742,.T.);
#3576=ORIENTED_EDGE('',*,*,#2737,.F.);
#3577=ORIENTED_EDGE('',*,*,#2743,.F.);
#3578=ORIENTED_EDGE('',*,*,#2744,.T.);
#3579=ORIENTED_EDGE('',*,*,#2745,.T.);
#3580=ORIENTED_EDGE('',*,*,#2741,.F.);
#3581=ORIENTED_EDGE('',*,*,#2746,.F.);
#3582=ORIENTED_EDGE('',*,*,#2747,.T.);
#3583=ORIENTED_EDGE('',*,*,#2748,.T.);
#3584=ORIENTED_EDGE('',*,*,#2744,.F.);
#3585=ORIENTED_EDGE('',*,*,#2749,.F.);
#3586=ORIENTED_EDGE('',*,*,#2750,.T.);
#3587=ORIENTED_EDGE('',*,*,#2751,.T.);
#3588=ORIENTED_EDGE('',*,*,#2747,.F.);
#3589=ORIENTED_EDGE('',*,*,#2752,.F.);
#3590=ORIENTED_EDGE('',*,*,#2753,.T.);
#3591=ORIENTED_EDGE('',*,*,#2754,.T.);
#3592=ORIENTED_EDGE('',*,*,#2750,.F.);
#3593=ORIENTED_EDGE('',*,*,#2755,.F.);
#3594=ORIENTED_EDGE('',*,*,#2756,.T.);
#3595=ORIENTED_EDGE('',*,*,#2757,.T.);
#3596=ORIENTED_EDGE('',*,*,#2753,.F.);
#3597=ORIENTED_EDGE('',*,*,#2758,.F.);
#3598=ORIENTED_EDGE('',*,*,#2759,.T.);
#3599=ORIENTED_EDGE('',*,*,#2760,.T.);
#3600=ORIENTED_EDGE('',*,*,#2756,.F.);
#3601=ORIENTED_EDGE('',*,*,#2761,.F.);
#3602=ORIENTED_EDGE('',*,*,#2762,.T.);
#3603=ORIENTED_EDGE('',*,*,#2763,.T.);
#3604=ORIENTED_EDGE('',*,*,#2759,.F.);
#3605=ORIENTED_EDGE('',*,*,#2764,.F.);
#3606=ORIENTED_EDGE('',*,*,#2765,.T.);
#3607=ORIENTED_EDGE('',*,*,#2766,.T.);
#3608=ORIENTED_EDGE('',*,*,#2762,.F.);
#3609=ORIENTED_EDGE('',*,*,#2767,.F.);
#3610=ORIENTED_EDGE('',*,*,#2768,.T.);
#3611=ORIENTED_EDGE('',*,*,#2769,.T.);
#3612=ORIENTED_EDGE('',*,*,#2765,.F.);
#3613=ORIENTED_EDGE('',*,*,#2770,.F.);
#3614=ORIENTED_EDGE('',*,*,#2771,.T.);
#3615=ORIENTED_EDGE('',*,*,#2772,.T.);
#3616=ORIENTED_EDGE('',*,*,#2768,.F.);
#3617=ORIENTED_EDGE('',*,*,#2773,.F.);
#3618=ORIENTED_EDGE('',*,*,#2739,.T.);
#3619=ORIENTED_EDGE('',*,*,#2774,.T.);
#3620=ORIENTED_EDGE('',*,*,#2771,.F.);
#3621=ORIENTED_EDGE('',*,*,#2774,.F.);
#3622=ORIENTED_EDGE('',*,*,#2738,.F.);
#3623=ORIENTED_EDGE('',*,*,#2742,.F.);
#3624=ORIENTED_EDGE('',*,*,#2745,.F.);
#3625=ORIENTED_EDGE('',*,*,#2748,.F.);
#3626=ORIENTED_EDGE('',*,*,#2751,.F.);
#3627=ORIENTED_EDGE('',*,*,#2754,.F.);
#3628=ORIENTED_EDGE('',*,*,#2757,.F.);
#3629=ORIENTED_EDGE('',*,*,#2760,.F.);
#3630=ORIENTED_EDGE('',*,*,#2763,.F.);
#3631=ORIENTED_EDGE('',*,*,#2766,.F.);
#3632=ORIENTED_EDGE('',*,*,#2769,.F.);
#3633=ORIENTED_EDGE('',*,*,#2772,.F.);
#3634=ORIENTED_EDGE('',*,*,#2735,.F.);
#3635=ORIENTED_EDGE('',*,*,#2714,.F.);
#3636=ORIENTED_EDGE('',*,*,#2718,.F.);
#3637=ORIENTED_EDGE('',*,*,#2721,.F.);
#3638=ORIENTED_EDGE('',*,*,#2724,.F.);
#3639=ORIENTED_EDGE('',*,*,#2727,.F.);
#3640=ORIENTED_EDGE('',*,*,#2730,.F.);
#3641=ORIENTED_EDGE('',*,*,#2733,.F.);
#3642=ORIENTED_EDGE('',*,*,#2775,.F.);
#3643=ORIENTED_EDGE('',*,*,#2776,.T.);
#3644=ORIENTED_EDGE('',*,*,#2777,.T.);
#3645=ORIENTED_EDGE('',*,*,#2778,.F.);
#3646=ORIENTED_EDGE('',*,*,#2779,.F.);
#3647=ORIENTED_EDGE('',*,*,#2780,.T.);
#3648=ORIENTED_EDGE('',*,*,#2781,.T.);
#3649=ORIENTED_EDGE('',*,*,#2776,.F.);
#3650=ORIENTED_EDGE('',*,*,#2782,.F.);
#3651=ORIENTED_EDGE('',*,*,#2783,.T.);
#3652=ORIENTED_EDGE('',*,*,#2784,.T.);
#3653=ORIENTED_EDGE('',*,*,#2780,.F.);
#3654=ORIENTED_EDGE('',*,*,#2785,.F.);
#3655=ORIENTED_EDGE('',*,*,#2786,.T.);
#3656=ORIENTED_EDGE('',*,*,#2787,.T.);
#3657=ORIENTED_EDGE('',*,*,#2783,.F.);
#3658=ORIENTED_EDGE('',*,*,#2788,.F.);
#3659=ORIENTED_EDGE('',*,*,#2789,.T.);
#3660=ORIENTED_EDGE('',*,*,#2790,.T.);
#3661=ORIENTED_EDGE('',*,*,#2786,.F.);
#3662=ORIENTED_EDGE('',*,*,#2791,.F.);
#3663=ORIENTED_EDGE('',*,*,#2792,.T.);
#3664=ORIENTED_EDGE('',*,*,#2793,.T.);
#3665=ORIENTED_EDGE('',*,*,#2789,.F.);
#3666=ORIENTED_EDGE('',*,*,#2794,.F.);
#3667=ORIENTED_EDGE('',*,*,#2795,.T.);
#3668=ORIENTED_EDGE('',*,*,#2796,.T.);
#3669=ORIENTED_EDGE('',*,*,#2792,.F.);
#3670=ORIENTED_EDGE('',*,*,#2797,.F.);
#3671=ORIENTED_EDGE('',*,*,#2798,.T.);
#3672=ORIENTED_EDGE('',*,*,#2799,.T.);
#3673=ORIENTED_EDGE('',*,*,#2795,.F.);
#3674=ORIENTED_EDGE('',*,*,#2800,.F.);
#3675=ORIENTED_EDGE('',*,*,#2801,.T.);
#3676=ORIENTED_EDGE('',*,*,#2802,.T.);
#3677=ORIENTED_EDGE('',*,*,#2798,.F.);
#3678=ORIENTED_EDGE('',*,*,#2803,.F.);
#3679=ORIENTED_EDGE('',*,*,#2804,.T.);
#3680=ORIENTED_EDGE('',*,*,#2805,.T.);
#3681=ORIENTED_EDGE('',*,*,#2801,.F.);
#3682=ORIENTED_EDGE('',*,*,#2806,.F.);
#3683=ORIENTED_EDGE('',*,*,#2807,.T.);
#3684=ORIENTED_EDGE('',*,*,#2808,.T.);
#3685=ORIENTED_EDGE('',*,*,#2804,.F.);
#3686=ORIENTED_EDGE('',*,*,#2809,.F.);
#3687=ORIENTED_EDGE('',*,*,#2778,.T.);
#3688=ORIENTED_EDGE('',*,*,#2810,.T.);
#3689=ORIENTED_EDGE('',*,*,#2807,.F.);
#3690=ORIENTED_EDGE('',*,*,#2810,.F.);
#3691=ORIENTED_EDGE('',*,*,#2777,.F.);
#3692=ORIENTED_EDGE('',*,*,#2781,.F.);
#3693=ORIENTED_EDGE('',*,*,#2784,.F.);
#3694=ORIENTED_EDGE('',*,*,#2787,.F.);
#3695=ORIENTED_EDGE('',*,*,#2790,.F.);
#3696=ORIENTED_EDGE('',*,*,#2793,.F.);
#3697=ORIENTED_EDGE('',*,*,#2796,.F.);
#3698=ORIENTED_EDGE('',*,*,#2799,.F.);
#3699=ORIENTED_EDGE('',*,*,#2802,.F.);
#3700=ORIENTED_EDGE('',*,*,#2805,.F.);
#3701=ORIENTED_EDGE('',*,*,#2808,.F.);
#3702=ORIENTED_EDGE('',*,*,#2811,.F.);
#3703=ORIENTED_EDGE('',*,*,#2812,.T.);
#3704=ORIENTED_EDGE('',*,*,#2813,.T.);
#3705=ORIENTED_EDGE('',*,*,#2814,.F.);
#3706=ORIENTED_EDGE('',*,*,#2815,.F.);
#3707=ORIENTED_EDGE('',*,*,#2816,.T.);
#3708=ORIENTED_EDGE('',*,*,#2817,.T.);
#3709=ORIENTED_EDGE('',*,*,#2812,.F.);
#3710=ORIENTED_EDGE('',*,*,#2818,.F.);
#3711=ORIENTED_EDGE('',*,*,#2819,.T.);
#3712=ORIENTED_EDGE('',*,*,#2820,.T.);
#3713=ORIENTED_EDGE('',*,*,#2816,.F.);
#3714=ORIENTED_EDGE('',*,*,#2821,.F.);
#3715=ORIENTED_EDGE('',*,*,#2822,.T.);
#3716=ORIENTED_EDGE('',*,*,#2823,.T.);
#3717=ORIENTED_EDGE('',*,*,#2819,.F.);
#3718=ORIENTED_EDGE('',*,*,#2824,.F.);
#3719=ORIENTED_EDGE('',*,*,#2825,.T.);
#3720=ORIENTED_EDGE('',*,*,#2826,.T.);
#3721=ORIENTED_EDGE('',*,*,#2822,.F.);
#3722=ORIENTED_EDGE('',*,*,#2827,.F.);
#3723=ORIENTED_EDGE('',*,*,#2828,.T.);
#3724=ORIENTED_EDGE('',*,*,#2829,.T.);
#3725=ORIENTED_EDGE('',*,*,#2825,.F.);
#3726=ORIENTED_EDGE('',*,*,#2830,.F.);
#3727=ORIENTED_EDGE('',*,*,#2831,.T.);
#3728=ORIENTED_EDGE('',*,*,#2832,.T.);
#3729=ORIENTED_EDGE('',*,*,#2828,.F.);
#3730=ORIENTED_EDGE('',*,*,#2833,.F.);
#3731=ORIENTED_EDGE('',*,*,#2834,.T.);
#3732=ORIENTED_EDGE('',*,*,#2835,.T.);
#3733=ORIENTED_EDGE('',*,*,#2831,.F.);
#3734=ORIENTED_EDGE('',*,*,#2836,.F.);
#3735=ORIENTED_EDGE('',*,*,#2837,.T.);
#3736=ORIENTED_EDGE('',*,*,#2838,.T.);
#3737=ORIENTED_EDGE('',*,*,#2834,.F.);
#3738=ORIENTED_EDGE('',*,*,#2839,.F.);
#3739=ORIENTED_EDGE('',*,*,#2840,.T.);
#3740=ORIENTED_EDGE('',*,*,#2841,.T.);
#3741=ORIENTED_EDGE('',*,*,#2837,.F.);
#3742=ORIENTED_EDGE('',*,*,#2842,.F.);
#3743=ORIENTED_EDGE('',*,*,#2843,.T.);
#3744=ORIENTED_EDGE('',*,*,#2844,.T.);
#3745=ORIENTED_EDGE('',*,*,#2840,.F.);
#3746=ORIENTED_EDGE('',*,*,#2845,.F.);
#3747=ORIENTED_EDGE('',*,*,#2846,.T.);
#3748=ORIENTED_EDGE('',*,*,#2847,.T.);
#3749=ORIENTED_EDGE('',*,*,#2843,.F.);
#3750=ORIENTED_EDGE('',*,*,#2848,.F.);
#3751=ORIENTED_EDGE('',*,*,#2849,.T.);
#3752=ORIENTED_EDGE('',*,*,#2850,.T.);
#3753=ORIENTED_EDGE('',*,*,#2846,.F.);
#3754=ORIENTED_EDGE('',*,*,#2851,.F.);
#3755=ORIENTED_EDGE('',*,*,#2852,.T.);
#3756=ORIENTED_EDGE('',*,*,#2853,.T.);
#3757=ORIENTED_EDGE('',*,*,#2849,.F.);
#3758=ORIENTED_EDGE('',*,*,#2854,.F.);
#3759=ORIENTED_EDGE('',*,*,#2855,.T.);
#3760=ORIENTED_EDGE('',*,*,#2856,.T.);
#3761=ORIENTED_EDGE('',*,*,#2852,.F.);
#3762=ORIENTED_EDGE('',*,*,#2857,.F.);
#3763=ORIENTED_EDGE('',*,*,#2858,.T.);
#3764=ORIENTED_EDGE('',*,*,#2859,.T.);
#3765=ORIENTED_EDGE('',*,*,#2855,.F.);
#3766=ORIENTED_EDGE('',*,*,#2860,.F.);
#3767=ORIENTED_EDGE('',*,*,#2861,.T.);
#3768=ORIENTED_EDGE('',*,*,#2862,.T.);
#3769=ORIENTED_EDGE('',*,*,#2858,.F.);
#3770=ORIENTED_EDGE('',*,*,#2863,.F.);
#3771=ORIENTED_EDGE('',*,*,#2864,.T.);
#3772=ORIENTED_EDGE('',*,*,#2865,.T.);
#3773=ORIENTED_EDGE('',*,*,#2861,.F.);
#3774=ORIENTED_EDGE('',*,*,#2866,.F.);
#3775=ORIENTED_EDGE('',*,*,#2814,.T.);
#3776=ORIENTED_EDGE('',*,*,#2867,.T.);
#3777=ORIENTED_EDGE('',*,*,#2864,.F.);
#3778=ORIENTED_EDGE('',*,*,#2867,.F.);
#3779=ORIENTED_EDGE('',*,*,#2813,.F.);
#3780=ORIENTED_EDGE('',*,*,#2817,.F.);
#3781=ORIENTED_EDGE('',*,*,#2820,.F.);
#3782=ORIENTED_EDGE('',*,*,#2823,.F.);
#3783=ORIENTED_EDGE('',*,*,#2826,.F.);
#3784=ORIENTED_EDGE('',*,*,#2829,.F.);
#3785=ORIENTED_EDGE('',*,*,#2832,.F.);
#3786=ORIENTED_EDGE('',*,*,#2835,.F.);
#3787=ORIENTED_EDGE('',*,*,#2838,.F.);
#3788=ORIENTED_EDGE('',*,*,#2841,.F.);
#3789=ORIENTED_EDGE('',*,*,#2844,.F.);
#3790=ORIENTED_EDGE('',*,*,#2847,.F.);
#3791=ORIENTED_EDGE('',*,*,#2850,.F.);
#3792=ORIENTED_EDGE('',*,*,#2853,.F.);
#3793=ORIENTED_EDGE('',*,*,#2856,.F.);
#3794=ORIENTED_EDGE('',*,*,#2859,.F.);
#3795=ORIENTED_EDGE('',*,*,#2862,.F.);
#3796=ORIENTED_EDGE('',*,*,#2865,.F.);
#3797=ORIENTED_EDGE('',*,*,#2868,.F.);
#3798=ORIENTED_EDGE('',*,*,#2869,.T.);
#3799=ORIENTED_EDGE('',*,*,#2870,.T.);
#3800=ORIENTED_EDGE('',*,*,#2871,.F.);
#3801=ORIENTED_EDGE('',*,*,#2872,.F.);
#3802=ORIENTED_EDGE('',*,*,#2873,.T.);
#3803=ORIENTED_EDGE('',*,*,#2874,.T.);
#3804=ORIENTED_EDGE('',*,*,#2869,.F.);
#3805=ORIENTED_EDGE('',*,*,#2875,.F.);
#3806=ORIENTED_EDGE('',*,*,#2876,.T.);
#3807=ORIENTED_EDGE('',*,*,#2877,.T.);
#3808=ORIENTED_EDGE('',*,*,#2873,.F.);
#3809=ORIENTED_EDGE('',*,*,#2878,.F.);
#3810=ORIENTED_EDGE('',*,*,#2871,.T.);
#3811=ORIENTED_EDGE('',*,*,#2879,.T.);
#3812=ORIENTED_EDGE('',*,*,#2876,.F.);
#3813=ORIENTED_EDGE('',*,*,#2879,.F.);
#3814=ORIENTED_EDGE('',*,*,#2870,.F.);
#3815=ORIENTED_EDGE('',*,*,#2874,.F.);
#3816=ORIENTED_EDGE('',*,*,#2877,.F.);
#3817=ORIENTED_EDGE('',*,*,#2880,.F.);
#3818=ORIENTED_EDGE('',*,*,#2881,.T.);
#3819=ORIENTED_EDGE('',*,*,#2882,.T.);
#3820=ORIENTED_EDGE('',*,*,#2883,.F.);
#3821=ORIENTED_EDGE('',*,*,#2884,.F.);
#3822=ORIENTED_EDGE('',*,*,#2885,.T.);
#3823=ORIENTED_EDGE('',*,*,#2886,.T.);
#3824=ORIENTED_EDGE('',*,*,#2881,.F.);
#3825=ORIENTED_EDGE('',*,*,#2887,.F.);
#3826=ORIENTED_EDGE('',*,*,#2888,.T.);
#3827=ORIENTED_EDGE('',*,*,#2889,.T.);
#3828=ORIENTED_EDGE('',*,*,#2885,.F.);
#3829=ORIENTED_EDGE('',*,*,#2890,.F.);
#3830=ORIENTED_EDGE('',*,*,#2891,.T.);
#3831=ORIENTED_EDGE('',*,*,#2892,.T.);
#3832=ORIENTED_EDGE('',*,*,#2888,.F.);
#3833=ORIENTED_EDGE('',*,*,#2893,.F.);
#3834=ORIENTED_EDGE('',*,*,#2894,.T.);
#3835=ORIENTED_EDGE('',*,*,#2895,.T.);
#3836=ORIENTED_EDGE('',*,*,#2891,.F.);
#3837=ORIENTED_EDGE('',*,*,#2896,.F.);
#3838=ORIENTED_EDGE('',*,*,#2897,.T.);
#3839=ORIENTED_EDGE('',*,*,#2898,.T.);
#3840=ORIENTED_EDGE('',*,*,#2894,.F.);
#3841=ORIENTED_EDGE('',*,*,#2899,.F.);
#3842=ORIENTED_EDGE('',*,*,#2900,.T.);
#3843=ORIENTED_EDGE('',*,*,#2901,.T.);
#3844=ORIENTED_EDGE('',*,*,#2897,.F.);
#3845=ORIENTED_EDGE('',*,*,#2902,.F.);
#3846=ORIENTED_EDGE('',*,*,#2883,.T.);
#3847=ORIENTED_EDGE('',*,*,#2903,.T.);
#3848=ORIENTED_EDGE('',*,*,#2900,.F.);
#3849=ORIENTED_EDGE('',*,*,#2904,.F.);
#3850=ORIENTED_EDGE('',*,*,#2905,.T.);
#3851=ORIENTED_EDGE('',*,*,#2906,.T.);
#3852=ORIENTED_EDGE('',*,*,#2907,.F.);
#3853=ORIENTED_EDGE('',*,*,#2908,.F.);
#3854=ORIENTED_EDGE('',*,*,#2909,.T.);
#3855=ORIENTED_EDGE('',*,*,#2910,.T.);
#3856=ORIENTED_EDGE('',*,*,#2905,.F.);
#3857=ORIENTED_EDGE('',*,*,#2911,.F.);
#3858=ORIENTED_EDGE('',*,*,#2912,.T.);
#3859=ORIENTED_EDGE('',*,*,#2913,.T.);
#3860=ORIENTED_EDGE('',*,*,#2909,.F.);
#3861=ORIENTED_EDGE('',*,*,#2914,.F.);
#3862=ORIENTED_EDGE('',*,*,#2915,.T.);
#3863=ORIENTED_EDGE('',*,*,#2916,.T.);
#3864=ORIENTED_EDGE('',*,*,#2912,.F.);
#3865=ORIENTED_EDGE('',*,*,#2917,.F.);
#3866=ORIENTED_EDGE('',*,*,#2918,.T.);
#3867=ORIENTED_EDGE('',*,*,#2919,.T.);
#3868=ORIENTED_EDGE('',*,*,#2915,.F.);
#3869=ORIENTED_EDGE('',*,*,#2920,.F.);
#3870=ORIENTED_EDGE('',*,*,#2921,.T.);
#3871=ORIENTED_EDGE('',*,*,#2922,.T.);
#3872=ORIENTED_EDGE('',*,*,#2918,.F.);
#3873=ORIENTED_EDGE('',*,*,#2923,.F.);
#3874=ORIENTED_EDGE('',*,*,#2924,.T.);
#3875=ORIENTED_EDGE('',*,*,#2925,.T.);
#3876=ORIENTED_EDGE('',*,*,#2921,.F.);
#3877=ORIENTED_EDGE('',*,*,#2926,.F.);
#3878=ORIENTED_EDGE('',*,*,#2927,.T.);
#3879=ORIENTED_EDGE('',*,*,#2928,.T.);
#3880=ORIENTED_EDGE('',*,*,#2924,.F.);
#3881=ORIENTED_EDGE('',*,*,#2929,.F.);
#3882=ORIENTED_EDGE('',*,*,#2930,.T.);
#3883=ORIENTED_EDGE('',*,*,#2931,.T.);
#3884=ORIENTED_EDGE('',*,*,#2927,.F.);
#3885=ORIENTED_EDGE('',*,*,#2932,.F.);
#3886=ORIENTED_EDGE('',*,*,#2933,.T.);
#3887=ORIENTED_EDGE('',*,*,#2934,.T.);
#3888=ORIENTED_EDGE('',*,*,#2930,.F.);
#3889=ORIENTED_EDGE('',*,*,#2935,.F.);
#3890=ORIENTED_EDGE('',*,*,#2936,.T.);
#3891=ORIENTED_EDGE('',*,*,#2937,.T.);
#3892=ORIENTED_EDGE('',*,*,#2933,.F.);
#3893=ORIENTED_EDGE('',*,*,#2938,.F.);
#3894=ORIENTED_EDGE('',*,*,#2939,.T.);
#3895=ORIENTED_EDGE('',*,*,#2940,.T.);
#3896=ORIENTED_EDGE('',*,*,#2936,.F.);
#3897=ORIENTED_EDGE('',*,*,#2941,.F.);
#3898=ORIENTED_EDGE('',*,*,#2907,.T.);
#3899=ORIENTED_EDGE('',*,*,#2942,.T.);
#3900=ORIENTED_EDGE('',*,*,#2939,.F.);
#3901=ORIENTED_EDGE('',*,*,#2942,.F.);
#3902=ORIENTED_EDGE('',*,*,#2906,.F.);
#3903=ORIENTED_EDGE('',*,*,#2910,.F.);
#3904=ORIENTED_EDGE('',*,*,#2913,.F.);
#3905=ORIENTED_EDGE('',*,*,#2916,.F.);
#3906=ORIENTED_EDGE('',*,*,#2919,.F.);
#3907=ORIENTED_EDGE('',*,*,#2922,.F.);
#3908=ORIENTED_EDGE('',*,*,#2925,.F.);
#3909=ORIENTED_EDGE('',*,*,#2928,.F.);
#3910=ORIENTED_EDGE('',*,*,#2931,.F.);
#3911=ORIENTED_EDGE('',*,*,#2934,.F.);
#3912=ORIENTED_EDGE('',*,*,#2937,.F.);
#3913=ORIENTED_EDGE('',*,*,#2940,.F.);
#3914=ORIENTED_EDGE('',*,*,#2903,.F.);
#3915=ORIENTED_EDGE('',*,*,#2882,.F.);
#3916=ORIENTED_EDGE('',*,*,#2886,.F.);
#3917=ORIENTED_EDGE('',*,*,#2889,.F.);
#3918=ORIENTED_EDGE('',*,*,#2892,.F.);
#3919=ORIENTED_EDGE('',*,*,#2895,.F.);
#3920=ORIENTED_EDGE('',*,*,#2898,.F.);
#3921=ORIENTED_EDGE('',*,*,#2901,.F.);
#3922=ORIENTED_EDGE('',*,*,#2943,.F.);
#3923=ORIENTED_EDGE('',*,*,#2944,.T.);
#3924=ORIENTED_EDGE('',*,*,#2945,.T.);
#3925=ORIENTED_EDGE('',*,*,#2946,.F.);
#3926=ORIENTED_EDGE('',*,*,#2947,.F.);
#3927=ORIENTED_EDGE('',*,*,#2948,.T.);
#3928=ORIENTED_EDGE('',*,*,#2949,.T.);
#3929=ORIENTED_EDGE('',*,*,#2944,.F.);
#3930=ORIENTED_EDGE('',*,*,#2950,.F.);
#3931=ORIENTED_EDGE('',*,*,#2951,.T.);
#3932=ORIENTED_EDGE('',*,*,#2952,.T.);
#3933=ORIENTED_EDGE('',*,*,#2948,.F.);
#3934=ORIENTED_EDGE('',*,*,#2953,.F.);
#3935=ORIENTED_EDGE('',*,*,#2954,.T.);
#3936=ORIENTED_EDGE('',*,*,#2955,.T.);
#3937=ORIENTED_EDGE('',*,*,#2951,.F.);
#3938=ORIENTED_EDGE('',*,*,#2956,.F.);
#3939=ORIENTED_EDGE('',*,*,#2957,.T.);
#3940=ORIENTED_EDGE('',*,*,#2958,.T.);
#3941=ORIENTED_EDGE('',*,*,#2954,.F.);
#3942=ORIENTED_EDGE('',*,*,#2959,.F.);
#3943=ORIENTED_EDGE('',*,*,#2960,.T.);
#3944=ORIENTED_EDGE('',*,*,#2961,.T.);
#3945=ORIENTED_EDGE('',*,*,#2957,.F.);
#3946=ORIENTED_EDGE('',*,*,#2962,.F.);
#3947=ORIENTED_EDGE('',*,*,#2963,.T.);
#3948=ORIENTED_EDGE('',*,*,#2964,.T.);
#3949=ORIENTED_EDGE('',*,*,#2960,.F.);
#3950=ORIENTED_EDGE('',*,*,#2965,.F.);
#3951=ORIENTED_EDGE('',*,*,#2966,.T.);
#3952=ORIENTED_EDGE('',*,*,#2967,.T.);
#3953=ORIENTED_EDGE('',*,*,#2963,.F.);
#3954=ORIENTED_EDGE('',*,*,#2968,.F.);
#3955=ORIENTED_EDGE('',*,*,#2969,.T.);
#3956=ORIENTED_EDGE('',*,*,#2970,.T.);
#3957=ORIENTED_EDGE('',*,*,#2966,.F.);
#3958=ORIENTED_EDGE('',*,*,#2971,.F.);
#3959=ORIENTED_EDGE('',*,*,#2972,.T.);
#3960=ORIENTED_EDGE('',*,*,#2973,.T.);
#3961=ORIENTED_EDGE('',*,*,#2969,.F.);
#3962=ORIENTED_EDGE('',*,*,#2974,.F.);
#3963=ORIENTED_EDGE('',*,*,#2975,.T.);
#3964=ORIENTED_EDGE('',*,*,#2976,.T.);
#3965=ORIENTED_EDGE('',*,*,#2972,.F.);
#3966=ORIENTED_EDGE('',*,*,#2977,.F.);
#3967=ORIENTED_EDGE('',*,*,#2978,.T.);
#3968=ORIENTED_EDGE('',*,*,#2979,.T.);
#3969=ORIENTED_EDGE('',*,*,#2975,.F.);
#3970=ORIENTED_EDGE('',*,*,#2980,.F.);
#3971=ORIENTED_EDGE('',*,*,#2981,.T.);
#3972=ORIENTED_EDGE('',*,*,#2982,.T.);
#3973=ORIENTED_EDGE('',*,*,#2978,.F.);
#3974=ORIENTED_EDGE('',*,*,#2983,.F.);
#3975=ORIENTED_EDGE('',*,*,#2984,.T.);
#3976=ORIENTED_EDGE('',*,*,#2985,.T.);
#3977=ORIENTED_EDGE('',*,*,#2981,.F.);
#3978=ORIENTED_EDGE('',*,*,#2986,.F.);
#3979=ORIENTED_EDGE('',*,*,#2987,.T.);
#3980=ORIENTED_EDGE('',*,*,#2988,.T.);
#3981=ORIENTED_EDGE('',*,*,#2984,.F.);
#3982=ORIENTED_EDGE('',*,*,#2989,.F.);
#3983=ORIENTED_EDGE('',*,*,#2990,.T.);
#3984=ORIENTED_EDGE('',*,*,#2991,.T.);
#3985=ORIENTED_EDGE('',*,*,#2987,.F.);
#3986=ORIENTED_EDGE('',*,*,#2992,.F.);
#3987=ORIENTED_EDGE('',*,*,#2946,.T.);
#3988=ORIENTED_EDGE('',*,*,#2993,.T.);
#3989=ORIENTED_EDGE('',*,*,#2990,.F.);
#3990=ORIENTED_EDGE('',*,*,#2993,.F.);
#3991=ORIENTED_EDGE('',*,*,#2945,.F.);
#3992=ORIENTED_EDGE('',*,*,#2949,.F.);
#3993=ORIENTED_EDGE('',*,*,#2952,.F.);
#3994=ORIENTED_EDGE('',*,*,#2955,.F.);
#3995=ORIENTED_EDGE('',*,*,#2958,.F.);
#3996=ORIENTED_EDGE('',*,*,#2961,.F.);
#3997=ORIENTED_EDGE('',*,*,#2964,.F.);
#3998=ORIENTED_EDGE('',*,*,#2967,.F.);
#3999=ORIENTED_EDGE('',*,*,#2970,.F.);
#4000=ORIENTED_EDGE('',*,*,#2973,.F.);
#4001=ORIENTED_EDGE('',*,*,#2976,.F.);
#4002=ORIENTED_EDGE('',*,*,#2979,.F.);
#4003=ORIENTED_EDGE('',*,*,#2982,.F.);
#4004=ORIENTED_EDGE('',*,*,#2985,.F.);
#4005=ORIENTED_EDGE('',*,*,#2988,.F.);
#4006=ORIENTED_EDGE('',*,*,#2991,.F.);
#4007=ORIENTED_EDGE('',*,*,#2880,.T.);
#4008=ORIENTED_EDGE('',*,*,#2902,.T.);
#4009=ORIENTED_EDGE('',*,*,#2899,.T.);
#4010=ORIENTED_EDGE('',*,*,#2896,.T.);
#4011=ORIENTED_EDGE('',*,*,#2893,.T.);
#4012=ORIENTED_EDGE('',*,*,#2890,.T.);
#4013=ORIENTED_EDGE('',*,*,#2887,.T.);
#4014=ORIENTED_EDGE('',*,*,#2884,.T.);
#4015=ORIENTED_EDGE('',*,*,#2712,.T.);
#4016=ORIENTED_EDGE('',*,*,#2734,.T.);
#4017=ORIENTED_EDGE('',*,*,#2731,.T.);
#4018=ORIENTED_EDGE('',*,*,#2728,.T.);
#4019=ORIENTED_EDGE('',*,*,#2725,.T.);
#4020=ORIENTED_EDGE('',*,*,#2722,.T.);
#4021=ORIENTED_EDGE('',*,*,#2719,.T.);
#4022=ORIENTED_EDGE('',*,*,#2716,.T.);
#4023=ORIENTED_EDGE('',*,*,#2994,.F.);
#4024=ORIENTED_EDGE('',*,*,#2995,.T.);
#4025=ORIENTED_EDGE('',*,*,#2996,.T.);
#4026=ORIENTED_EDGE('',*,*,#2997,.F.);
#4027=ORIENTED_EDGE('',*,*,#2998,.F.);
#4028=ORIENTED_EDGE('',*,*,#2999,.T.);
#4029=ORIENTED_EDGE('',*,*,#3000,.T.);
#4030=ORIENTED_EDGE('',*,*,#2995,.F.);
#4031=ORIENTED_EDGE('',*,*,#3001,.F.);
#4032=ORIENTED_EDGE('',*,*,#3002,.T.);
#4033=ORIENTED_EDGE('',*,*,#3003,.T.);
#4034=ORIENTED_EDGE('',*,*,#2999,.F.);
#4035=ORIENTED_EDGE('',*,*,#3004,.F.);
#4036=ORIENTED_EDGE('',*,*,#3005,.T.);
#4037=ORIENTED_EDGE('',*,*,#3006,.T.);
#4038=ORIENTED_EDGE('',*,*,#3002,.F.);
#4039=ORIENTED_EDGE('',*,*,#3007,.F.);
#4040=ORIENTED_EDGE('',*,*,#3008,.T.);
#4041=ORIENTED_EDGE('',*,*,#3009,.T.);
#4042=ORIENTED_EDGE('',*,*,#3005,.F.);
#4043=ORIENTED_EDGE('',*,*,#3010,.F.);
#4044=ORIENTED_EDGE('',*,*,#3011,.T.);
#4045=ORIENTED_EDGE('',*,*,#3012,.T.);
#4046=ORIENTED_EDGE('',*,*,#3008,.F.);
#4047=ORIENTED_EDGE('',*,*,#3013,.F.);
#4048=ORIENTED_EDGE('',*,*,#3014,.T.);
#4049=ORIENTED_EDGE('',*,*,#3015,.T.);
#4050=ORIENTED_EDGE('',*,*,#3011,.F.);
#4051=ORIENTED_EDGE('',*,*,#3016,.F.);
#4052=ORIENTED_EDGE('',*,*,#3017,.T.);
#4053=ORIENTED_EDGE('',*,*,#3018,.T.);
#4054=ORIENTED_EDGE('',*,*,#3014,.F.);
#4055=ORIENTED_EDGE('',*,*,#3019,.F.);
#4056=ORIENTED_EDGE('',*,*,#3020,.T.);
#4057=ORIENTED_EDGE('',*,*,#3021,.T.);
#4058=ORIENTED_EDGE('',*,*,#3017,.F.);
#4059=ORIENTED_EDGE('',*,*,#3022,.F.);
#4060=ORIENTED_EDGE('',*,*,#3023,.T.);
#4061=ORIENTED_EDGE('',*,*,#3024,.T.);
#4062=ORIENTED_EDGE('',*,*,#3020,.F.);
#4063=ORIENTED_EDGE('',*,*,#3025,.F.);
#4064=ORIENTED_EDGE('',*,*,#3026,.T.);
#4065=ORIENTED_EDGE('',*,*,#3027,.T.);
#4066=ORIENTED_EDGE('',*,*,#3023,.F.);
#4067=ORIENTED_EDGE('',*,*,#3028,.F.);
#4068=ORIENTED_EDGE('',*,*,#3029,.T.);
#4069=ORIENTED_EDGE('',*,*,#3030,.T.);
#4070=ORIENTED_EDGE('',*,*,#3026,.F.);
#4071=ORIENTED_EDGE('',*,*,#3031,.F.);
#4072=ORIENTED_EDGE('',*,*,#2997,.T.);
#4073=ORIENTED_EDGE('',*,*,#3032,.T.);
#4074=ORIENTED_EDGE('',*,*,#3029,.F.);
#4075=ORIENTED_EDGE('',*,*,#3032,.F.);
#4076=ORIENTED_EDGE('',*,*,#2996,.F.);
#4077=ORIENTED_EDGE('',*,*,#3000,.F.);
#4078=ORIENTED_EDGE('',*,*,#3003,.F.);
#4079=ORIENTED_EDGE('',*,*,#3006,.F.);
#4080=ORIENTED_EDGE('',*,*,#3009,.F.);
#4081=ORIENTED_EDGE('',*,*,#3012,.F.);
#4082=ORIENTED_EDGE('',*,*,#3015,.F.);
#4083=ORIENTED_EDGE('',*,*,#3018,.F.);
#4084=ORIENTED_EDGE('',*,*,#3021,.F.);
#4085=ORIENTED_EDGE('',*,*,#3024,.F.);
#4086=ORIENTED_EDGE('',*,*,#3027,.F.);
#4087=ORIENTED_EDGE('',*,*,#3030,.F.);
#4088=ORIENTED_EDGE('',*,*,#3033,.F.);
#4089=ORIENTED_EDGE('',*,*,#3034,.T.);
#4090=ORIENTED_EDGE('',*,*,#3035,.T.);
#4091=ORIENTED_EDGE('',*,*,#3036,.F.);
#4092=ORIENTED_EDGE('',*,*,#3037,.F.);
#4093=ORIENTED_EDGE('',*,*,#3038,.T.);
#4094=ORIENTED_EDGE('',*,*,#3039,.T.);
#4095=ORIENTED_EDGE('',*,*,#3034,.F.);
#4096=ORIENTED_EDGE('',*,*,#3040,.F.);
#4097=ORIENTED_EDGE('',*,*,#3041,.T.);
#4098=ORIENTED_EDGE('',*,*,#3042,.T.);
#4099=ORIENTED_EDGE('',*,*,#3038,.F.);
#4100=ORIENTED_EDGE('',*,*,#3043,.F.);
#4101=ORIENTED_EDGE('',*,*,#3036,.T.);
#4102=ORIENTED_EDGE('',*,*,#3044,.T.);
#4103=ORIENTED_EDGE('',*,*,#3041,.F.);
#4104=ORIENTED_EDGE('',*,*,#3044,.F.);
#4105=ORIENTED_EDGE('',*,*,#3035,.F.);
#4106=ORIENTED_EDGE('',*,*,#3039,.F.);
#4107=ORIENTED_EDGE('',*,*,#3042,.F.);
#4108=ORIENTED_EDGE('',*,*,#3045,.F.);
#4109=ORIENTED_EDGE('',*,*,#3046,.T.);
#4110=ORIENTED_EDGE('',*,*,#3047,.T.);
#4111=ORIENTED_EDGE('',*,*,#3048,.F.);
#4112=ORIENTED_EDGE('',*,*,#3049,.F.);
#4113=ORIENTED_EDGE('',*,*,#3050,.T.);
#4114=ORIENTED_EDGE('',*,*,#3051,.T.);
#4115=ORIENTED_EDGE('',*,*,#3046,.F.);
#4116=ORIENTED_EDGE('',*,*,#3052,.F.);
#4117=ORIENTED_EDGE('',*,*,#3053,.T.);
#4118=ORIENTED_EDGE('',*,*,#3054,.T.);
#4119=ORIENTED_EDGE('',*,*,#3050,.F.);
#4120=ORIENTED_EDGE('',*,*,#3055,.F.);
#4121=ORIENTED_EDGE('',*,*,#3056,.T.);
#4122=ORIENTED_EDGE('',*,*,#3057,.T.);
#4123=ORIENTED_EDGE('',*,*,#3053,.F.);
#4124=ORIENTED_EDGE('',*,*,#3058,.F.);
#4125=ORIENTED_EDGE('',*,*,#3048,.T.);
#4126=ORIENTED_EDGE('',*,*,#3059,.T.);
#4127=ORIENTED_EDGE('',*,*,#3056,.F.);
#4128=ORIENTED_EDGE('',*,*,#3060,.F.);
#4129=ORIENTED_EDGE('',*,*,#3061,.T.);
#4130=ORIENTED_EDGE('',*,*,#3062,.T.);
#4131=ORIENTED_EDGE('',*,*,#3063,.F.);
#4132=ORIENTED_EDGE('',*,*,#3064,.F.);
#4133=ORIENTED_EDGE('',*,*,#3065,.T.);
#4134=ORIENTED_EDGE('',*,*,#3066,.T.);
#4135=ORIENTED_EDGE('',*,*,#3061,.F.);
#4136=ORIENTED_EDGE('',*,*,#3067,.F.);
#4137=ORIENTED_EDGE('',*,*,#3068,.T.);
#4138=ORIENTED_EDGE('',*,*,#3069,.T.);
#4139=ORIENTED_EDGE('',*,*,#3065,.F.);
#4140=ORIENTED_EDGE('',*,*,#3070,.F.);
#4141=ORIENTED_EDGE('',*,*,#3071,.T.);
#4142=ORIENTED_EDGE('',*,*,#3072,.T.);
#4143=ORIENTED_EDGE('',*,*,#3068,.F.);
#4144=ORIENTED_EDGE('',*,*,#3073,.F.);
#4145=ORIENTED_EDGE('',*,*,#3074,.T.);
#4146=ORIENTED_EDGE('',*,*,#3075,.T.);
#4147=ORIENTED_EDGE('',*,*,#3071,.F.);
#4148=ORIENTED_EDGE('',*,*,#3076,.F.);
#4149=ORIENTED_EDGE('',*,*,#3077,.T.);
#4150=ORIENTED_EDGE('',*,*,#3078,.T.);
#4151=ORIENTED_EDGE('',*,*,#3074,.F.);
#4152=ORIENTED_EDGE('',*,*,#3079,.F.);
#4153=ORIENTED_EDGE('',*,*,#3080,.T.);
#4154=ORIENTED_EDGE('',*,*,#3081,.T.);
#4155=ORIENTED_EDGE('',*,*,#3077,.F.);
#4156=ORIENTED_EDGE('',*,*,#3082,.F.);
#4157=ORIENTED_EDGE('',*,*,#3083,.T.);
#4158=ORIENTED_EDGE('',*,*,#3084,.T.);
#4159=ORIENTED_EDGE('',*,*,#3080,.F.);
#4160=ORIENTED_EDGE('',*,*,#3085,.F.);
#4161=ORIENTED_EDGE('',*,*,#3086,.T.);
#4162=ORIENTED_EDGE('',*,*,#3087,.T.);
#4163=ORIENTED_EDGE('',*,*,#3083,.F.);
#4164=ORIENTED_EDGE('',*,*,#3088,.F.);
#4165=ORIENTED_EDGE('',*,*,#3089,.T.);
#4166=ORIENTED_EDGE('',*,*,#3090,.T.);
#4167=ORIENTED_EDGE('',*,*,#3086,.F.);
#4168=ORIENTED_EDGE('',*,*,#3091,.F.);
#4169=ORIENTED_EDGE('',*,*,#3092,.T.);
#4170=ORIENTED_EDGE('',*,*,#3093,.T.);
#4171=ORIENTED_EDGE('',*,*,#3089,.F.);
#4172=ORIENTED_EDGE('',*,*,#3094,.F.);
#4173=ORIENTED_EDGE('',*,*,#3095,.T.);
#4174=ORIENTED_EDGE('',*,*,#3096,.T.);
#4175=ORIENTED_EDGE('',*,*,#3092,.F.);
#4176=ORIENTED_EDGE('',*,*,#3097,.F.);
#4177=ORIENTED_EDGE('',*,*,#3098,.T.);
#4178=ORIENTED_EDGE('',*,*,#3099,.T.);
#4179=ORIENTED_EDGE('',*,*,#3095,.F.);
#4180=ORIENTED_EDGE('',*,*,#3100,.F.);
#4181=ORIENTED_EDGE('',*,*,#3101,.T.);
#4182=ORIENTED_EDGE('',*,*,#3102,.T.);
#4183=ORIENTED_EDGE('',*,*,#3098,.F.);
#4184=ORIENTED_EDGE('',*,*,#3103,.F.);
#4185=ORIENTED_EDGE('',*,*,#3063,.T.);
#4186=ORIENTED_EDGE('',*,*,#3104,.T.);
#4187=ORIENTED_EDGE('',*,*,#3101,.F.);
#4188=ORIENTED_EDGE('',*,*,#3104,.F.);
#4189=ORIENTED_EDGE('',*,*,#3062,.F.);
#4190=ORIENTED_EDGE('',*,*,#3066,.F.);
#4191=ORIENTED_EDGE('',*,*,#3069,.F.);
#4192=ORIENTED_EDGE('',*,*,#3072,.F.);
#4193=ORIENTED_EDGE('',*,*,#3075,.F.);
#4194=ORIENTED_EDGE('',*,*,#3078,.F.);
#4195=ORIENTED_EDGE('',*,*,#3081,.F.);
#4196=ORIENTED_EDGE('',*,*,#3084,.F.);
#4197=ORIENTED_EDGE('',*,*,#3087,.F.);
#4198=ORIENTED_EDGE('',*,*,#3090,.F.);
#4199=ORIENTED_EDGE('',*,*,#3093,.F.);
#4200=ORIENTED_EDGE('',*,*,#3096,.F.);
#4201=ORIENTED_EDGE('',*,*,#3099,.F.);
#4202=ORIENTED_EDGE('',*,*,#3102,.F.);
#4203=ORIENTED_EDGE('',*,*,#3059,.F.);
#4204=ORIENTED_EDGE('',*,*,#3047,.F.);
#4205=ORIENTED_EDGE('',*,*,#3051,.F.);
#4206=ORIENTED_EDGE('',*,*,#3054,.F.);
#4207=ORIENTED_EDGE('',*,*,#3057,.F.);
#4208=ORIENTED_EDGE('',*,*,#3105,.F.);
#4209=ORIENTED_EDGE('',*,*,#3106,.T.);
#4210=ORIENTED_EDGE('',*,*,#3107,.T.);
#4211=ORIENTED_EDGE('',*,*,#3108,.F.);
#4212=ORIENTED_EDGE('',*,*,#3109,.F.);
#4213=ORIENTED_EDGE('',*,*,#3110,.T.);
#4214=ORIENTED_EDGE('',*,*,#3111,.T.);
#4215=ORIENTED_EDGE('',*,*,#3106,.F.);
#4216=ORIENTED_EDGE('',*,*,#3112,.F.);
#4217=ORIENTED_EDGE('',*,*,#3113,.T.);
#4218=ORIENTED_EDGE('',*,*,#3114,.T.);
#4219=ORIENTED_EDGE('',*,*,#3110,.F.);
#4220=ORIENTED_EDGE('',*,*,#3115,.F.);
#4221=ORIENTED_EDGE('',*,*,#3116,.T.);
#4222=ORIENTED_EDGE('',*,*,#3117,.T.);
#4223=ORIENTED_EDGE('',*,*,#3113,.F.);
#4224=ORIENTED_EDGE('',*,*,#3118,.F.);
#4225=ORIENTED_EDGE('',*,*,#3119,.T.);
#4226=ORIENTED_EDGE('',*,*,#3120,.T.);
#4227=ORIENTED_EDGE('',*,*,#3116,.F.);
#4228=ORIENTED_EDGE('',*,*,#3121,.F.);
#4229=ORIENTED_EDGE('',*,*,#3122,.T.);
#4230=ORIENTED_EDGE('',*,*,#3123,.T.);
#4231=ORIENTED_EDGE('',*,*,#3119,.F.);
#4232=ORIENTED_EDGE('',*,*,#3124,.F.);
#4233=ORIENTED_EDGE('',*,*,#3125,.T.);
#4234=ORIENTED_EDGE('',*,*,#3126,.T.);
#4235=ORIENTED_EDGE('',*,*,#3122,.F.);
#4236=ORIENTED_EDGE('',*,*,#3127,.F.);
#4237=ORIENTED_EDGE('',*,*,#3128,.T.);
#4238=ORIENTED_EDGE('',*,*,#3129,.T.);
#4239=ORIENTED_EDGE('',*,*,#3125,.F.);
#4240=ORIENTED_EDGE('',*,*,#3130,.F.);
#4241=ORIENTED_EDGE('',*,*,#3108,.T.);
#4242=ORIENTED_EDGE('',*,*,#3131,.T.);
#4243=ORIENTED_EDGE('',*,*,#3128,.F.);
#4244=ORIENTED_EDGE('',*,*,#3131,.F.);
#4245=ORIENTED_EDGE('',*,*,#3107,.F.);
#4246=ORIENTED_EDGE('',*,*,#3111,.F.);
#4247=ORIENTED_EDGE('',*,*,#3114,.F.);
#4248=ORIENTED_EDGE('',*,*,#3117,.F.);
#4249=ORIENTED_EDGE('',*,*,#3120,.F.);
#4250=ORIENTED_EDGE('',*,*,#3123,.F.);
#4251=ORIENTED_EDGE('',*,*,#3126,.F.);
#4252=ORIENTED_EDGE('',*,*,#3129,.F.);
#4253=ORIENTED_EDGE('',*,*,#3132,.F.);
#4254=ORIENTED_EDGE('',*,*,#3133,.T.);
#4255=ORIENTED_EDGE('',*,*,#3134,.T.);
#4256=ORIENTED_EDGE('',*,*,#3135,.F.);
#4257=ORIENTED_EDGE('',*,*,#3136,.F.);
#4258=ORIENTED_EDGE('',*,*,#3137,.T.);
#4259=ORIENTED_EDGE('',*,*,#3138,.T.);
#4260=ORIENTED_EDGE('',*,*,#3133,.F.);
#4261=ORIENTED_EDGE('',*,*,#3139,.F.);
#4262=ORIENTED_EDGE('',*,*,#3140,.T.);
#4263=ORIENTED_EDGE('',*,*,#3141,.T.);
#4264=ORIENTED_EDGE('',*,*,#3137,.F.);
#4265=ORIENTED_EDGE('',*,*,#3142,.F.);
#4266=ORIENTED_EDGE('',*,*,#3143,.T.);
#4267=ORIENTED_EDGE('',*,*,#3144,.T.);
#4268=ORIENTED_EDGE('',*,*,#3140,.F.);
#4269=ORIENTED_EDGE('',*,*,#3145,.F.);
#4270=ORIENTED_EDGE('',*,*,#3146,.T.);
#4271=ORIENTED_EDGE('',*,*,#3147,.T.);
#4272=ORIENTED_EDGE('',*,*,#3143,.F.);
#4273=ORIENTED_EDGE('',*,*,#3148,.F.);
#4274=ORIENTED_EDGE('',*,*,#3149,.T.);
#4275=ORIENTED_EDGE('',*,*,#3150,.T.);
#4276=ORIENTED_EDGE('',*,*,#3146,.F.);
#4277=ORIENTED_EDGE('',*,*,#3151,.F.);
#4278=ORIENTED_EDGE('',*,*,#3152,.T.);
#4279=ORIENTED_EDGE('',*,*,#3153,.T.);
#4280=ORIENTED_EDGE('',*,*,#3149,.F.);
#4281=ORIENTED_EDGE('',*,*,#3154,.F.);
#4282=ORIENTED_EDGE('',*,*,#3155,.T.);
#4283=ORIENTED_EDGE('',*,*,#3156,.T.);
#4284=ORIENTED_EDGE('',*,*,#3152,.F.);
#4285=ORIENTED_EDGE('',*,*,#3157,.F.);
#4286=ORIENTED_EDGE('',*,*,#3158,.T.);
#4287=ORIENTED_EDGE('',*,*,#3159,.T.);
#4288=ORIENTED_EDGE('',*,*,#3155,.F.);
#4289=ORIENTED_EDGE('',*,*,#3160,.F.);
#4290=ORIENTED_EDGE('',*,*,#3135,.T.);
#4291=ORIENTED_EDGE('',*,*,#3161,.T.);
#4292=ORIENTED_EDGE('',*,*,#3158,.F.);
#4293=ORIENTED_EDGE('',*,*,#3162,.F.);
#4294=ORIENTED_EDGE('',*,*,#3163,.T.);
#4295=ORIENTED_EDGE('',*,*,#3164,.T.);
#4296=ORIENTED_EDGE('',*,*,#3165,.F.);
#4297=ORIENTED_EDGE('',*,*,#3166,.F.);
#4298=ORIENTED_EDGE('',*,*,#3167,.T.);
#4299=ORIENTED_EDGE('',*,*,#3168,.T.);
#4300=ORIENTED_EDGE('',*,*,#3163,.F.);
#4301=ORIENTED_EDGE('',*,*,#3169,.F.);
#4302=ORIENTED_EDGE('',*,*,#3170,.T.);
#4303=ORIENTED_EDGE('',*,*,#3171,.T.);
#4304=ORIENTED_EDGE('',*,*,#3167,.F.);
#4305=ORIENTED_EDGE('',*,*,#3172,.F.);
#4306=ORIENTED_EDGE('',*,*,#3173,.T.);
#4307=ORIENTED_EDGE('',*,*,#3174,.T.);
#4308=ORIENTED_EDGE('',*,*,#3170,.F.);
#4309=ORIENTED_EDGE('',*,*,#3175,.F.);
#4310=ORIENTED_EDGE('',*,*,#3176,.T.);
#4311=ORIENTED_EDGE('',*,*,#3177,.T.);
#4312=ORIENTED_EDGE('',*,*,#3173,.F.);
#4313=ORIENTED_EDGE('',*,*,#3178,.F.);
#4314=ORIENTED_EDGE('',*,*,#3179,.T.);
#4315=ORIENTED_EDGE('',*,*,#3180,.T.);
#4316=ORIENTED_EDGE('',*,*,#3176,.F.);
#4317=ORIENTED_EDGE('',*,*,#3181,.F.);
#4318=ORIENTED_EDGE('',*,*,#3182,.T.);
#4319=ORIENTED_EDGE('',*,*,#3183,.T.);
#4320=ORIENTED_EDGE('',*,*,#3179,.F.);
#4321=ORIENTED_EDGE('',*,*,#3184,.F.);
#4322=ORIENTED_EDGE('',*,*,#3185,.T.);
#4323=ORIENTED_EDGE('',*,*,#3186,.T.);
#4324=ORIENTED_EDGE('',*,*,#3182,.F.);
#4325=ORIENTED_EDGE('',*,*,#3187,.F.);
#4326=ORIENTED_EDGE('',*,*,#3188,.T.);
#4327=ORIENTED_EDGE('',*,*,#3189,.T.);
#4328=ORIENTED_EDGE('',*,*,#3185,.F.);
#4329=ORIENTED_EDGE('',*,*,#3190,.F.);
#4330=ORIENTED_EDGE('',*,*,#3191,.T.);
#4331=ORIENTED_EDGE('',*,*,#3192,.T.);
#4332=ORIENTED_EDGE('',*,*,#3188,.F.);
#4333=ORIENTED_EDGE('',*,*,#3193,.F.);
#4334=ORIENTED_EDGE('',*,*,#3194,.T.);
#4335=ORIENTED_EDGE('',*,*,#3195,.T.);
#4336=ORIENTED_EDGE('',*,*,#3191,.F.);
#4337=ORIENTED_EDGE('',*,*,#3196,.F.);
#4338=ORIENTED_EDGE('',*,*,#3197,.T.);
#4339=ORIENTED_EDGE('',*,*,#3198,.T.);
#4340=ORIENTED_EDGE('',*,*,#3194,.F.);
#4341=ORIENTED_EDGE('',*,*,#3199,.F.);
#4342=ORIENTED_EDGE('',*,*,#3200,.T.);
#4343=ORIENTED_EDGE('',*,*,#3201,.T.);
#4344=ORIENTED_EDGE('',*,*,#3197,.F.);
#4345=ORIENTED_EDGE('',*,*,#3202,.F.);
#4346=ORIENTED_EDGE('',*,*,#3203,.T.);
#4347=ORIENTED_EDGE('',*,*,#3204,.T.);
#4348=ORIENTED_EDGE('',*,*,#3200,.F.);
#4349=ORIENTED_EDGE('',*,*,#3205,.F.);
#4350=ORIENTED_EDGE('',*,*,#3206,.T.);
#4351=ORIENTED_EDGE('',*,*,#3207,.T.);
#4352=ORIENTED_EDGE('',*,*,#3203,.F.);
#4353=ORIENTED_EDGE('',*,*,#3208,.F.);
#4354=ORIENTED_EDGE('',*,*,#3209,.T.);
#4355=ORIENTED_EDGE('',*,*,#3210,.T.);
#4356=ORIENTED_EDGE('',*,*,#3206,.F.);
#4357=ORIENTED_EDGE('',*,*,#3211,.F.);
#4358=ORIENTED_EDGE('',*,*,#3212,.T.);
#4359=ORIENTED_EDGE('',*,*,#3213,.T.);
#4360=ORIENTED_EDGE('',*,*,#3209,.F.);
#4361=ORIENTED_EDGE('',*,*,#3214,.F.);
#4362=ORIENTED_EDGE('',*,*,#3215,.T.);
#4363=ORIENTED_EDGE('',*,*,#3216,.T.);
#4364=ORIENTED_EDGE('',*,*,#3212,.F.);
#4365=ORIENTED_EDGE('',*,*,#3217,.F.);
#4366=ORIENTED_EDGE('',*,*,#3218,.T.);
#4367=ORIENTED_EDGE('',*,*,#3219,.T.);
#4368=ORIENTED_EDGE('',*,*,#3215,.F.);
#4369=ORIENTED_EDGE('',*,*,#3220,.F.);
#4370=ORIENTED_EDGE('',*,*,#3221,.T.);
#4371=ORIENTED_EDGE('',*,*,#3222,.T.);
#4372=ORIENTED_EDGE('',*,*,#3218,.F.);
#4373=ORIENTED_EDGE('',*,*,#3223,.F.);
#4374=ORIENTED_EDGE('',*,*,#3224,.T.);
#4375=ORIENTED_EDGE('',*,*,#3225,.T.);
#4376=ORIENTED_EDGE('',*,*,#3221,.F.);
#4377=ORIENTED_EDGE('',*,*,#3226,.F.);
#4378=ORIENTED_EDGE('',*,*,#3227,.T.);
#4379=ORIENTED_EDGE('',*,*,#3228,.T.);
#4380=ORIENTED_EDGE('',*,*,#3224,.F.);
#4381=ORIENTED_EDGE('',*,*,#3229,.F.);
#4382=ORIENTED_EDGE('',*,*,#3230,.T.);
#4383=ORIENTED_EDGE('',*,*,#3231,.T.);
#4384=ORIENTED_EDGE('',*,*,#3227,.F.);
#4385=ORIENTED_EDGE('',*,*,#3232,.F.);
#4386=ORIENTED_EDGE('',*,*,#3233,.T.);
#4387=ORIENTED_EDGE('',*,*,#3234,.T.);
#4388=ORIENTED_EDGE('',*,*,#3230,.F.);
#4389=ORIENTED_EDGE('',*,*,#3235,.F.);
#4390=ORIENTED_EDGE('',*,*,#3236,.T.);
#4391=ORIENTED_EDGE('',*,*,#3237,.T.);
#4392=ORIENTED_EDGE('',*,*,#3233,.F.);
#4393=ORIENTED_EDGE('',*,*,#3238,.F.);
#4394=ORIENTED_EDGE('',*,*,#3239,.T.);
#4395=ORIENTED_EDGE('',*,*,#3240,.T.);
#4396=ORIENTED_EDGE('',*,*,#3236,.F.);
#4397=ORIENTED_EDGE('',*,*,#3241,.F.);
#4398=ORIENTED_EDGE('',*,*,#3165,.T.);
#4399=ORIENTED_EDGE('',*,*,#3242,.T.);
#4400=ORIENTED_EDGE('',*,*,#3239,.F.);
#4401=ORIENTED_EDGE('',*,*,#3242,.F.);
#4402=ORIENTED_EDGE('',*,*,#3164,.F.);
#4403=ORIENTED_EDGE('',*,*,#3168,.F.);
#4404=ORIENTED_EDGE('',*,*,#3171,.F.);
#4405=ORIENTED_EDGE('',*,*,#3174,.F.);
#4406=ORIENTED_EDGE('',*,*,#3177,.F.);
#4407=ORIENTED_EDGE('',*,*,#3180,.F.);
#4408=ORIENTED_EDGE('',*,*,#3183,.F.);
#4409=ORIENTED_EDGE('',*,*,#3186,.F.);
#4410=ORIENTED_EDGE('',*,*,#3189,.F.);
#4411=ORIENTED_EDGE('',*,*,#3192,.F.);
#4412=ORIENTED_EDGE('',*,*,#3195,.F.);
#4413=ORIENTED_EDGE('',*,*,#3198,.F.);
#4414=ORIENTED_EDGE('',*,*,#3201,.F.);
#4415=ORIENTED_EDGE('',*,*,#3204,.F.);
#4416=ORIENTED_EDGE('',*,*,#3207,.F.);
#4417=ORIENTED_EDGE('',*,*,#3210,.F.);
#4418=ORIENTED_EDGE('',*,*,#3213,.F.);
#4419=ORIENTED_EDGE('',*,*,#3216,.F.);
#4420=ORIENTED_EDGE('',*,*,#3219,.F.);
#4421=ORIENTED_EDGE('',*,*,#3222,.F.);
#4422=ORIENTED_EDGE('',*,*,#3225,.F.);
#4423=ORIENTED_EDGE('',*,*,#3228,.F.);
#4424=ORIENTED_EDGE('',*,*,#3231,.F.);
#4425=ORIENTED_EDGE('',*,*,#3234,.F.);
#4426=ORIENTED_EDGE('',*,*,#3237,.F.);
#4427=ORIENTED_EDGE('',*,*,#3240,.F.);
#4428=ORIENTED_EDGE('',*,*,#3161,.F.);
#4429=ORIENTED_EDGE('',*,*,#3134,.F.);
#4430=ORIENTED_EDGE('',*,*,#3138,.F.);
#4431=ORIENTED_EDGE('',*,*,#3141,.F.);
#4432=ORIENTED_EDGE('',*,*,#3144,.F.);
#4433=ORIENTED_EDGE('',*,*,#3147,.F.);
#4434=ORIENTED_EDGE('',*,*,#3150,.F.);
#4435=ORIENTED_EDGE('',*,*,#3153,.F.);
#4436=ORIENTED_EDGE('',*,*,#3156,.F.);
#4437=ORIENTED_EDGE('',*,*,#3159,.F.);
#4438=ORIENTED_EDGE('',*,*,#3243,.F.);
#4439=ORIENTED_EDGE('',*,*,#3244,.T.);
#4440=ORIENTED_EDGE('',*,*,#3245,.T.);
#4441=ORIENTED_EDGE('',*,*,#3246,.F.);
#4442=ORIENTED_EDGE('',*,*,#3247,.F.);
#4443=ORIENTED_EDGE('',*,*,#3248,.T.);
#4444=ORIENTED_EDGE('',*,*,#3249,.T.);
#4445=ORIENTED_EDGE('',*,*,#3244,.F.);
#4446=ORIENTED_EDGE('',*,*,#3250,.F.);
#4447=ORIENTED_EDGE('',*,*,#3251,.T.);
#4448=ORIENTED_EDGE('',*,*,#3252,.T.);
#4449=ORIENTED_EDGE('',*,*,#3248,.F.);
#4450=ORIENTED_EDGE('',*,*,#3253,.F.);
#4451=ORIENTED_EDGE('',*,*,#3254,.T.);
#4452=ORIENTED_EDGE('',*,*,#3255,.T.);
#4453=ORIENTED_EDGE('',*,*,#3251,.F.);
#4454=ORIENTED_EDGE('',*,*,#3256,.F.);
#4455=ORIENTED_EDGE('',*,*,#3257,.T.);
#4456=ORIENTED_EDGE('',*,*,#3258,.T.);
#4457=ORIENTED_EDGE('',*,*,#3254,.F.);
#4458=ORIENTED_EDGE('',*,*,#3259,.F.);
#4459=ORIENTED_EDGE('',*,*,#3260,.T.);
#4460=ORIENTED_EDGE('',*,*,#3261,.T.);
#4461=ORIENTED_EDGE('',*,*,#3257,.F.);
#4462=ORIENTED_EDGE('',*,*,#3262,.F.);
#4463=ORIENTED_EDGE('',*,*,#3263,.T.);
#4464=ORIENTED_EDGE('',*,*,#3264,.T.);
#4465=ORIENTED_EDGE('',*,*,#3260,.F.);
#4466=ORIENTED_EDGE('',*,*,#3265,.F.);
#4467=ORIENTED_EDGE('',*,*,#3246,.T.);
#4468=ORIENTED_EDGE('',*,*,#3266,.T.);
#4469=ORIENTED_EDGE('',*,*,#3263,.F.);
#4470=ORIENTED_EDGE('',*,*,#3266,.F.);
#4471=ORIENTED_EDGE('',*,*,#3245,.F.);
#4472=ORIENTED_EDGE('',*,*,#3249,.F.);
#4473=ORIENTED_EDGE('',*,*,#3252,.F.);
#4474=ORIENTED_EDGE('',*,*,#3255,.F.);
#4475=ORIENTED_EDGE('',*,*,#3258,.F.);
#4476=ORIENTED_EDGE('',*,*,#3261,.F.);
#4477=ORIENTED_EDGE('',*,*,#3264,.F.);
#4478=ORIENTED_EDGE('',*,*,#3132,.T.);
#4479=ORIENTED_EDGE('',*,*,#3160,.T.);
#4480=ORIENTED_EDGE('',*,*,#3157,.T.);
#4481=ORIENTED_EDGE('',*,*,#3154,.T.);
#4482=ORIENTED_EDGE('',*,*,#3151,.T.);
#4483=ORIENTED_EDGE('',*,*,#3148,.T.);
#4484=ORIENTED_EDGE('',*,*,#3145,.T.);
#4485=ORIENTED_EDGE('',*,*,#3142,.T.);
#4486=ORIENTED_EDGE('',*,*,#3139,.T.);
#4487=ORIENTED_EDGE('',*,*,#3136,.T.);
#4488=ORIENTED_EDGE('',*,*,#3045,.T.);
#4489=ORIENTED_EDGE('',*,*,#3058,.T.);
#4490=ORIENTED_EDGE('',*,*,#3055,.T.);
#4491=ORIENTED_EDGE('',*,*,#3052,.T.);
#4492=ORIENTED_EDGE('',*,*,#3049,.T.);
#4493=ORIENTED_EDGE('',*,*,#3267,.F.);
#4494=ORIENTED_EDGE('',*,*,#3268,.T.);
#4495=ORIENTED_EDGE('',*,*,#3268,.F.);
#4496=ORIENTED_EDGE('',*,*,#3269,.F.);
#4497=ORIENTED_EDGE('',*,*,#3270,.T.);
#4498=ORIENTED_EDGE('',*,*,#3267,.T.);
#4499=ORIENTED_EDGE('',*,*,#3270,.F.);
#4500=ORIENTED_EDGE('',*,*,#3271,.F.);
#4501=ORIENTED_EDGE('',*,*,#3272,.T.);
#4502=ORIENTED_EDGE('',*,*,#3272,.F.);
#4503=ORIENTED_EDGE('',*,*,#3273,.F.);
#4504=ORIENTED_EDGE('',*,*,#3274,.T.);
#4505=ORIENTED_EDGE('',*,*,#3271,.T.);
#4506=ORIENTED_EDGE('',*,*,#3274,.F.);
#4507=ORIENTED_EDGE('',*,*,#3275,.F.);
#4508=ORIENTED_EDGE('',*,*,#3276,.T.);
#4509=ORIENTED_EDGE('',*,*,#3276,.F.);
#4510=ORIENTED_EDGE('',*,*,#3277,.F.);
#4511=ORIENTED_EDGE('',*,*,#3278,.T.);
#4512=ORIENTED_EDGE('',*,*,#3275,.T.);
#4513=ORIENTED_EDGE('',*,*,#3278,.F.);
#4514=ORIENTED_EDGE('',*,*,#3279,.F.);
#4515=ORIENTED_EDGE('',*,*,#3280,.T.);
#4516=ORIENTED_EDGE('',*,*,#3280,.F.);
#4517=ORIENTED_EDGE('',*,*,#3281,.F.);
#4518=ORIENTED_EDGE('',*,*,#3282,.T.);
#4519=ORIENTED_EDGE('',*,*,#3279,.T.);
#4520=ORIENTED_EDGE('',*,*,#3282,.F.);
#4521=ORIENTED_EDGE('',*,*,#3283,.F.);
#4522=ORIENTED_EDGE('',*,*,#3284,.T.);
#4523=ORIENTED_EDGE('',*,*,#3285,.F.);
#4524=ORIENTED_EDGE('',*,*,#3286,.F.);
#4525=ORIENTED_EDGE('',*,*,#3287,.F.);
#4526=ORIENTED_EDGE('',*,*,#3288,.T.);
#4527=ORIENTED_EDGE('',*,*,#3289,.F.);
#4528=ORIENTED_EDGE('',*,*,#3284,.F.);
#4529=ORIENTED_EDGE('',*,*,#3290,.F.);
#4530=ORIENTED_EDGE('',*,*,#3291,.T.);
#4531=ORIENTED_EDGE('',*,*,#3292,.F.);
#4532=ORIENTED_EDGE('',*,*,#3288,.F.);
#4533=ORIENTED_EDGE('',*,*,#3293,.F.);
#4534=ORIENTED_EDGE('',*,*,#3286,.T.);
#4535=ORIENTED_EDGE('',*,*,#3294,.F.);
#4536=ORIENTED_EDGE('',*,*,#3291,.F.);
#4537=ORIENTED_EDGE('',*,*,#3295,.F.);
#4538=ORIENTED_EDGE('',*,*,#3296,.T.);
#4539=ORIENTED_EDGE('',*,*,#3297,.F.);
#4540=ORIENTED_EDGE('',*,*,#3298,.F.);
#4541=ORIENTED_EDGE('',*,*,#3299,.F.);
#4542=ORIENTED_EDGE('',*,*,#3300,.T.);
#4543=ORIENTED_EDGE('',*,*,#3301,.F.);
#4544=ORIENTED_EDGE('',*,*,#3296,.F.);
#4545=ORIENTED_EDGE('',*,*,#3302,.F.);
#4546=ORIENTED_EDGE('',*,*,#3303,.T.);
#4547=ORIENTED_EDGE('',*,*,#3304,.F.);
#4548=ORIENTED_EDGE('',*,*,#3300,.F.);
#4549=ORIENTED_EDGE('',*,*,#3305,.F.);
#4550=ORIENTED_EDGE('',*,*,#3298,.T.);
#4551=ORIENTED_EDGE('',*,*,#3306,.F.);
#4552=ORIENTED_EDGE('',*,*,#3303,.F.);
#4553=ORIENTED_EDGE('',*,*,#3307,.F.);
#4554=ORIENTED_EDGE('',*,*,#3308,.T.);
#4555=ORIENTED_EDGE('',*,*,#3309,.F.);
#4556=ORIENTED_EDGE('',*,*,#3310,.F.);
#4557=ORIENTED_EDGE('',*,*,#3311,.F.);
#4558=ORIENTED_EDGE('',*,*,#3312,.T.);
#4559=ORIENTED_EDGE('',*,*,#3313,.F.);
#4560=ORIENTED_EDGE('',*,*,#3308,.F.);
#4561=ORIENTED_EDGE('',*,*,#3314,.F.);
#4562=ORIENTED_EDGE('',*,*,#3315,.T.);
#4563=ORIENTED_EDGE('',*,*,#3316,.F.);
#4564=ORIENTED_EDGE('',*,*,#3312,.F.);
#4565=ORIENTED_EDGE('',*,*,#3317,.F.);
#4566=ORIENTED_EDGE('',*,*,#3310,.T.);
#4567=ORIENTED_EDGE('',*,*,#3318,.F.);
#4568=ORIENTED_EDGE('',*,*,#3315,.F.);
#4569=ORIENTED_EDGE('',*,*,#3319,.F.);
#4570=ORIENTED_EDGE('',*,*,#3320,.T.);
#4571=ORIENTED_EDGE('',*,*,#3321,.F.);
#4572=ORIENTED_EDGE('',*,*,#3322,.F.);
#4573=ORIENTED_EDGE('',*,*,#3323,.F.);
#4574=ORIENTED_EDGE('',*,*,#3324,.T.);
#4575=ORIENTED_EDGE('',*,*,#3325,.F.);
#4576=ORIENTED_EDGE('',*,*,#3320,.F.);
#4577=ORIENTED_EDGE('',*,*,#3326,.F.);
#4578=ORIENTED_EDGE('',*,*,#3327,.T.);
#4579=ORIENTED_EDGE('',*,*,#3328,.F.);
#4580=ORIENTED_EDGE('',*,*,#3324,.F.);
#4581=ORIENTED_EDGE('',*,*,#3329,.F.);
#4582=ORIENTED_EDGE('',*,*,#3322,.T.);
#4583=ORIENTED_EDGE('',*,*,#3330,.F.);
#4584=ORIENTED_EDGE('',*,*,#3327,.F.);
#4585=ORIENTED_EDGE('',*,*,#3331,.F.);
#4586=ORIENTED_EDGE('',*,*,#3332,.T.);
#4587=ORIENTED_EDGE('',*,*,#3333,.T.);
#4588=ORIENTED_EDGE('',*,*,#3334,.F.);
#4589=ORIENTED_EDGE('',*,*,#3335,.F.);
#4590=ORIENTED_EDGE('',*,*,#3336,.T.);
#4591=ORIENTED_EDGE('',*,*,#3337,.T.);
#4592=ORIENTED_EDGE('',*,*,#3332,.F.);
#4593=ORIENTED_EDGE('',*,*,#3297,.T.);
#4594=ORIENTED_EDGE('',*,*,#3301,.T.);
#4595=ORIENTED_EDGE('',*,*,#3304,.T.);
#4596=ORIENTED_EDGE('',*,*,#3306,.T.);
#4597=ORIENTED_EDGE('',*,*,#3321,.T.);
#4598=ORIENTED_EDGE('',*,*,#3325,.T.);
#4599=ORIENTED_EDGE('',*,*,#3328,.T.);
#4600=ORIENTED_EDGE('',*,*,#3330,.T.);
#4601=ORIENTED_EDGE('',*,*,#3338,.F.);
#4602=ORIENTED_EDGE('',*,*,#3339,.T.);
#4603=ORIENTED_EDGE('',*,*,#3340,.T.);
#4604=ORIENTED_EDGE('',*,*,#3336,.F.);
#4605=ORIENTED_EDGE('',*,*,#3309,.T.);
#4606=ORIENTED_EDGE('',*,*,#3313,.T.);
#4607=ORIENTED_EDGE('',*,*,#3316,.T.);
#4608=ORIENTED_EDGE('',*,*,#3318,.T.);
#4609=ORIENTED_EDGE('',*,*,#3341,.F.);
#4610=ORIENTED_EDGE('',*,*,#3334,.T.);
#4611=ORIENTED_EDGE('',*,*,#3342,.T.);
#4612=ORIENTED_EDGE('',*,*,#3339,.F.);
#4613=ORIENTED_EDGE('',*,*,#3285,.T.);
#4614=ORIENTED_EDGE('',*,*,#3289,.T.);
#4615=ORIENTED_EDGE('',*,*,#3292,.T.);
#4616=ORIENTED_EDGE('',*,*,#3294,.T.);
#4617=ORIENTED_EDGE('',*,*,#3342,.F.);
#4618=ORIENTED_EDGE('',*,*,#3333,.F.);
#4619=ORIENTED_EDGE('',*,*,#3337,.F.);
#4620=ORIENTED_EDGE('',*,*,#3340,.F.);
#4621=ORIENTED_EDGE('',*,*,#3343,.T.);
#4622=ORIENTED_EDGE('',*,*,#3344,.T.);
#4623=ORIENTED_EDGE('',*,*,#3345,.T.);
#4624=ORIENTED_EDGE('',*,*,#3346,.T.);
#4625=ORIENTED_EDGE('',*,*,#3347,.T.);
#4626=ORIENTED_EDGE('',*,*,#3348,.T.);
#4627=ORIENTED_EDGE('',*,*,#3349,.T.);
#4628=ORIENTED_EDGE('',*,*,#3350,.T.);
#4629=ORIENTED_EDGE('',*,*,#2610,.T.);
#4630=ORIENTED_EDGE('',*,*,#3351,.F.);
#4631=ORIENTED_EDGE('',*,*,#3352,.T.);
#4632=ORIENTED_EDGE('',*,*,#3350,.F.);
#4633=ORIENTED_EDGE('',*,*,#3353,.F.);
#4634=ORIENTED_EDGE('',*,*,#3283,.T.);
#4635=ORIENTED_EDGE('',*,*,#3293,.T.);
#4636=ORIENTED_EDGE('',*,*,#3290,.T.);
#4637=ORIENTED_EDGE('',*,*,#3287,.T.);
#4638=ORIENTED_EDGE('',*,*,#3354,.T.);
#4639=ORIENTED_EDGE('',*,*,#3353,.T.);
#4640=ORIENTED_EDGE('',*,*,#3349,.F.);
#4641=ORIENTED_EDGE('',*,*,#3355,.F.);
#4642=ORIENTED_EDGE('',*,*,#3356,.F.);
#4643=ORIENTED_EDGE('',*,*,#3355,.T.);
#4644=ORIENTED_EDGE('',*,*,#3348,.F.);
#4645=ORIENTED_EDGE('',*,*,#3357,.F.);
#4646=ORIENTED_EDGE('',*,*,#2994,.T.);
#4647=ORIENTED_EDGE('',*,*,#3031,.T.);
#4648=ORIENTED_EDGE('',*,*,#3028,.T.);
#4649=ORIENTED_EDGE('',*,*,#3025,.T.);
#4650=ORIENTED_EDGE('',*,*,#3022,.T.);
#4651=ORIENTED_EDGE('',*,*,#3019,.T.);
#4652=ORIENTED_EDGE('',*,*,#3016,.T.);
#4653=ORIENTED_EDGE('',*,*,#3013,.T.);
#4654=ORIENTED_EDGE('',*,*,#3010,.T.);
#4655=ORIENTED_EDGE('',*,*,#3007,.T.);
#4656=ORIENTED_EDGE('',*,*,#3004,.T.);
#4657=ORIENTED_EDGE('',*,*,#3001,.T.);
#4658=ORIENTED_EDGE('',*,*,#2998,.T.);
#4659=ORIENTED_EDGE('',*,*,#3033,.T.);
#4660=ORIENTED_EDGE('',*,*,#3043,.T.);
#4661=ORIENTED_EDGE('',*,*,#3040,.T.);
#4662=ORIENTED_EDGE('',*,*,#3037,.T.);
#4663=ORIENTED_EDGE('',*,*,#3060,.T.);
#4664=ORIENTED_EDGE('',*,*,#3103,.T.);
#4665=ORIENTED_EDGE('',*,*,#3100,.T.);
#4666=ORIENTED_EDGE('',*,*,#3097,.T.);
#4667=ORIENTED_EDGE('',*,*,#3094,.T.);
#4668=ORIENTED_EDGE('',*,*,#3091,.T.);
#4669=ORIENTED_EDGE('',*,*,#3088,.T.);
#4670=ORIENTED_EDGE('',*,*,#3085,.T.);
#4671=ORIENTED_EDGE('',*,*,#3082,.T.);
#4672=ORIENTED_EDGE('',*,*,#3079,.T.);
#4673=ORIENTED_EDGE('',*,*,#3076,.T.);
#4674=ORIENTED_EDGE('',*,*,#3073,.T.);
#4675=ORIENTED_EDGE('',*,*,#3070,.T.);
#4676=ORIENTED_EDGE('',*,*,#3067,.T.);
#4677=ORIENTED_EDGE('',*,*,#3064,.T.);
#4678=ORIENTED_EDGE('',*,*,#3105,.T.);
#4679=ORIENTED_EDGE('',*,*,#3130,.T.);
#4680=ORIENTED_EDGE('',*,*,#3127,.T.);
#4681=ORIENTED_EDGE('',*,*,#3124,.T.);
#4682=ORIENTED_EDGE('',*,*,#3121,.T.);
#4683=ORIENTED_EDGE('',*,*,#3118,.T.);
#4684=ORIENTED_EDGE('',*,*,#3115,.T.);
#4685=ORIENTED_EDGE('',*,*,#3112,.T.);
#4686=ORIENTED_EDGE('',*,*,#3109,.T.);
#4687=ORIENTED_EDGE('',*,*,#3162,.T.);
#4688=ORIENTED_EDGE('',*,*,#3241,.T.);
#4689=ORIENTED_EDGE('',*,*,#3238,.T.);
#4690=ORIENTED_EDGE('',*,*,#3235,.T.);
#4691=ORIENTED_EDGE('',*,*,#3232,.T.);
#4692=ORIENTED_EDGE('',*,*,#3229,.T.);
#4693=ORIENTED_EDGE('',*,*,#3226,.T.);
#4694=ORIENTED_EDGE('',*,*,#3223,.T.);
#4695=ORIENTED_EDGE('',*,*,#3220,.T.);
#4696=ORIENTED_EDGE('',*,*,#3217,.T.);
#4697=ORIENTED_EDGE('',*,*,#3214,.T.);
#4698=ORIENTED_EDGE('',*,*,#3211,.T.);
#4699=ORIENTED_EDGE('',*,*,#3208,.T.);
#4700=ORIENTED_EDGE('',*,*,#3205,.T.);
#4701=ORIENTED_EDGE('',*,*,#3202,.T.);
#4702=ORIENTED_EDGE('',*,*,#3199,.T.);
#4703=ORIENTED_EDGE('',*,*,#3196,.T.);
#4704=ORIENTED_EDGE('',*,*,#3193,.T.);
#4705=ORIENTED_EDGE('',*,*,#3190,.T.);
#4706=ORIENTED_EDGE('',*,*,#3187,.T.);
#4707=ORIENTED_EDGE('',*,*,#3184,.T.);
#4708=ORIENTED_EDGE('',*,*,#3181,.T.);
#4709=ORIENTED_EDGE('',*,*,#3178,.T.);
#4710=ORIENTED_EDGE('',*,*,#3175,.T.);
#4711=ORIENTED_EDGE('',*,*,#3172,.T.);
#4712=ORIENTED_EDGE('',*,*,#3169,.T.);
#4713=ORIENTED_EDGE('',*,*,#3166,.T.);
#4714=ORIENTED_EDGE('',*,*,#3243,.T.);
#4715=ORIENTED_EDGE('',*,*,#3265,.T.);
#4716=ORIENTED_EDGE('',*,*,#3262,.T.);
#4717=ORIENTED_EDGE('',*,*,#3259,.T.);
#4718=ORIENTED_EDGE('',*,*,#3256,.T.);
#4719=ORIENTED_EDGE('',*,*,#3253,.T.);
#4720=ORIENTED_EDGE('',*,*,#3250,.T.);
#4721=ORIENTED_EDGE('',*,*,#3247,.T.);
#4722=ORIENTED_EDGE('',*,*,#2943,.T.);
#4723=ORIENTED_EDGE('',*,*,#2992,.T.);
#4724=ORIENTED_EDGE('',*,*,#2989,.T.);
#4725=ORIENTED_EDGE('',*,*,#2986,.T.);
#4726=ORIENTED_EDGE('',*,*,#2983,.T.);
#4727=ORIENTED_EDGE('',*,*,#2980,.T.);
#4728=ORIENTED_EDGE('',*,*,#2977,.T.);
#4729=ORIENTED_EDGE('',*,*,#2974,.T.);
#4730=ORIENTED_EDGE('',*,*,#2971,.T.);
#4731=ORIENTED_EDGE('',*,*,#2968,.T.);
#4732=ORIENTED_EDGE('',*,*,#2965,.T.);
#4733=ORIENTED_EDGE('',*,*,#2962,.T.);
#4734=ORIENTED_EDGE('',*,*,#2959,.T.);
#4735=ORIENTED_EDGE('',*,*,#2956,.T.);
#4736=ORIENTED_EDGE('',*,*,#2953,.T.);
#4737=ORIENTED_EDGE('',*,*,#2950,.T.);
#4738=ORIENTED_EDGE('',*,*,#2947,.T.);
#4739=ORIENTED_EDGE('',*,*,#2904,.T.);
#4740=ORIENTED_EDGE('',*,*,#2941,.T.);
#4741=ORIENTED_EDGE('',*,*,#2938,.T.);
#4742=ORIENTED_EDGE('',*,*,#2935,.T.);
#4743=ORIENTED_EDGE('',*,*,#2932,.T.);
#4744=ORIENTED_EDGE('',*,*,#2929,.T.);
#4745=ORIENTED_EDGE('',*,*,#2926,.T.);
#4746=ORIENTED_EDGE('',*,*,#2923,.T.);
#4747=ORIENTED_EDGE('',*,*,#2920,.T.);
#4748=ORIENTED_EDGE('',*,*,#2917,.T.);
#4749=ORIENTED_EDGE('',*,*,#2914,.T.);
#4750=ORIENTED_EDGE('',*,*,#2911,.T.);
#4751=ORIENTED_EDGE('',*,*,#2908,.T.);
#4752=ORIENTED_EDGE('',*,*,#2868,.T.);
#4753=ORIENTED_EDGE('',*,*,#2878,.T.);
#4754=ORIENTED_EDGE('',*,*,#2875,.T.);
#4755=ORIENTED_EDGE('',*,*,#2872,.T.);
#4756=ORIENTED_EDGE('',*,*,#2811,.T.);
#4757=ORIENTED_EDGE('',*,*,#2866,.T.);
#4758=ORIENTED_EDGE('',*,*,#2863,.T.);
#4759=ORIENTED_EDGE('',*,*,#2860,.T.);
#4760=ORIENTED_EDGE('',*,*,#2857,.T.);
#4761=ORIENTED_EDGE('',*,*,#2854,.T.);
#4762=ORIENTED_EDGE('',*,*,#2851,.T.);
#4763=ORIENTED_EDGE('',*,*,#2848,.T.);
#4764=ORIENTED_EDGE('',*,*,#2845,.T.);
#4765=ORIENTED_EDGE('',*,*,#2842,.T.);
#4766=ORIENTED_EDGE('',*,*,#2839,.T.);
#4767=ORIENTED_EDGE('',*,*,#2836,.T.);
#4768=ORIENTED_EDGE('',*,*,#2833,.T.);
#4769=ORIENTED_EDGE('',*,*,#2830,.T.);
#4770=ORIENTED_EDGE('',*,*,#2827,.T.);
#4771=ORIENTED_EDGE('',*,*,#2824,.T.);
#4772=ORIENTED_EDGE('',*,*,#2821,.T.);
#4773=ORIENTED_EDGE('',*,*,#2818,.T.);
#4774=ORIENTED_EDGE('',*,*,#2815,.T.);
#4775=ORIENTED_EDGE('',*,*,#2775,.T.);
#4776=ORIENTED_EDGE('',*,*,#2809,.T.);
#4777=ORIENTED_EDGE('',*,*,#2806,.T.);
#4778=ORIENTED_EDGE('',*,*,#2803,.T.);
#4779=ORIENTED_EDGE('',*,*,#2800,.T.);
#4780=ORIENTED_EDGE('',*,*,#2797,.T.);
#4781=ORIENTED_EDGE('',*,*,#2794,.T.);
#4782=ORIENTED_EDGE('',*,*,#2791,.T.);
#4783=ORIENTED_EDGE('',*,*,#2788,.T.);
#4784=ORIENTED_EDGE('',*,*,#2785,.T.);
#4785=ORIENTED_EDGE('',*,*,#2782,.T.);
#4786=ORIENTED_EDGE('',*,*,#2779,.T.);
#4787=ORIENTED_EDGE('',*,*,#2736,.T.);
#4788=ORIENTED_EDGE('',*,*,#2773,.T.);
#4789=ORIENTED_EDGE('',*,*,#2770,.T.);
#4790=ORIENTED_EDGE('',*,*,#2767,.T.);
#4791=ORIENTED_EDGE('',*,*,#2764,.T.);
#4792=ORIENTED_EDGE('',*,*,#2761,.T.);
#4793=ORIENTED_EDGE('',*,*,#2758,.T.);
#4794=ORIENTED_EDGE('',*,*,#2755,.T.);
#4795=ORIENTED_EDGE('',*,*,#2752,.T.);
#4796=ORIENTED_EDGE('',*,*,#2749,.T.);
#4797=ORIENTED_EDGE('',*,*,#2746,.T.);
#4798=ORIENTED_EDGE('',*,*,#2743,.T.);
#4799=ORIENTED_EDGE('',*,*,#2740,.T.);
#4800=ORIENTED_EDGE('',*,*,#2613,.T.);
#4801=ORIENTED_EDGE('',*,*,#2710,.T.);
#4802=ORIENTED_EDGE('',*,*,#2707,.T.);
#4803=ORIENTED_EDGE('',*,*,#2704,.T.);
#4804=ORIENTED_EDGE('',*,*,#2701,.T.);
#4805=ORIENTED_EDGE('',*,*,#2698,.T.);
#4806=ORIENTED_EDGE('',*,*,#2695,.T.);
#4807=ORIENTED_EDGE('',*,*,#2692,.T.);
#4808=ORIENTED_EDGE('',*,*,#2689,.T.);
#4809=ORIENTED_EDGE('',*,*,#2686,.T.);
#4810=ORIENTED_EDGE('',*,*,#2683,.T.);
#4811=ORIENTED_EDGE('',*,*,#2680,.T.);
#4812=ORIENTED_EDGE('',*,*,#2677,.T.);
#4813=ORIENTED_EDGE('',*,*,#2674,.T.);
#4814=ORIENTED_EDGE('',*,*,#2671,.T.);
#4815=ORIENTED_EDGE('',*,*,#2668,.T.);
#4816=ORIENTED_EDGE('',*,*,#2665,.T.);
#4817=ORIENTED_EDGE('',*,*,#2662,.T.);
#4818=ORIENTED_EDGE('',*,*,#2659,.T.);
#4819=ORIENTED_EDGE('',*,*,#2656,.T.);
#4820=ORIENTED_EDGE('',*,*,#2653,.T.);
#4821=ORIENTED_EDGE('',*,*,#2650,.T.);
#4822=ORIENTED_EDGE('',*,*,#2647,.T.);
#4823=ORIENTED_EDGE('',*,*,#2644,.T.);
#4824=ORIENTED_EDGE('',*,*,#2641,.T.);
#4825=ORIENTED_EDGE('',*,*,#2638,.T.);
#4826=ORIENTED_EDGE('',*,*,#2635,.T.);
#4827=ORIENTED_EDGE('',*,*,#2632,.T.);
#4828=ORIENTED_EDGE('',*,*,#2629,.T.);
#4829=ORIENTED_EDGE('',*,*,#2626,.T.);
#4830=ORIENTED_EDGE('',*,*,#2623,.T.);
#4831=ORIENTED_EDGE('',*,*,#2620,.T.);
#4832=ORIENTED_EDGE('',*,*,#2617,.T.);
#4833=ORIENTED_EDGE('',*,*,#3358,.T.);
#4834=ORIENTED_EDGE('',*,*,#3357,.T.);
#4835=ORIENTED_EDGE('',*,*,#3347,.F.);
#4836=ORIENTED_EDGE('',*,*,#3359,.F.);
#4837=ORIENTED_EDGE('',*,*,#3360,.F.);
#4838=ORIENTED_EDGE('',*,*,#3359,.T.);
#4839=ORIENTED_EDGE('',*,*,#3346,.F.);
#4840=ORIENTED_EDGE('',*,*,#3361,.F.);
#4841=ORIENTED_EDGE('',*,*,#3295,.T.);
#4842=ORIENTED_EDGE('',*,*,#3305,.T.);
#4843=ORIENTED_EDGE('',*,*,#3302,.T.);
#4844=ORIENTED_EDGE('',*,*,#3299,.T.);
#4845=ORIENTED_EDGE('',*,*,#3319,.T.);
#4846=ORIENTED_EDGE('',*,*,#3329,.T.);
#4847=ORIENTED_EDGE('',*,*,#3326,.T.);
#4848=ORIENTED_EDGE('',*,*,#3323,.T.);
#4849=ORIENTED_EDGE('',*,*,#3362,.T.);
#4850=ORIENTED_EDGE('',*,*,#3361,.T.);
#4851=ORIENTED_EDGE('',*,*,#3345,.F.);
#4852=ORIENTED_EDGE('',*,*,#3363,.F.);
#4853=ORIENTED_EDGE('',*,*,#3364,.F.);
#4854=ORIENTED_EDGE('',*,*,#3363,.T.);
#4855=ORIENTED_EDGE('',*,*,#3344,.F.);
#4856=ORIENTED_EDGE('',*,*,#3365,.F.);
#4857=ORIENTED_EDGE('',*,*,#3307,.T.);
#4858=ORIENTED_EDGE('',*,*,#3317,.T.);
#4859=ORIENTED_EDGE('',*,*,#3314,.T.);
#4860=ORIENTED_EDGE('',*,*,#3311,.T.);
#4861=ORIENTED_EDGE('',*,*,#3366,.T.);
#4862=ORIENTED_EDGE('',*,*,#3365,.T.);
#4863=ORIENTED_EDGE('',*,*,#3343,.F.);
#4864=ORIENTED_EDGE('',*,*,#3352,.F.);
#4865=ORIENTED_EDGE('',*,*,#3366,.F.);
#4866=ORIENTED_EDGE('',*,*,#3351,.T.);
#4867=ORIENTED_EDGE('',*,*,#3354,.F.);
#4868=ORIENTED_EDGE('',*,*,#3356,.T.);
#4869=ORIENTED_EDGE('',*,*,#3358,.F.);
#4870=ORIENTED_EDGE('',*,*,#3360,.T.);
#4871=ORIENTED_EDGE('',*,*,#3362,.F.);
#4872=ORIENTED_EDGE('',*,*,#3364,.T.);
#4873=ORIENTED_EDGE('',*,*,#3269,.T.);
#4874=ORIENTED_EDGE('',*,*,#3273,.T.);
#4875=ORIENTED_EDGE('',*,*,#3277,.T.);
#4876=ORIENTED_EDGE('',*,*,#3281,.T.);
#4877=ORIENTED_EDGE('',*,*,#3331,.T.);
#4878=ORIENTED_EDGE('',*,*,#3341,.T.);
#4879=ORIENTED_EDGE('',*,*,#3338,.T.);
#4880=ORIENTED_EDGE('',*,*,#3335,.T.);
#4881=CYLINDRICAL_SURFACE('',#5180,13.6014707114131);
#4882=CYLINDRICAL_SURFACE('',#5277,1.45);
#4883=CYLINDRICAL_SURFACE('',#5281,1.45);
#4884=CYLINDRICAL_SURFACE('',#5285,1.45);
#4885=CYLINDRICAL_SURFACE('',#5289,1.45);
#4886=CYLINDRICAL_SURFACE('',#5318,9.99999999999999);
#4887=CYLINDRICAL_SURFACE('',#5321,9.99999999999999);
#4888=CYLINDRICAL_SURFACE('',#5324,9.99999999999999);
#4889=CYLINDRICAL_SURFACE('',#5327,9.99999999999999);
#4890=ADVANCED_FACE('',(#601),#4881,.F.);
#4891=ADVANCED_FACE('',(#602),#482,.T.);
#4892=ADVANCED_FACE('',(#603),#338,.F.);
#4893=ADVANCED_FACE('',(#604),#339,.F.);
#4894=ADVANCED_FACE('',(#605),#340,.F.);
#4895=ADVANCED_FACE('',(#606),#341,.F.);
#4896=ADVANCED_FACE('',(#607),#342,.F.);
#4897=ADVANCED_FACE('',(#608),#343,.F.);
#4898=ADVANCED_FACE('',(#609),#344,.F.);
#4899=ADVANCED_FACE('',(#610),#345,.F.);
#4900=ADVANCED_FACE('',(#611),#346,.F.);
#4901=ADVANCED_FACE('',(#612),#347,.F.);
#4902=ADVANCED_FACE('',(#613),#348,.F.);
#4903=ADVANCED_FACE('',(#614),#349,.F.);
#4904=ADVANCED_FACE('',(#615),#350,.F.);
#4905=ADVANCED_FACE('',(#616),#351,.F.);
#4906=ADVANCED_FACE('',(#617),#483,.F.);
#4907=ADVANCED_FACE('',(#618),#352,.F.);
#4908=ADVANCED_FACE('',(#619),#353,.F.);
#4909=ADVANCED_FACE('',(#620),#354,.F.);
#4910=ADVANCED_FACE('',(#621),#355,.F.);
#4911=ADVANCED_FACE('',(#622),#356,.F.);
#4912=ADVANCED_FACE('',(#623),#357,.F.);
#4913=ADVANCED_FACE('',(#624),#358,.F.);
#4914=ADVANCED_FACE('',(#625),#359,.F.);
#4915=ADVANCED_FACE('',(#626),#360,.F.);
#4916=ADVANCED_FACE('',(#627),#361,.F.);
#4917=ADVANCED_FACE('',(#628),#362,.F.);
#4918=ADVANCED_FACE('',(#629),#363,.F.);
#4919=ADVANCED_FACE('',(#630),#364,.F.);
#4920=ADVANCED_FACE('',(#631),#365,.F.);
#4921=ADVANCED_FACE('',(#632),#366,.F.);
#4922=ADVANCED_FACE('',(#633),#367,.F.);
#4923=ADVANCED_FACE('',(#634),#484,.F.);
#4924=ADVANCED_FACE('',(#635),#368,.F.);
#4925=ADVANCED_FACE('',(#636),#485,.T.);
#4926=ADVANCED_FACE('',(#637),#369,.F.);
#4927=ADVANCED_FACE('',(#638),#370,.F.);
#4928=ADVANCED_FACE('',(#639),#371,.F.);
#4929=ADVANCED_FACE('',(#640),#372,.F.);
#4930=ADVANCED_FACE('',(#641),#373,.F.);
#4931=ADVANCED_FACE('',(#642),#374,.F.);
#4932=ADVANCED_FACE('',(#643),#375,.F.);
#4933=ADVANCED_FACE('',(#644),#376,.F.);
#4934=ADVANCED_FACE('',(#645),#377,.F.);
#4935=ADVANCED_FACE('',(#646),#378,.F.);
#4936=ADVANCED_FACE('',(#647),#379,.F.);
#4937=ADVANCED_FACE('',(#648),#380,.F.);
#4938=ADVANCED_FACE('',(#649),#381,.F.);
#4939=ADVANCED_FACE('',(#650),#382,.F.);
#4940=ADVANCED_FACE('',(#651),#383,.F.);
#4941=ADVANCED_FACE('',(#652),#384,.F.);
#4942=ADVANCED_FACE('',(#653),#486,.F.);
#4943=ADVANCED_FACE('',(#654),#487,.F.);
#4944=ADVANCED_FACE('',(#655),#488,.F.);
#4945=ADVANCED_FACE('',(#656),#489,.F.);
#4946=ADVANCED_FACE('',(#657),#490,.F.);
#4947=ADVANCED_FACE('',(#658,#19),#491,.T.);
#4948=ADVANCED_FACE('',(#659),#492,.F.);
#4949=ADVANCED_FACE('',(#660),#493,.F.);
#4950=ADVANCED_FACE('',(#661),#494,.F.);
#4951=ADVANCED_FACE('',(#662),#495,.F.);
#4952=ADVANCED_FACE('',(#663),#496,.F.);
#4953=ADVANCED_FACE('',(#664),#497,.F.);
#4954=ADVANCED_FACE('',(#665),#498,.F.);
#4955=ADVANCED_FACE('',(#666),#499,.F.);
#4956=ADVANCED_FACE('',(#667),#500,.F.);
#4957=ADVANCED_FACE('',(#668),#501,.F.);
#4958=ADVANCED_FACE('',(#669),#502,.F.);
#4959=ADVANCED_FACE('',(#670),#503,.F.);
#4960=ADVANCED_FACE('',(#671),#504,.F.);
#4961=ADVANCED_FACE('',(#672),#505,.F.);
#4962=ADVANCED_FACE('',(#673),#506,.F.);
#4963=ADVANCED_FACE('',(#674),#507,.F.);
#4964=ADVANCED_FACE('',(#675),#385,.F.);
#4965=ADVANCED_FACE('',(#676),#386,.F.);
#4966=ADVANCED_FACE('',(#677),#387,.F.);
#4967=ADVANCED_FACE('',(#678),#388,.F.);
#4968=ADVANCED_FACE('',(#679),#389,.F.);
#4969=ADVANCED_FACE('',(#680),#390,.F.);
#4970=ADVANCED_FACE('',(#681),#508,.F.);
#4971=ADVANCED_FACE('',(#682),#509,.F.);
#4972=ADVANCED_FACE('',(#683),#510,.F.);
#4973=ADVANCED_FACE('',(#684),#391,.F.);
#4974=ADVANCED_FACE('',(#685),#392,.F.);
#4975=ADVANCED_FACE('',(#686),#393,.F.);
#4976=ADVANCED_FACE('',(#687),#394,.F.);
#4977=ADVANCED_FACE('',(#688),#395,.F.);
#4978=ADVANCED_FACE('',(#689),#511,.F.);
#4979=ADVANCED_FACE('',(#690),#512,.F.);
#4980=ADVANCED_FACE('',(#691),#513,.T.);
#4981=ADVANCED_FACE('',(#692),#514,.F.);
#4982=ADVANCED_FACE('',(#693),#515,.F.);
#4983=ADVANCED_FACE('',(#694),#516,.F.);
#4984=ADVANCED_FACE('',(#695),#517,.F.);
#4985=ADVANCED_FACE('',(#696),#518,.F.);
#4986=ADVANCED_FACE('',(#697),#396,.F.);
#4987=ADVANCED_FACE('',(#698),#397,.F.);
#4988=ADVANCED_FACE('',(#699),#398,.F.);
#4989=ADVANCED_FACE('',(#700),#399,.F.);
#4990=ADVANCED_FACE('',(#701),#400,.F.);
#4991=ADVANCED_FACE('',(#702),#401,.F.);
#4992=ADVANCED_FACE('',(#703),#402,.F.);
#4993=ADVANCED_FACE('',(#704),#403,.F.);
#4994=ADVANCED_FACE('',(#705),#404,.F.);
#4995=ADVANCED_FACE('',(#706),#405,.F.);
#4996=ADVANCED_FACE('',(#707),#406,.F.);
#4997=ADVANCED_FACE('',(#708),#407,.F.);
#4998=ADVANCED_FACE('',(#709),#408,.F.);
#4999=ADVANCED_FACE('',(#710),#409,.F.);
#5000=ADVANCED_FACE('',(#711),#410,.F.);
#5001=ADVANCED_FACE('',(#712),#411,.F.);
#5002=ADVANCED_FACE('',(#713),#519,.F.);
#5003=ADVANCED_FACE('',(#714),#520,.F.);
#5004=ADVANCED_FACE('',(#715),#521,.F.);
#5005=ADVANCED_FACE('',(#716),#522,.F.);
#5006=ADVANCED_FACE('',(#717),#523,.F.);
#5007=ADVANCED_FACE('',(#718,#20),#524,.T.);
#5008=ADVANCED_FACE('',(#719),#412,.F.);
#5009=ADVANCED_FACE('',(#720),#413,.F.);
#5010=ADVANCED_FACE('',(#721),#414,.F.);
#5011=ADVANCED_FACE('',(#722),#415,.F.);
#5012=ADVANCED_FACE('',(#723),#416,.F.);
#5013=ADVANCED_FACE('',(#724),#525,.F.);
#5014=ADVANCED_FACE('',(#725),#526,.F.);
#5015=ADVANCED_FACE('',(#726),#527,.F.);
#5016=ADVANCED_FACE('',(#727),#417,.F.);
#5017=ADVANCED_FACE('',(#728),#418,.F.);
#5018=ADVANCED_FACE('',(#729),#419,.F.);
#5019=ADVANCED_FACE('',(#730),#420,.F.);
#5020=ADVANCED_FACE('',(#731),#421,.F.);
#5021=ADVANCED_FACE('',(#732),#422,.F.);
#5022=ADVANCED_FACE('',(#733),#528,.F.);
#5023=ADVANCED_FACE('',(#734),#529,.F.);
#5024=ADVANCED_FACE('',(#735),#530,.F.);
#5025=ADVANCED_FACE('',(#736),#531,.T.);
#5026=ADVANCED_FACE('',(#737),#532,.T.);
#5027=ADVANCED_FACE('',(#738),#533,.T.);
#5028=ADVANCED_FACE('',(#739),#534,.F.);
#5029=ADVANCED_FACE('',(#740),#423,.F.);
#5030=ADVANCED_FACE('',(#741),#424,.F.);
#5031=ADVANCED_FACE('',(#742),#425,.F.);
#5032=ADVANCED_FACE('',(#743),#426,.F.);
#5033=ADVANCED_FACE('',(#744),#535,.F.);
#5034=ADVANCED_FACE('',(#745),#427,.F.);
#5035=ADVANCED_FACE('',(#746),#428,.F.);
#5036=ADVANCED_FACE('',(#747),#429,.F.);
#5037=ADVANCED_FACE('',(#748),#536,.F.);
#5038=ADVANCED_FACE('',(#749),#537,.F.);
#5039=ADVANCED_FACE('',(#750),#538,.F.);
#5040=ADVANCED_FACE('',(#751),#539,.F.);
#5041=ADVANCED_FACE('',(#752),#540,.T.);
#5042=ADVANCED_FACE('',(#753),#541,.F.);
#5043=ADVANCED_FACE('',(#754),#542,.F.);
#5044=ADVANCED_FACE('',(#755),#543,.F.);
#5045=ADVANCED_FACE('',(#756),#544,.F.);
#5046=ADVANCED_FACE('',(#757),#545,.F.);
#5047=ADVANCED_FACE('',(#758),#430,.F.);
#5048=ADVANCED_FACE('',(#759),#431,.F.);
#5049=ADVANCED_FACE('',(#760),#432,.F.);
#5050=ADVANCED_FACE('',(#761),#546,.F.);
#5051=ADVANCED_FACE('',(#762),#433,.F.);
#5052=ADVANCED_FACE('',(#763),#434,.F.);
#5053=ADVANCED_FACE('',(#764),#435,.F.);
#5054=ADVANCED_FACE('',(#765),#436,.F.);
#5055=ADVANCED_FACE('',(#766),#547,.F.);
#5056=ADVANCED_FACE('',(#767),#437,.F.);
#5057=ADVANCED_FACE('',(#768),#438,.F.);
#5058=ADVANCED_FACE('',(#769),#439,.F.);
#5059=ADVANCED_FACE('',(#770),#440,.F.);
#5060=ADVANCED_FACE('',(#771),#441,.F.);
#5061=ADVANCED_FACE('',(#772),#442,.F.);
#5062=ADVANCED_FACE('',(#773),#443,.F.);
#5063=ADVANCED_FACE('',(#774),#444,.F.);
#5064=ADVANCED_FACE('',(#775),#445,.F.);
#5065=ADVANCED_FACE('',(#776),#548,.F.);
#5066=ADVANCED_FACE('',(#777),#446,.F.);
#5067=ADVANCED_FACE('',(#778,#21),#549,.T.);
#5068=ADVANCED_FACE('',(#779),#550,.F.);
#5069=ADVANCED_FACE('',(#780),#551,.F.);
#5070=ADVANCED_FACE('',(#781),#552,.F.);
#5071=ADVANCED_FACE('',(#782),#447,.F.);
#5072=ADVANCED_FACE('',(#783),#448,.F.);
#5073=ADVANCED_FACE('',(#784),#553,.F.);
#5074=ADVANCED_FACE('',(#785),#554,.F.);
#5075=ADVANCED_FACE('',(#786),#555,.F.);
#5076=ADVANCED_FACE('',(#787),#556,.F.);
#5077=ADVANCED_FACE('',(#788),#557,.T.);
#5078=ADVANCED_FACE('',(#789),#449,.F.);
#5079=ADVANCED_FACE('',(#790),#450,.F.);
#5080=ADVANCED_FACE('',(#791),#451,.F.);
#5081=ADVANCED_FACE('',(#792),#452,.F.);
#5082=ADVANCED_FACE('',(#793),#453,.F.);
#5083=ADVANCED_FACE('',(#794),#454,.F.);
#5084=ADVANCED_FACE('',(#795),#455,.F.);
#5085=ADVANCED_FACE('',(#796),#456,.F.);
#5086=ADVANCED_FACE('',(#797),#457,.F.);
#5087=ADVANCED_FACE('',(#798),#558,.F.);
#5088=ADVANCED_FACE('',(#799),#559,.F.);
#5089=ADVANCED_FACE('',(#800),#458,.F.);
#5090=ADVANCED_FACE('',(#801),#459,.F.);
#5091=ADVANCED_FACE('',(#802),#560,.F.);
#5092=ADVANCED_FACE('',(#803),#460,.F.);
#5093=ADVANCED_FACE('',(#804),#461,.F.);
#5094=ADVANCED_FACE('',(#805),#462,.F.);
#5095=ADVANCED_FACE('',(#806),#463,.F.);
#5096=ADVANCED_FACE('',(#807),#464,.F.);
#5097=ADVANCED_FACE('',(#808),#465,.F.);
#5098=ADVANCED_FACE('',(#809),#466,.F.);
#5099=ADVANCED_FACE('',(#810),#561,.F.);
#5100=ADVANCED_FACE('',(#811),#467,.F.);
#5101=ADVANCED_FACE('',(#812),#468,.F.);
#5102=ADVANCED_FACE('',(#813),#469,.F.);
#5103=ADVANCED_FACE('',(#814),#470,.F.);
#5104=ADVANCED_FACE('',(#815),#471,.F.);
#5105=ADVANCED_FACE('',(#816),#472,.F.);
#5106=ADVANCED_FACE('',(#817),#473,.F.);
#5107=ADVANCED_FACE('',(#818),#474,.F.);
#5108=ADVANCED_FACE('',(#819),#475,.F.);
#5109=ADVANCED_FACE('',(#820),#476,.F.);
#5110=ADVANCED_FACE('',(#821),#477,.F.);
#5111=ADVANCED_FACE('',(#822),#478,.F.);
#5112=ADVANCED_FACE('',(#823),#479,.F.);
#5113=ADVANCED_FACE('',(#824),#480,.F.);
#5114=ADVANCED_FACE('',(#825),#481,.F.);
#5115=ADVANCED_FACE('',(#826,#22),#562,.T.);
#5116=ADVANCED_FACE('',(#827),#563,.F.);
#5117=ADVANCED_FACE('',(#828),#564,.F.);
#5118=ADVANCED_FACE('',(#829),#565,.F.);
#5119=ADVANCED_FACE('',(#830),#566,.F.);
#5120=ADVANCED_FACE('',(#831),#567,.F.);
#5121=ADVANCED_FACE('',(#832),#568,.F.);
#5122=ADVANCED_FACE('',(#833),#569,.F.);
#5123=ADVANCED_FACE('',(#834),#570,.F.);
#5124=ADVANCED_FACE('',(#835),#571,.F.);
#5125=ADVANCED_FACE('',(#836),#572,.T.);
#5126=ADVANCED_FACE('',(#837),#573,.T.);
#5127=ADVANCED_FACE('',(#838),#15,.F.);
#5128=ADVANCED_FACE('',(#839),#4882,.F.);
#5129=ADVANCED_FACE('',(#840),#16,.F.);
#5130=ADVANCED_FACE('',(#841),#4883,.F.);
#5131=ADVANCED_FACE('',(#842),#17,.F.);
#5132=ADVANCED_FACE('',(#843),#4884,.F.);
#5133=ADVANCED_FACE('',(#844),#18,.F.);
#5134=ADVANCED_FACE('',(#845),#4885,.F.);
#5135=ADVANCED_FACE('',(#846),#574,.F.);
#5136=ADVANCED_FACE('',(#847),#575,.F.);
#5137=ADVANCED_FACE('',(#848),#576,.F.);
#5138=ADVANCED_FACE('',(#849),#577,.F.);
#5139=ADVANCED_FACE('',(#850),#578,.F.);
#5140=ADVANCED_FACE('',(#851),#579,.F.);
#5141=ADVANCED_FACE('',(#852),#580,.F.);
#5142=ADVANCED_FACE('',(#853),#581,.F.);
#5143=ADVANCED_FACE('',(#854),#582,.F.);
#5144=ADVANCED_FACE('',(#855),#583,.F.);
#5145=ADVANCED_FACE('',(#856),#584,.F.);
#5146=ADVANCED_FACE('',(#857),#585,.F.);
#5147=ADVANCED_FACE('',(#858),#586,.F.);
#5148=ADVANCED_FACE('',(#859),#587,.F.);
#5149=ADVANCED_FACE('',(#860),#588,.F.);
#5150=ADVANCED_FACE('',(#861),#589,.F.);
#5151=ADVANCED_FACE('',(#862),#590,.F.);
#5152=ADVANCED_FACE('',(#863,#23,#24),#591,.F.);
#5153=ADVANCED_FACE('',(#864,#25),#592,.F.);
#5154=ADVANCED_FACE('',(#865,#26),#593,.F.);
#5155=ADVANCED_FACE('',(#866),#594,.F.);
#5156=ADVANCED_FACE('',(#867,#27),#595,.T.);
#5157=ADVANCED_FACE('',(#868,#28),#596,.T.);
#5158=ADVANCED_FACE('',(#869),#4886,.T.);
#5159=ADVANCED_FACE('',(#870,#29,#30,#31,#32,#33,#34,#35,#36,#37,#38,#39,
#40,#41),#597,.T.);
#5160=ADVANCED_FACE('',(#871),#4887,.T.);
#5161=ADVANCED_FACE('',(#872,#42,#43),#598,.T.);
#5162=ADVANCED_FACE('',(#873),#4888,.T.);
#5163=ADVANCED_FACE('',(#874,#44),#599,.T.);
#5164=ADVANCED_FACE('',(#875),#4889,.T.);
#5165=ADVANCED_FACE('',(#876,#45,#46,#47,#48,#49),#600,.F.);
#5166=CLOSED_SHELL('',(#4890,#4891,#4892,#4893,#4894,#4895,#4896,#4897,
#4898,#4899,#4900,#4901,#4902,#4903,#4904,#4905,#4906,#4907,#4908,#4909,
#4910,#4911,#4912,#4913,#4914,#4915,#4916,#4917,#4918,#4919,#4920,#4921,
#4922,#4923,#4924,#4925,#4926,#4927,#4928,#4929,#4930,#4931,#4932,#4933,
#4934,#4935,#4936,#4937,#4938,#4939,#4940,#4941,#4942,#4943,#4944,#4945,
#4946,#4947,#4948,#4949,#4950,#4951,#4952,#4953,#4954,#4955,#4956,#4957,
#4958,#4959,#4960,#4961,#4962,#4963,#4964,#4965,#4966,#4967,#4968,#4969,
#4970,#4971,#4972,#4973,#4974,#4975,#4976,#4977,#4978,#4979,#4980,#4981,
#4982,#4983,#4984,#4985,#4986,#4987,#4988,#4989,#4990,#4991,#4992,#4993,
#4994,#4995,#4996,#4997,#4998,#4999,#5000,#5001,#5002,#5003,#5004,#5005,
#5006,#5007,#5008,#5009,#5010,#5011,#5012,#5013,#5014,#5015,#5016,#5017,
#5018,#5019,#5020,#5021,#5022,#5023,#5024,#5025,#5026,#5027,#5028,#5029,
#5030,#5031,#5032,#5033,#5034,#5035,#5036,#5037,#5038,#5039,#5040,#5041,
#5042,#5043,#5044,#5045,#5046,#5047,#5048,#5049,#5050,#5051,#5052,#5053,
#5054,#5055,#5056,#5057,#5058,#5059,#5060,#5061,#5062,#5063,#5064,#5065,
#5066,#5067,#5068,#5069,#5070,#5071,#5072,#5073,#5074,#5075,#5076,#5077,
#5078,#5079,#5080,#5081,#5082,#5083,#5084,#5085,#5086,#5087,#5088,#5089,
#5090,#5091,#5092,#5093,#5094,#5095,#5096,#5097,#5098,#5099,#5100,#5101,
#5102,#5103,#5104,#5105,#5106,#5107,#5108,#5109,#5110,#5111,#5112,#5113,
#5114,#5115,#5116,#5117,#5118,#5119,#5120,#5121,#5122,#5123,#5124,#5125,
#5126,#5127,#5128,#5129,#5130,#5131,#5132,#5133,#5134,#5135,#5136,#5137,
#5138,#5139,#5140,#5141,#5142,#5143,#5144,#5145,#5146,#5147,#5148,#5149,
#5150,#5151,#5152,#5153,#5154,#5155,#5156,#5157,#5158,#5159,#5160,#5161,
#5162,#5163,#5164,#5165));
#5167=DERIVED_UNIT_ELEMENT(#5169,1.);
#5168=DERIVED_UNIT_ELEMENT(#10076,-3.);
#5169=(
MASS_UNIT()
NAMED_UNIT(*)
SI_UNIT(.KILO.,.GRAM.)
);
#5170=DERIVED_UNIT((#5167,#5168));
#5171=MEASURE_REPRESENTATION_ITEM('density measure',
POSITIVE_RATIO_MEASURE(7850.),#5170);
#5172=PROPERTY_DEFINITION_REPRESENTATION(#5177,#5174);
#5173=PROPERTY_DEFINITION_REPRESENTATION(#5178,#5175);
#5174=REPRESENTATION('material name',(#5176),#10073);
#5175=REPRESENTATION('density',(#5171),#10073);
#5176=DESCRIPTIVE_REPRESENTATION_ITEM('Steel','Steel');
#5177=PROPERTY_DEFINITION('material property','material name',#10083);
#5178=PROPERTY_DEFINITION('material property','density of part',#10083);
#5179=AXIS2_PLACEMENT_3D('',#6083,#5330,#5331);
#5180=AXIS2_PLACEMENT_3D('',#6084,#5332,#5333);
#5181=AXIS2_PLACEMENT_3D('',#6086,#5334,#5335);
#5182=AXIS2_PLACEMENT_3D('',#6089,#5337,#5338);
#5183=AXIS2_PLACEMENT_3D('',#6090,#5339,#5340);
#5184=AXIS2_PLACEMENT_3D('',#6416,#5356,#5357);
#5185=AXIS2_PLACEMENT_3D('',#6790,#5377,#5378);
#5186=AXIS2_PLACEMENT_3D('',#6816,#5382,#5383);
#5187=AXIS2_PLACEMENT_3D('',#7188,#5401,#5402);
#5188=AXIS2_PLACEMENT_3D('',#7194,#5406,#5407);
#5189=AXIS2_PLACEMENT_3D('',#7200,#5411,#5412);
#5190=AXIS2_PLACEMENT_3D('',#7206,#5416,#5417);
#5191=AXIS2_PLACEMENT_3D('',#7212,#5421,#5422);
#5192=AXIS2_PLACEMENT_3D('',#7215,#5425,#5426);
#5193=AXIS2_PLACEMENT_3D('',#7216,#5427,#5428);
#5194=AXIS2_PLACEMENT_3D('',#7225,#5433,#5434);
#5195=AXIS2_PLACEMENT_3D('',#7231,#5438,#5439);
#5196=AXIS2_PLACEMENT_3D('',#7237,#5443,#5444);
#5197=AXIS2_PLACEMENT_3D('',#7243,#5448,#5449);
#5198=AXIS2_PLACEMENT_3D('',#7249,#5453,#5454);
#5199=AXIS2_PLACEMENT_3D('',#7255,#5458,#5459);
#5200=AXIS2_PLACEMENT_3D('',#7261,#5463,#5464);
#5201=AXIS2_PLACEMENT_3D('',#7267,#5468,#5469);
#5202=AXIS2_PLACEMENT_3D('',#7273,#5473,#5474);
#5203=AXIS2_PLACEMENT_3D('',#7279,#5478,#5479);
#5204=AXIS2_PLACEMENT_3D('',#7285,#5483,#5484);
#5205=AXIS2_PLACEMENT_3D('',#7288,#5487,#5488);
#5206=AXIS2_PLACEMENT_3D('',#7289,#5489,#5490);
#5207=AXIS2_PLACEMENT_3D('',#7298,#5495,#5496);
#5208=AXIS2_PLACEMENT_3D('',#7304,#5500,#5501);
#5209=AXIS2_PLACEMENT_3D('',#7448,#5511,#5512);
#5210=AXIS2_PLACEMENT_3D('',#7454,#5516,#5517);
#5211=AXIS2_PLACEMENT_3D('',#7460,#5521,#5522);
#5212=AXIS2_PLACEMENT_3D('',#7581,#5531,#5532);
#5213=AXIS2_PLACEMENT_3D('',#7587,#5536,#5537);
#5214=AXIS2_PLACEMENT_3D('',#7590,#5540,#5541);
#5215=AXIS2_PLACEMENT_3D('',#7591,#5542,#5543);
#5216=AXIS2_PLACEMENT_3D('',#7600,#5548,#5549);
#5217=AXIS2_PLACEMENT_3D('',#7606,#5553,#5554);
#5218=AXIS2_PLACEMENT_3D('',#7612,#5558,#5559);
#5219=AXIS2_PLACEMENT_3D('',#7615,#5562,#5563);
#5220=AXIS2_PLACEMENT_3D('',#7987,#5581,#5582);
#5221=AXIS2_PLACEMENT_3D('',#7993,#5586,#5587);
#5222=AXIS2_PLACEMENT_3D('',#7999,#5591,#5592);
#5223=AXIS2_PLACEMENT_3D('',#8005,#5596,#5597);
#5224=AXIS2_PLACEMENT_3D('',#8011,#5601,#5602);
#5225=AXIS2_PLACEMENT_3D('',#8014,#5605,#5606);
#5226=AXIS2_PLACEMENT_3D('',#8133,#5613,#5614);
#5227=AXIS2_PLACEMENT_3D('',#8139,#5618,#5619);
#5228=AXIS2_PLACEMENT_3D('',#8145,#5623,#5624);
#5229=AXIS2_PLACEMENT_3D('',#8289,#5634,#5635);
#5230=AXIS2_PLACEMENT_3D('',#8295,#5639,#5640);
#5231=AXIS2_PLACEMENT_3D('',#8301,#5644,#5645);
#5232=AXIS2_PLACEMENT_3D('',#8304,#5648,#5649);
#5233=AXIS2_PLACEMENT_3D('',#8305,#5650,#5651);
#5234=AXIS2_PLACEMENT_3D('',#8306,#5652,#5653);
#5235=AXIS2_PLACEMENT_3D('',#8307,#5654,#5655);
#5236=AXIS2_PLACEMENT_3D('',#8408,#5664,#5665);
#5237=AXIS2_PLACEMENT_3D('',#8483,#5672,#5673);
#5238=AXIS2_PLACEMENT_3D('',#8489,#5677,#5678);
#5239=AXIS2_PLACEMENT_3D('',#8495,#5682,#5683);
#5240=AXIS2_PLACEMENT_3D('',#8501,#5687,#5688);
#5241=AXIS2_PLACEMENT_3D('',#8504,#5691,#5692);
#5242=AXIS2_PLACEMENT_3D('',#8505,#5693,#5694);
#5243=AXIS2_PLACEMENT_3D('',#8514,#5699,#5700);
#5244=AXIS2_PLACEMENT_3D('',#8520,#5704,#5705);
#5245=AXIS2_PLACEMENT_3D('',#8526,#5709,#5710);
#5246=AXIS2_PLACEMENT_3D('',#8529,#5713,#5714);
#5247=AXIS2_PLACEMENT_3D('',#8602,#5719,#5720);
#5248=AXIS2_PLACEMENT_3D('',#8700,#5728,#5729);
#5249=AXIS2_PLACEMENT_3D('',#8913,#5742,#5743);
#5250=AXIS2_PLACEMENT_3D('',#8939,#5747,#5748);
#5251=AXIS2_PLACEMENT_3D('',#8940,#5749,#5750);
#5252=AXIS2_PLACEMENT_3D('',#8949,#5755,#5756);
#5253=AXIS2_PLACEMENT_3D('',#8955,#5760,#5761);
#5254=AXIS2_PLACEMENT_3D('',#9007,#5767,#5768);
#5255=AXIS2_PLACEMENT_3D('',#9013,#5772,#5773);
#5256=AXIS2_PLACEMENT_3D('',#9019,#5777,#5778);
#5257=AXIS2_PLACEMENT_3D('',#9025,#5782,#5783);
#5258=AXIS2_PLACEMENT_3D('',#9028,#5786,#5787);
#5259=AXIS2_PLACEMENT_3D('',#9239,#5798,#5799);
#5260=AXIS2_PLACEMENT_3D('',#9242,#5802,#5803);
#5261=AXIS2_PLACEMENT_3D('',#9297,#5810,#5811);
#5262=AXIS2_PLACEMENT_3D('',#9464,#5822,#5823);
#5263=AXIS2_PLACEMENT_3D('',#9812,#5841,#5842);
#5264=AXIS2_PLACEMENT_3D('',#9813,#5843,#5844);
#5265=AXIS2_PLACEMENT_3D('',#9822,#5849,#5850);
#5266=AXIS2_PLACEMENT_3D('',#9828,#5854,#5855);
#5267=AXIS2_PLACEMENT_3D('',#9834,#5859,#5860);
#5268=AXIS2_PLACEMENT_3D('',#9840,#5864,#5865);
#5269=AXIS2_PLACEMENT_3D('',#9846,#5869,#5870);
#5270=AXIS2_PLACEMENT_3D('',#9852,#5874,#5875);
#5271=AXIS2_PLACEMENT_3D('',#9858,#5879,#5880);
#5272=AXIS2_PLACEMENT_3D('',#9861,#5883,#5884);
#5273=AXIS2_PLACEMENT_3D('',#9862,#5885,#5886);
#5274=AXIS2_PLACEMENT_3D('',#9863,#5887,#5888);
#5275=AXIS2_PLACEMENT_3D('',#9864,#5889,#5890);
#5276=AXIS2_PLACEMENT_3D('',#9866,#5891,#5892);
#5277=AXIS2_PLACEMENT_3D('',#9869,#5894,#5895);
#5278=AXIS2_PLACEMENT_3D('',#9871,#5896,#5897);
#5279=AXIS2_PLACEMENT_3D('',#9873,#5899,#5900);
#5280=AXIS2_PLACEMENT_3D('',#9875,#5901,#5902);
#5281=AXIS2_PLACEMENT_3D('',#9878,#5904,#5905);
#5282=AXIS2_PLACEMENT_3D('',#9880,#5906,#5907);
#5283=AXIS2_PLACEMENT_3D('',#9882,#5909,#5910);
#5284=AXIS2_PLACEMENT_3D('',#9884,#5911,#5912);
#5285=AXIS2_PLACEMENT_3D('',#9887,#5914,#5915);
#5286=AXIS2_PLACEMENT_3D('',#9889,#5916,#5917);
#5287=AXIS2_PLACEMENT_3D('',#9891,#5919,#5920);
#5288=AXIS2_PLACEMENT_3D('',#9893,#5921,#5922);
#5289=AXIS2_PLACEMENT_3D('',#9896,#5924,#5925);
#5290=AXIS2_PLACEMENT_3D('',#9898,#5926,#5927);
#5291=AXIS2_PLACEMENT_3D('',#9900,#5929,#5930);
#5292=AXIS2_PLACEMENT_3D('',#9909,#5935,#5936);
#5293=AXIS2_PLACEMENT_3D('',#9915,#5940,#5941);
#5294=AXIS2_PLACEMENT_3D('',#9921,#5945,#5946);
#5295=AXIS2_PLACEMENT_3D('',#9924,#5949,#5950);
#5296=AXIS2_PLACEMENT_3D('',#9933,#5955,#5956);
#5297=AXIS2_PLACEMENT_3D('',#9939,#5960,#5961);
#5298=AXIS2_PLACEMENT_3D('',#9945,#5965,#5966);
#5299=AXIS2_PLACEMENT_3D('',#9948,#5969,#5970);
#5300=AXIS2_PLACEMENT_3D('',#9957,#5975,#5976);
#5301=AXIS2_PLACEMENT_3D('',#9963,#5980,#5981);
#5302=AXIS2_PLACEMENT_3D('',#9969,#5985,#5986);
#5303=AXIS2_PLACEMENT_3D('',#9972,#5989,#5990);
#5304=AXIS2_PLACEMENT_3D('',#9981,#5995,#5996);
#5305=AXIS2_PLACEMENT_3D('',#9987,#6000,#6001);
#5306=AXIS2_PLACEMENT_3D('',#9993,#6005,#6006);
#5307=AXIS2_PLACEMENT_3D('',#9996,#6009,#6010);
#5308=AXIS2_PLACEMENT_3D('',#10005,#6015,#6016);
#5309=AXIS2_PLACEMENT_3D('',#10011,#6020,#6021);
#5310=AXIS2_PLACEMENT_3D('',#10017,#6025,#6026);
#5311=AXIS2_PLACEMENT_3D('',#10020,#6029,#6030);
#5312=AXIS2_PLACEMENT_3D('',#10021,#6031,#6032);
#5313=AXIS2_PLACEMENT_3D('',#10024,#6033,#6034);
#5314=AXIS2_PLACEMENT_3D('',#10028,#6036,#6037);
#5315=AXIS2_PLACEMENT_3D('',#10032,#6039,#6040);
#5316=AXIS2_PLACEMENT_3D('',#10036,#6042,#6043);
#5317=AXIS2_PLACEMENT_3D('',#10038,#6045,#6046);
#5318=AXIS2_PLACEMENT_3D('',#10044,#6050,#6051);
#5319=AXIS2_PLACEMENT_3D('',#10046,#6052,#6053);
#5320=AXIS2_PLACEMENT_3D('',#10048,#6055,#6056);
#5321=AXIS2_PLACEMENT_3D('',#10052,#6059,#6060);
#5322=AXIS2_PLACEMENT_3D('',#10054,#6061,#6062);
#5323=AXIS2_PLACEMENT_3D('',#10056,#6064,#6065);
#5324=AXIS2_PLACEMENT_3D('',#10060,#6068,#6069);
#5325=AXIS2_PLACEMENT_3D('',#10062,#6070,#6071);
#5326=AXIS2_PLACEMENT_3D('',#10064,#6073,#6074);
#5327=AXIS2_PLACEMENT_3D('',#10068,#6077,#6078);
#5328=AXIS2_PLACEMENT_3D('',#10069,#6079,#6080);
#5329=AXIS2_PLACEMENT_3D('',#10070,#6081,#6082);
#5330=DIRECTION('axis',(0.,0.,1.));
#5331=DIRECTION('refdir',(1.,0.,0.));
#5332=DIRECTION('center_axis',(0.,-1.,0.));
#5333=DIRECTION('ref_axis',(-1.,0.,0.));
#5334=DIRECTION('center_axis',(0.,-1.,0.));
#5335=DIRECTION('ref_axis',(-1.,0.,0.));
#5336=DIRECTION('',(0.,-1.,0.));
#5337=DIRECTION('center_axis',(0.,-1.,0.));
#5338=DIRECTION('ref_axis',(-1.,0.,0.));
#5339=DIRECTION('center_axis',(0.,1.,0.));
#5340=DIRECTION('ref_axis',(-1.,0.,0.));
#5341=DIRECTION('',(1.,0.,0.));
#5342=DIRECTION('',(1.,0.,0.));
#5343=DIRECTION('',(1.,0.,0.));
#5344=DIRECTION('',(1.,0.,0.));
#5345=DIRECTION('',(1.,0.,0.));
#5346=DIRECTION('',(1.,0.,0.));
#5347=DIRECTION('',(1.,0.,0.));
#5348=DIRECTION('',(1.,0.,0.));
#5349=DIRECTION('',(1.,0.,0.));
#5350=DIRECTION('',(1.,0.,0.));
#5351=DIRECTION('',(1.,0.,0.));
#5352=DIRECTION('',(1.,0.,0.));
#5353=DIRECTION('',(1.,0.,0.));
#5354=DIRECTION('',(1.,0.,0.));
#5355=DIRECTION('',(1.,0.,0.));
#5356=DIRECTION('center_axis',(0.,0.990830180018173,-0.135113116924872));
#5357=DIRECTION('ref_axis',(0.,0.135113116924872,0.990830180018173));
#5358=DIRECTION('',(0.,0.135113116924872,0.990830180018173));
#5359=DIRECTION('',(1.,0.,0.));
#5360=DIRECTION('',(0.,0.135113116924872,0.990830180018173));
#5361=DIRECTION('',(1.,0.,0.));
#5362=DIRECTION('',(1.,0.,0.));
#5363=DIRECTION('',(1.,0.,0.));
#5364=DIRECTION('',(1.,0.,0.));
#5365=DIRECTION('',(1.,0.,0.));
#5366=DIRECTION('',(1.,0.,0.));
#5367=DIRECTION('',(1.,0.,0.));
#5368=DIRECTION('',(1.,0.,0.));
#5369=DIRECTION('',(1.,0.,0.));
#5370=DIRECTION('',(1.,0.,0.));
#5371=DIRECTION('',(1.,0.,0.));
#5372=DIRECTION('',(1.,0.,0.));
#5373=DIRECTION('',(1.,0.,0.));
#5374=DIRECTION('',(1.,0.,0.));
#5375=DIRECTION('',(1.,0.,0.));
#5376=DIRECTION('',(1.,0.,0.));
#5377=DIRECTION('center_axis',(0.,-0.987852794909078,0.155392585377564));
#5378=DIRECTION('ref_axis',(0.,-0.155392585377564,-0.987852794909078));
#5379=DIRECTION('',(0.,-0.155392585377564,-0.987852794909078));
#5380=DIRECTION('',(1.,0.,0.));
#5381=DIRECTION('',(0.,-0.155392585377564,-0.987852794909078));
#5382=DIRECTION('center_axis',(-1.,0.,0.));
#5383=DIRECTION('ref_axis',(0.,0.,1.));
#5384=DIRECTION('',(1.,0.,0.));
#5385=DIRECTION('',(1.,0.,0.));
#5386=DIRECTION('',(1.,0.,0.));
#5387=DIRECTION('',(1.,0.,0.));
#5388=DIRECTION('',(1.,0.,0.));
#5389=DIRECTION('',(1.,0.,0.));
#5390=DIRECTION('',(1.,0.,0.));
#5391=DIRECTION('',(1.,0.,0.));
#5392=DIRECTION('',(1.,0.,0.));
#5393=DIRECTION('',(1.,0.,0.));
#5394=DIRECTION('',(1.,0.,0.));
#5395=DIRECTION('',(1.,0.,0.));
#5396=DIRECTION('',(1.,0.,0.));
#5397=DIRECTION('',(1.,0.,0.));
#5398=DIRECTION('',(1.,0.,0.));
#5399=DIRECTION('',(1.,0.,0.));
#5400=DIRECTION('',(1.,0.,0.));
#5401=DIRECTION('center_axis',(0.,0.,-1.));
#5402=DIRECTION('ref_axis',(0.,1.,0.));
#5403=DIRECTION('',(0.,1.,0.));
#5404=DIRECTION('',(1.,0.,0.));
#5405=DIRECTION('',(0.,1.,0.));
#5406=DIRECTION('center_axis',(0.,-1.,0.));
#5407=DIRECTION('ref_axis',(0.,0.,-1.));
#5408=DIRECTION('',(0.,0.,-1.));
#5409=DIRECTION('',(1.,0.,0.));
#5410=DIRECTION('',(0.,0.,-1.));
#5411=DIRECTION('center_axis',(0.,0.,1.));
#5412=DIRECTION('ref_axis',(0.,-1.,0.));
#5413=DIRECTION('',(0.,-1.,0.));
#5414=DIRECTION('',(1.,0.,0.));
#5415=DIRECTION('',(0.,-1.,0.));
#5416=DIRECTION('center_axis',(0.,1.,0.));
#5417=DIRECTION('ref_axis',(0.,0.,1.));
#5418=DIRECTION('',(0.,0.,1.));
#5419=DIRECTION('',(1.,0.,0.));
#5420=DIRECTION('',(0.,0.,1.));
#5421=DIRECTION('center_axis',(0.,0.,-1.));
#5422=DIRECTION('ref_axis',(0.,1.,0.));
#5423=DIRECTION('',(0.,1.,0.));
#5424=DIRECTION('',(0.,1.,0.));
#5425=DIRECTION('center_axis',(-1.,0.,0.));
#5426=DIRECTION('ref_axis',(0.,0.,1.));
#5427=DIRECTION('center_axis',(0.,0.,-1.));
#5428=DIRECTION('ref_axis',(0.,1.,0.));
#5429=DIRECTION('',(0.,1.,0.));
#5430=DIRECTION('',(1.,0.,0.));
#5431=DIRECTION('',(0.,1.,0.));
#5432=DIRECTION('',(1.,0.,0.));
#5433=DIRECTION('center_axis',(0.,1.,0.));
#5434=DIRECTION('ref_axis',(0.,0.,1.));
#5435=DIRECTION('',(0.,0.,1.));
#5436=DIRECTION('',(1.,0.,0.));
#5437=DIRECTION('',(0.,0.,1.));
#5438=DIRECTION('center_axis',(0.,0.,1.));
#5439=DIRECTION('ref_axis',(0.,-1.,0.));
#5440=DIRECTION('',(0.,-1.,0.));
#5441=DIRECTION('',(1.,0.,0.));
#5442=DIRECTION('',(0.,-1.,0.));
#5443=DIRECTION('center_axis',(0.,1.,0.));
#5444=DIRECTION('ref_axis',(0.,0.,1.));
#5445=DIRECTION('',(0.,0.,1.));
#5446=DIRECTION('',(1.,0.,0.));
#5447=DIRECTION('',(0.,0.,1.));
#5448=DIRECTION('center_axis',(0.,0.,-1.));
#5449=DIRECTION('ref_axis',(0.,1.,0.));
#5450=DIRECTION('',(0.,1.,0.));
#5451=DIRECTION('',(1.,0.,0.));
#5452=DIRECTION('',(0.,1.,0.));
#5453=DIRECTION('center_axis',(0.,-1.,0.));
#5454=DIRECTION('ref_axis',(0.,0.,-1.));
#5455=DIRECTION('',(0.,0.,-1.));
#5456=DIRECTION('',(1.,0.,0.));
#5457=DIRECTION('',(0.,0.,-1.));
#5458=DIRECTION('center_axis',(0.,0.,1.));
#5459=DIRECTION('ref_axis',(0.,-1.,0.));
#5460=DIRECTION('',(0.,-1.,0.));
#5461=DIRECTION('',(1.,0.,0.));
#5462=DIRECTION('',(0.,-1.,0.));
#5463=DIRECTION('center_axis',(0.,-1.,0.));
#5464=DIRECTION('ref_axis',(0.,0.,-1.));
#5465=DIRECTION('',(0.,0.,-1.));
#5466=DIRECTION('',(1.,0.,0.));
#5467=DIRECTION('',(0.,0.,-1.));
#5468=DIRECTION('center_axis',(0.,0.,-1.));
#5469=DIRECTION('ref_axis',(0.,1.,0.));
#5470=DIRECTION('',(0.,1.,0.));
#5471=DIRECTION('',(1.,0.,0.));
#5472=DIRECTION('',(0.,1.,0.));
#5473=DIRECTION('center_axis',(0.,-1.,0.));
#5474=DIRECTION('ref_axis',(0.,0.,-1.));
#5475=DIRECTION('',(0.,0.,-1.));
#5476=DIRECTION('',(1.,0.,0.));
#5477=DIRECTION('',(0.,0.,-1.));
#5478=DIRECTION('center_axis',(0.,0.,1.));
#5479=DIRECTION('ref_axis',(0.,-1.,0.));
#5480=DIRECTION('',(0.,-1.,0.));
#5481=DIRECTION('',(1.,0.,0.));
#5482=DIRECTION('',(0.,-1.,0.));
#5483=DIRECTION('center_axis',(0.,1.,0.));
#5484=DIRECTION('ref_axis',(0.,0.,1.));
#5485=DIRECTION('',(0.,0.,1.));
#5486=DIRECTION('',(0.,0.,1.));
#5487=DIRECTION('center_axis',(1.,0.,0.));
#5488=DIRECTION('ref_axis',(0.,0.,-1.));
#5489=DIRECTION('center_axis',(0.,0.,-1.));
#5490=DIRECTION('ref_axis',(0.,1.,0.));
#5491=DIRECTION('',(0.,1.,0.));
#5492=DIRECTION('',(1.,0.,0.));
#5493=DIRECTION('',(0.,1.,0.));
#5494=DIRECTION('',(1.,0.,0.));
#5495=DIRECTION('center_axis',(0.,-1.,0.));
#5496=DIRECTION('ref_axis',(0.,0.,-1.));
#5497=DIRECTION('',(0.,0.,-1.));
#5498=DIRECTION('',(1.,0.,0.));
#5499=DIRECTION('',(0.,0.,-1.));
#5500=DIRECTION('center_axis',(0.,0.,1.));
#5501=DIRECTION('ref_axis',(0.,-1.,0.));
#5502=DIRECTION('',(0.,-1.,0.));
#5503=DIRECTION('',(1.,0.,0.));
#5504=DIRECTION('',(0.,-1.,0.));
#5505=DIRECTION('',(1.,0.,0.));
#5506=DIRECTION('',(1.,0.,0.));
#5507=DIRECTION('',(1.,0.,0.));
#5508=DIRECTION('',(1.,0.,0.));
#5509=DIRECTION('',(1.,0.,0.));
#5510=DIRECTION('',(1.,0.,0.));
#5511=DIRECTION('center_axis',(0.,0.,-1.));
#5512=DIRECTION('ref_axis',(0.,1.,0.));
#5513=DIRECTION('',(0.,1.,0.));
#5514=DIRECTION('',(1.,0.,0.));
#5515=DIRECTION('',(0.,1.,0.));
#5516=DIRECTION('center_axis',(0.,-1.,0.));
#5517=DIRECTION('ref_axis',(0.,0.,-1.));
#5518=DIRECTION('',(0.,0.,-1.));
#5519=DIRECTION('',(1.,0.,0.));
#5520=DIRECTION('',(0.,0.,-1.));
#5521=DIRECTION('center_axis',(0.,0.,1.));
#5522=DIRECTION('ref_axis',(0.,-1.,0.));
#5523=DIRECTION('',(0.,-1.,0.));
#5524=DIRECTION('',(1.,0.,0.));
#5525=DIRECTION('',(0.,-1.,0.));
#5526=DIRECTION('',(1.,0.,0.));
#5527=DIRECTION('',(1.,0.,0.));
#5528=DIRECTION('',(1.,0.,0.));
#5529=DIRECTION('',(1.,0.,0.));
#5530=DIRECTION('',(1.,0.,0.));
#5531=DIRECTION('center_axis',(0.,0.,1.));
#5532=DIRECTION('ref_axis',(0.,-1.,0.));
#5533=DIRECTION('',(0.,-1.,0.));
#5534=DIRECTION('',(1.,0.,0.));
#5535=DIRECTION('',(0.,-1.,0.));
#5536=DIRECTION('center_axis',(0.,1.,0.));
#5537=DIRECTION('ref_axis',(0.,0.,1.));
#5538=DIRECTION('',(0.,0.,1.));
#5539=DIRECTION('',(0.,0.,1.));
#5540=DIRECTION('center_axis',(-1.,0.,0.));
#5541=DIRECTION('ref_axis',(0.,0.,1.));
#5542=DIRECTION('center_axis',(0.,0.,-1.));
#5543=DIRECTION('ref_axis',(0.,1.,0.));
#5544=DIRECTION('',(0.,1.,0.));
#5545=DIRECTION('',(1.,0.,0.));
#5546=DIRECTION('',(0.,1.,0.));
#5547=DIRECTION('',(1.,0.,0.));
#5548=DIRECTION('center_axis',(0.,-1.,0.));
#5549=DIRECTION('ref_axis',(0.,0.,-1.));
#5550=DIRECTION('',(0.,0.,-1.));
#5551=DIRECTION('',(1.,0.,0.));
#5552=DIRECTION('',(0.,0.,-1.));
#5553=DIRECTION('center_axis',(0.,0.,1.));
#5554=DIRECTION('ref_axis',(0.,-1.,0.));
#5555=DIRECTION('',(0.,-1.,0.));
#5556=DIRECTION('',(1.,0.,0.));
#5557=DIRECTION('',(0.,-1.,0.));
#5558=DIRECTION('center_axis',(0.,1.,0.));
#5559=DIRECTION('ref_axis',(0.,0.,1.));
#5560=DIRECTION('',(0.,0.,1.));
#5561=DIRECTION('',(0.,0.,1.));
#5562=DIRECTION('center_axis',(1.,0.,0.));
#5563=DIRECTION('ref_axis',(0.,0.,-1.));
#5564=DIRECTION('',(1.,0.,0.));
#5565=DIRECTION('',(1.,0.,0.));
#5566=DIRECTION('',(1.,0.,0.));
#5567=DIRECTION('',(1.,0.,0.));
#5568=DIRECTION('',(1.,0.,0.));
#5569=DIRECTION('',(1.,0.,0.));
#5570=DIRECTION('',(1.,0.,0.));
#5571=DIRECTION('',(1.,0.,0.));
#5572=DIRECTION('',(1.,0.,0.));
#5573=DIRECTION('',(1.,0.,0.));
#5574=DIRECTION('',(1.,0.,0.));
#5575=DIRECTION('',(1.,0.,0.));
#5576=DIRECTION('',(1.,0.,0.));
#5577=DIRECTION('',(1.,0.,0.));
#5578=DIRECTION('',(1.,0.,0.));
#5579=DIRECTION('',(1.,0.,0.));
#5580=DIRECTION('',(1.,0.,0.));
#5581=DIRECTION('center_axis',(0.,0.,-1.));
#5582=DIRECTION('ref_axis',(0.,1.,0.));
#5583=DIRECTION('',(0.,1.,0.));
#5584=DIRECTION('',(1.,0.,0.));
#5585=DIRECTION('',(0.,1.,0.));
#5586=DIRECTION('center_axis',(0.,-1.,0.));
#5587=DIRECTION('ref_axis',(0.,0.,-1.));
#5588=DIRECTION('',(0.,0.,-1.));
#5589=DIRECTION('',(1.,0.,0.));
#5590=DIRECTION('',(0.,0.,-1.));
#5591=DIRECTION('center_axis',(0.,0.,1.));
#5592=DIRECTION('ref_axis',(0.,-1.,0.));
#5593=DIRECTION('',(0.,-1.,0.));
#5594=DIRECTION('',(1.,0.,0.));
#5595=DIRECTION('',(0.,-1.,0.));
#5596=DIRECTION('center_axis',(0.,1.,0.));
#5597=DIRECTION('ref_axis',(0.,0.,1.));
#5598=DIRECTION('',(0.,0.,1.));
#5599=DIRECTION('',(1.,0.,0.));
#5600=DIRECTION('',(0.,0.,1.));
#5601=DIRECTION('center_axis',(0.,0.,-1.));
#5602=DIRECTION('ref_axis',(0.,1.,0.));
#5603=DIRECTION('',(0.,1.,0.));
#5604=DIRECTION('',(0.,1.,0.));
#5605=DIRECTION('center_axis',(-1.,0.,0.));
#5606=DIRECTION('ref_axis',(0.,0.,1.));
#5607=DIRECTION('',(1.,0.,0.));
#5608=DIRECTION('',(1.,0.,0.));
#5609=DIRECTION('',(1.,0.,0.));
#5610=DIRECTION('',(1.,0.,0.));
#5611=DIRECTION('',(1.,0.,0.));
#5612=DIRECTION('',(1.,0.,0.));
#5613=DIRECTION('center_axis',(0.,0.,-1.));
#5614=DIRECTION('ref_axis',(0.,1.,0.));
#5615=DIRECTION('',(0.,1.,0.));
#5616=DIRECTION('',(1.,0.,0.));
#5617=DIRECTION('',(0.,1.,0.));
#5618=DIRECTION('center_axis',(0.,-1.,0.));
#5619=DIRECTION('ref_axis',(0.,0.,-1.));
#5620=DIRECTION('',(0.,0.,-1.));
#5621=DIRECTION('',(1.,0.,0.));
#5622=DIRECTION('',(0.,0.,-1.));
#5623=DIRECTION('center_axis',(0.,0.,1.));
#5624=DIRECTION('ref_axis',(0.,-1.,0.));
#5625=DIRECTION('',(0.,-1.,0.));
#5626=DIRECTION('',(1.,0.,0.));
#5627=DIRECTION('',(0.,-1.,0.));
#5628=DIRECTION('',(1.,0.,0.));
#5629=DIRECTION('',(1.,0.,0.));
#5630=DIRECTION('',(1.,0.,0.));
#5631=DIRECTION('',(1.,0.,0.));
#5632=DIRECTION('',(1.,0.,0.));
#5633=DIRECTION('',(1.,0.,0.));
#5634=DIRECTION('center_axis',(0.,0.,-1.));
#5635=DIRECTION('ref_axis',(0.,1.,0.));
#5636=DIRECTION('',(0.,1.,0.));
#5637=DIRECTION('',(1.,0.,0.));
#5638=DIRECTION('',(0.,1.,0.));
#5639=DIRECTION('center_axis',(0.,-1.,0.));
#5640=DIRECTION('ref_axis',(0.,0.,-1.));
#5641=DIRECTION('',(0.,0.,-1.));
#5642=DIRECTION('',(1.,0.,0.));
#5643=DIRECTION('',(0.,0.,-1.));
#5644=DIRECTION('center_axis',(0.,0.,1.));
#5645=DIRECTION('ref_axis',(0.,-1.,0.));
#5646=DIRECTION('',(0.,-1.,0.));
#5647=DIRECTION('',(0.,-1.,0.));
#5648=DIRECTION('center_axis',(-1.,0.,0.));
#5649=DIRECTION('ref_axis',(0.,0.,1.));
#5650=DIRECTION('center_axis',(-1.,0.,0.));
#5651=DIRECTION('ref_axis',(0.,0.,1.));
#5652=DIRECTION('center_axis',(-1.,0.,0.));
#5653=DIRECTION('ref_axis',(0.,0.,1.));
#5654=DIRECTION('center_axis',(0.,0.,-1.));
#5655=DIRECTION('ref_axis',(0.,1.,0.));
#5656=DIRECTION('',(0.,1.,0.));
#5657=DIRECTION('',(1.,0.,0.));
#5658=DIRECTION('',(0.,1.,0.));
#5659=DIRECTION('',(1.,0.,0.));
#5660=DIRECTION('',(1.,0.,0.));
#5661=DIRECTION('',(1.,0.,0.));
#5662=DIRECTION('',(1.,0.,0.));
#5663=DIRECTION('',(1.,0.,0.));
#5664=DIRECTION('center_axis',(0.,0.348044992087227,-0.937477830928819));
#5665=DIRECTION('ref_axis',(0.,0.937477830928819,0.348044992087227));
#5666=DIRECTION('',(0.,0.937477830928819,0.348044992087227));
#5667=DIRECTION('',(1.,0.,0.));
#5668=DIRECTION('',(0.,0.937477830928819,0.348044992087227));
#5669=DIRECTION('',(1.,0.,0.));
#5670=DIRECTION('',(1.,0.,0.));
#5671=DIRECTION('',(1.,0.,0.));
#5672=DIRECTION('center_axis',(0.,0.,-1.));
#5673=DIRECTION('ref_axis',(0.,1.,0.));
#5674=DIRECTION('',(0.,1.,0.));
#5675=DIRECTION('',(1.,0.,0.));
#5676=DIRECTION('',(0.,1.,0.));
#5677=DIRECTION('center_axis',(0.,-1.,0.));
#5678=DIRECTION('ref_axis',(0.,0.,-1.));
#5679=DIRECTION('',(0.,0.,-1.));
#5680=DIRECTION('',(1.,0.,0.));
#5681=DIRECTION('',(0.,0.,-1.));
#5682=DIRECTION('center_axis',(0.,0.,1.));
#5683=DIRECTION('ref_axis',(0.,-1.,0.));
#5684=DIRECTION('',(0.,-1.,0.));
#5685=DIRECTION('',(1.,0.,0.));
#5686=DIRECTION('',(0.,-1.,0.));
#5687=DIRECTION('center_axis',(0.,1.,0.));
#5688=DIRECTION('ref_axis',(0.,0.,1.));
#5689=DIRECTION('',(0.,0.,1.));
#5690=DIRECTION('',(0.,0.,1.));
#5691=DIRECTION('center_axis',(-1.,0.,0.));
#5692=DIRECTION('ref_axis',(0.,0.,1.));
#5693=DIRECTION('center_axis',(0.,0.,-1.));
#5694=DIRECTION('ref_axis',(0.,1.,0.));
#5695=DIRECTION('',(0.,1.,0.));
#5696=DIRECTION('',(1.,0.,0.));
#5697=DIRECTION('',(0.,1.,0.));
#5698=DIRECTION('',(1.,0.,0.));
#5699=DIRECTION('center_axis',(0.,-1.,0.));
#5700=DIRECTION('ref_axis',(0.,0.,-1.));
#5701=DIRECTION('',(0.,0.,-1.));
#5702=DIRECTION('',(1.,0.,0.));
#5703=DIRECTION('',(0.,0.,-1.));
#5704=DIRECTION('center_axis',(0.,0.,1.));
#5705=DIRECTION('ref_axis',(0.,-1.,0.));
#5706=DIRECTION('',(0.,-1.,0.));
#5707=DIRECTION('',(1.,0.,0.));
#5708=DIRECTION('',(0.,-1.,0.));
#5709=DIRECTION('center_axis',(0.,1.,0.));
#5710=DIRECTION('ref_axis',(0.,0.,1.));
#5711=DIRECTION('',(0.,0.,1.));
#5712=DIRECTION('',(0.,0.,1.));
#5713=DIRECTION('center_axis',(1.,0.,0.));
#5714=DIRECTION('ref_axis',(0.,0.,-1.));
#5715=DIRECTION('',(1.,0.,0.));
#5716=DIRECTION('',(1.,0.,0.));
#5717=DIRECTION('',(1.,0.,0.));
#5718=DIRECTION('',(1.,0.,0.));
#5719=DIRECTION('center_axis',(0.,-1.,0.));
#5720=DIRECTION('ref_axis',(0.,0.,-1.));
#5721=DIRECTION('',(0.,0.,-1.));
#5722=DIRECTION('',(1.,0.,0.));
#5723=DIRECTION('',(0.,0.,-1.));
#5724=DIRECTION('',(1.,0.,0.));
#5725=DIRECTION('',(1.,0.,0.));
#5726=DIRECTION('',(1.,0.,0.));
#5727=DIRECTION('',(1.,0.,0.));
#5728=DIRECTION('center_axis',(0.,1.,0.));
#5729=DIRECTION('ref_axis',(0.,0.,1.));
#5730=DIRECTION('',(0.,0.,1.));
#5731=DIRECTION('',(1.,0.,0.));
#5732=DIRECTION('',(0.,0.,1.));
#5733=DIRECTION('',(1.,0.,0.));
#5734=DIRECTION('',(1.,0.,0.));
#5735=DIRECTION('',(1.,0.,0.));
#5736=DIRECTION('',(1.,0.,0.));
#5737=DIRECTION('',(1.,0.,0.));
#5738=DIRECTION('',(1.,0.,0.));
#5739=DIRECTION('',(1.,0.,0.));
#5740=DIRECTION('',(1.,0.,0.));
#5741=DIRECTION('',(1.,0.,0.));
#5742=DIRECTION('center_axis',(0.,-0.992441123195099,-0.122721705460977));
#5743=DIRECTION('ref_axis',(0.,0.122721705460977,-0.992441123195099));
#5744=DIRECTION('',(0.,0.122721705460977,-0.992441123195099));
#5745=DIRECTION('',(1.,0.,0.));
#5746=DIRECTION('',(0.,0.122721705460977,-0.992441123195099));
#5747=DIRECTION('center_axis',(-1.,0.,0.));
#5748=DIRECTION('ref_axis',(0.,0.,1.));
#5749=DIRECTION('center_axis',(0.,0.354017180656963,-0.935238919100192));
#5750=DIRECTION('ref_axis',(0.,0.935238919100192,0.354017180656963));
#5751=DIRECTION('',(0.,0.935238919100192,0.354017180656963));
#5752=DIRECTION('',(1.,0.,0.));
#5753=DIRECTION('',(0.,0.935238919100192,0.354017180656963));
#5754=DIRECTION('',(1.,0.,0.));
#5755=DIRECTION('center_axis',(0.,-1.,0.));
#5756=DIRECTION('ref_axis',(0.,0.,-1.));
#5757=DIRECTION('',(0.,0.,-1.));
#5758=DIRECTION('',(1.,0.,0.));
#5759=DIRECTION('',(0.,0.,-1.));
#5760=DIRECTION('center_axis',(0.,-0.342208921164905,0.939623889795886));
#5761=DIRECTION('ref_axis',(0.,-0.939623889795886,-0.342208921164905));
#5762=DIRECTION('',(0.,-0.939623889795886,-0.342208921164905));
#5763=DIRECTION('',(1.,0.,0.));
#5764=DIRECTION('',(0.,-0.939623889795886,-0.342208921164905));
#5765=DIRECTION('',(1.,0.,0.));
#5766=DIRECTION('',(1.,0.,0.));
#5767=DIRECTION('center_axis',(0.,-0.337461209336795,-0.941339435162975));
#5768=DIRECTION('ref_axis',(0.,0.941339435162975,-0.337461209336795));
#5769=DIRECTION('',(0.,0.941339435162975,-0.337461209336795));
#5770=DIRECTION('',(1.,0.,0.));
#5771=DIRECTION('',(0.,0.941339435162975,-0.337461209336795));
#5772=DIRECTION('center_axis',(0.,-1.,0.));
#5773=DIRECTION('ref_axis',(0.,0.,-1.));
#5774=DIRECTION('',(0.,0.,-1.));
#5775=DIRECTION('',(1.,0.,0.));
#5776=DIRECTION('',(0.,0.,-1.));
#5777=DIRECTION('center_axis',(0.,0.35555625108994,0.934654884067305));
#5778=DIRECTION('ref_axis',(0.,-0.934654884067305,0.35555625108994));
#5779=DIRECTION('',(0.,-0.934654884067305,0.35555625108994));
#5780=DIRECTION('',(1.,0.,0.));
#5781=DIRECTION('',(0.,-0.934654884067305,0.35555625108994));
#5782=DIRECTION('center_axis',(0.,1.,0.));
#5783=DIRECTION('ref_axis',(0.,0.,1.));
#5784=DIRECTION('',(0.,0.,1.));
#5785=DIRECTION('',(0.,0.,1.));
#5786=DIRECTION('center_axis',(-1.,0.,0.));
#5787=DIRECTION('ref_axis',(0.,0.,1.));
#5788=DIRECTION('',(1.,0.,0.));
#5789=DIRECTION('',(1.,0.,0.));
#5790=DIRECTION('',(1.,0.,0.));
#5791=DIRECTION('',(1.,0.,0.));
#5792=DIRECTION('',(1.,0.,0.));
#5793=DIRECTION('',(1.,0.,0.));
#5794=DIRECTION('',(1.,0.,0.));
#5795=DIRECTION('',(1.,0.,0.));
#5796=DIRECTION('',(1.,0.,0.));
#5797=DIRECTION('',(1.,0.,0.));
#5798=DIRECTION('center_axis',(0.,0.,1.));
#5799=DIRECTION('ref_axis',(0.,-1.,0.));
#5800=DIRECTION('',(0.,-1.,0.));
#5801=DIRECTION('',(0.,-1.,0.));
#5802=DIRECTION('center_axis',(0.,1.,0.));
#5803=DIRECTION('ref_axis',(0.,0.,1.));
#5804=DIRECTION('',(0.,0.,1.));
#5805=DIRECTION('',(1.,0.,0.));
#5806=DIRECTION('',(0.,0.,1.));
#5807=DIRECTION('',(1.,0.,0.));
#5808=DIRECTION('',(1.,0.,0.));
#5809=DIRECTION('',(1.,0.,0.));
#5810=DIRECTION('center_axis',(0.,0.,-1.));
#5811=DIRECTION('ref_axis',(0.,1.,0.));
#5812=DIRECTION('',(0.,1.,0.));
#5813=DIRECTION('',(1.,0.,0.));
#5814=DIRECTION('',(0.,1.,0.));
#5815=DIRECTION('',(1.,0.,0.));
#5816=DIRECTION('',(1.,0.,0.));
#5817=DIRECTION('',(1.,0.,0.));
#5818=DIRECTION('',(1.,0.,0.));
#5819=DIRECTION('',(1.,0.,0.));
#5820=DIRECTION('',(1.,0.,0.));
#5821=DIRECTION('',(1.,0.,0.));
#5822=DIRECTION('center_axis',(0.,0.990830180018173,0.135113116924872));
#5823=DIRECTION('ref_axis',(0.,-0.135113116924872,0.990830180018173));
#5824=DIRECTION('',(0.,-0.135113116924872,0.990830180018173));
#5825=DIRECTION('',(1.,0.,0.));
#5826=DIRECTION('',(0.,-0.135113116924872,0.990830180018173));
#5827=DIRECTION('',(1.,0.,0.));
#5828=DIRECTION('',(1.,0.,0.));
#5829=DIRECTION('',(1.,0.,0.));
#5830=DIRECTION('',(1.,0.,0.));
#5831=DIRECTION('',(1.,0.,0.));
#5832=DIRECTION('',(1.,0.,0.));
#5833=DIRECTION('',(1.,0.,0.));
#5834=DIRECTION('',(1.,0.,0.));
#5835=DIRECTION('',(1.,0.,0.));
#5836=DIRECTION('',(1.,0.,0.));
#5837=DIRECTION('',(1.,0.,0.));
#5838=DIRECTION('',(1.,0.,0.));
#5839=DIRECTION('',(1.,0.,0.));
#5840=DIRECTION('',(1.,0.,0.));
#5841=DIRECTION('center_axis',(-1.,0.,0.));
#5842=DIRECTION('ref_axis',(0.,0.,1.));
#5843=DIRECTION('center_axis',(0.,0.,-1.));
#5844=DIRECTION('ref_axis',(0.,1.,0.));
#5845=DIRECTION('',(0.,1.,0.));
#5846=DIRECTION('',(1.,0.,0.));
#5847=DIRECTION('',(0.,1.,0.));
#5848=DIRECTION('',(1.,0.,0.));
#5849=DIRECTION('center_axis',(0.,1.,0.));
#5850=DIRECTION('ref_axis',(0.,0.,1.));
#5851=DIRECTION('',(0.,0.,1.));
#5852=DIRECTION('',(1.,0.,0.));
#5853=DIRECTION('',(0.,0.,1.));
#5854=DIRECTION('center_axis',(0.,0.,-1.));
#5855=DIRECTION('ref_axis',(0.,1.,0.));
#5856=DIRECTION('',(0.,1.,0.));
#5857=DIRECTION('',(1.,0.,0.));
#5858=DIRECTION('',(0.,1.,0.));
#5859=DIRECTION('center_axis',(0.,-1.,0.));
#5860=DIRECTION('ref_axis',(0.,0.,-1.));
#5861=DIRECTION('',(0.,0.,-1.));
#5862=DIRECTION('',(1.,0.,0.));
#5863=DIRECTION('',(0.,0.,-1.));
#5864=DIRECTION('center_axis',(0.,0.,1.));
#5865=DIRECTION('ref_axis',(0.,-1.,0.));
#5866=DIRECTION('',(0.,-1.,0.));
#5867=DIRECTION('',(1.,0.,0.));
#5868=DIRECTION('',(0.,-1.,0.));
#5869=DIRECTION('center_axis',(0.,1.,0.));
#5870=DIRECTION('ref_axis',(0.,0.,1.));
#5871=DIRECTION('',(0.,0.,1.));
#5872=DIRECTION('',(1.,0.,0.));
#5873=DIRECTION('',(0.,0.,1.));
#5874=DIRECTION('center_axis',(0.,0.,1.));
#5875=DIRECTION('ref_axis',(0.,-1.,0.));
#5876=DIRECTION('',(0.,-1.,0.));
#5877=DIRECTION('',(1.,0.,0.));
#5878=DIRECTION('',(0.,-1.,0.));
#5879=DIRECTION('center_axis',(0.,1.,0.));
#5880=DIRECTION('ref_axis',(0.,0.,1.));
#5881=DIRECTION('',(0.,0.,1.));
#5882=DIRECTION('',(0.,0.,1.));
#5883=DIRECTION('center_axis',(1.,0.,0.));
#5884=DIRECTION('ref_axis',(0.,0.,-1.));
#5885=DIRECTION('center_axis',(-1.,0.,0.));
#5886=DIRECTION('ref_axis',(0.,0.,1.));
#5887=DIRECTION('center_axis',(-1.,0.,0.));
#5888=DIRECTION('ref_axis',(0.,0.,1.));
#5889=DIRECTION('center_axis',(0.,-1.,0.));
#5890=DIRECTION('ref_axis',(0.,0.,-1.));
#5891=DIRECTION('center_axis',(0.,1.,0.));
#5892=DIRECTION('ref_axis',(0.,0.,-1.));
#5893=DIRECTION('',(-1.04972719113862E-16,0.515038074910054,-0.857167300702112));
#5894=DIRECTION('center_axis',(0.,1.,0.));
#5895=DIRECTION('ref_axis',(0.,0.,-1.));
#5896=DIRECTION('center_axis',(0.,1.,0.));
#5897=DIRECTION('ref_axis',(0.,0.,-1.));
#5898=DIRECTION('',(0.,1.,0.));
#5899=DIRECTION('center_axis',(0.,-1.,0.));
#5900=DIRECTION('ref_axis',(0.,0.,-1.));
#5901=DIRECTION('center_axis',(0.,1.,0.));
#5902=DIRECTION('ref_axis',(0.,0.,-1.));
#5903=DIRECTION('',(-1.04972719113862E-16,0.515038074910054,-0.857167300702112));
#5904=DIRECTION('center_axis',(0.,1.,0.));
#5905=DIRECTION('ref_axis',(0.,0.,-1.));
#5906=DIRECTION('center_axis',(0.,1.,0.));
#5907=DIRECTION('ref_axis',(0.,0.,-1.));
#5908=DIRECTION('',(0.,1.,0.));
#5909=DIRECTION('center_axis',(0.,-1.,0.));
#5910=DIRECTION('ref_axis',(0.,0.,-1.));
#5911=DIRECTION('center_axis',(0.,1.,0.));
#5912=DIRECTION('ref_axis',(0.,0.,-1.));
#5913=DIRECTION('',(-1.04972719113862E-16,0.515038074910054,-0.857167300702112));
#5914=DIRECTION('center_axis',(0.,1.,0.));
#5915=DIRECTION('ref_axis',(0.,0.,-1.));
#5916=DIRECTION('center_axis',(0.,1.,0.));
#5917=DIRECTION('ref_axis',(0.,0.,-1.));
#5918=DIRECTION('',(0.,1.,0.));
#5919=DIRECTION('center_axis',(0.,-1.,0.));
#5920=DIRECTION('ref_axis',(0.,0.,-1.));
#5921=DIRECTION('center_axis',(0.,1.,0.));
#5922=DIRECTION('ref_axis',(0.,0.,-1.));
#5923=DIRECTION('',(-1.04972719113862E-16,0.515038074910054,-0.857167300702112));
#5924=DIRECTION('center_axis',(0.,1.,0.));
#5925=DIRECTION('ref_axis',(0.,0.,-1.));
#5926=DIRECTION('center_axis',(0.,1.,0.));
#5927=DIRECTION('ref_axis',(0.,0.,-1.));
#5928=DIRECTION('',(0.,1.,0.));
#5929=DIRECTION('center_axis',(-1.,0.,0.));
#5930=DIRECTION('ref_axis',(0.,1.,0.));
#5931=DIRECTION('',(0.,1.,0.));
#5932=DIRECTION('',(0.,0.,-1.));
#5933=DIRECTION('',(0.,-1.,0.));
#5934=DIRECTION('',(0.,0.,-1.));
#5935=DIRECTION('center_axis',(0.,-1.,0.));
#5936=DIRECTION('ref_axis',(-1.,0.,0.));
#5937=DIRECTION('',(-1.,0.,0.));
#5938=DIRECTION('',(0.,0.,-1.));
#5939=DIRECTION('',(1.,0.,0.));
#5940=DIRECTION('center_axis',(1.,0.,0.));
#5941=DIRECTION('ref_axis',(0.,-1.,0.));
#5942=DIRECTION('',(0.,-1.,0.));
#5943=DIRECTION('',(0.,0.,-1.));
#5944=DIRECTION('',(0.,1.,0.));
#5945=DIRECTION('center_axis',(0.,1.,0.));
#5946=DIRECTION('ref_axis',(1.,0.,0.));
#5947=DIRECTION('',(1.,0.,0.));
#5948=DIRECTION('',(-1.,0.,0.));
#5949=DIRECTION('center_axis',(1.,0.,0.));
#5950=DIRECTION('ref_axis',(0.,1.,0.));
#5951=DIRECTION('',(0.,1.,0.));
#5952=DIRECTION('',(0.,0.,1.));
#5953=DIRECTION('',(0.,-1.,0.));
#5954=DIRECTION('',(0.,0.,1.));
#5955=DIRECTION('center_axis',(0.,-1.,0.));
#5956=DIRECTION('ref_axis',(1.,0.,0.));
#5957=DIRECTION('',(1.,0.,0.));
#5958=DIRECTION('',(0.,0.,1.));
#5959=DIRECTION('',(-1.,0.,-1.77307836149936E-33));
#5960=DIRECTION('center_axis',(-1.,0.,0.));
#5961=DIRECTION('ref_axis',(0.,-1.,0.));
#5962=DIRECTION('',(0.,-1.,0.));
#5963=DIRECTION('',(0.,0.,1.));
#5964=DIRECTION('',(0.,1.,0.));
#5965=DIRECTION('center_axis',(0.,1.,0.));
#5966=DIRECTION('ref_axis',(-1.,0.,0.));
#5967=DIRECTION('',(-1.,0.,0.));
#5968=DIRECTION('',(1.,0.,1.77307836149936E-33));
#5969=DIRECTION('center_axis',(0.,0.,1.));
#5970=DIRECTION('ref_axis',(0.,1.,0.));
#5971=DIRECTION('',(0.,1.,0.));
#5972=DIRECTION('',(-1.,0.,0.));
#5973=DIRECTION('',(0.,-1.,0.));
#5974=DIRECTION('',(-1.,0.,0.));
#5975=DIRECTION('center_axis',(0.,-1.,0.));
#5976=DIRECTION('ref_axis',(0.,0.,1.));
#5977=DIRECTION('',(0.,0.,1.));
#5978=DIRECTION('',(-1.,0.,0.));
#5979=DIRECTION('',(0.,0.,-1.));
#5980=DIRECTION('center_axis',(0.,0.,-1.));
#5981=DIRECTION('ref_axis',(0.,-1.,0.));
#5982=DIRECTION('',(0.,-1.,0.));
#5983=DIRECTION('',(-1.,0.,0.));
#5984=DIRECTION('',(0.,1.,0.));
#5985=DIRECTION('center_axis',(0.,1.,0.));
#5986=DIRECTION('ref_axis',(0.,0.,-1.));
#5987=DIRECTION('',(0.,0.,-1.));
#5988=DIRECTION('',(0.,0.,1.));
#5989=DIRECTION('center_axis',(1.,0.,0.));
#5990=DIRECTION('ref_axis',(0.,1.,0.));
#5991=DIRECTION('',(0.,1.,0.));
#5992=DIRECTION('',(0.,0.,1.));
#5993=DIRECTION('',(0.,-1.,0.));
#5994=DIRECTION('',(0.,0.,1.));
#5995=DIRECTION('center_axis',(0.,-1.,0.));
#5996=DIRECTION('ref_axis',(1.,0.,0.));
#5997=DIRECTION('',(1.,0.,0.));
#5998=DIRECTION('',(0.,0.,1.));
#5999=DIRECTION('',(-1.,0.,-1.77307836149936E-33));
#6000=DIRECTION('center_axis',(-1.,0.,0.));
#6001=DIRECTION('ref_axis',(0.,-1.,0.));
#6002=DIRECTION('',(0.,-1.,0.));
#6003=DIRECTION('',(0.,0.,1.));
#6004=DIRECTION('',(0.,1.,0.));
#6005=DIRECTION('center_axis',(0.,1.,0.));
#6006=DIRECTION('ref_axis',(-1.,0.,0.));
#6007=DIRECTION('',(-1.,0.,0.));
#6008=DIRECTION('',(1.,0.,1.77307836149936E-33));
#6009=DIRECTION('center_axis',(-1.,0.,2.83821254962329E-33));
#6010=DIRECTION('ref_axis',(2.83821254962329E-33,0.,1.));
#6011=DIRECTION('',(2.83821254962329E-33,0.,1.));
#6012=DIRECTION('',(0.,1.,0.));
#6013=DIRECTION('',(2.83821254962329E-33,0.,1.));
#6014=DIRECTION('',(0.,1.,0.));
#6015=DIRECTION('center_axis',(1.77307836149936E-33,0.,-1.));
#6016=DIRECTION('ref_axis',(-1.,0.,-1.77307836149936E-33));
#6017=DIRECTION('',(-1.,0.,-1.77307836149936E-33));
#6018=DIRECTION('',(0.,1.,0.));
#6019=DIRECTION('',(-1.,0.,-1.77307836149936E-33));
#6020=DIRECTION('center_axis',(1.,0.,0.));
#6021=DIRECTION('ref_axis',(0.,0.,-1.));
#6022=DIRECTION('',(0.,0.,-1.));
#6023=DIRECTION('',(0.,1.,0.));
#6024=DIRECTION('',(0.,0.,-1.));
#6025=DIRECTION('center_axis',(0.,0.,1.));
#6026=DIRECTION('ref_axis',(1.,0.,0.));
#6027=DIRECTION('',(1.,0.,0.));
#6028=DIRECTION('',(1.,0.,0.));
#6029=DIRECTION('center_axis',(0.,1.,0.));
#6030=DIRECTION('ref_axis',(0.,0.,1.));
#6031=DIRECTION('center_axis',(0.,1.,0.));
#6032=DIRECTION('ref_axis',(0.,0.,1.));
#6033=DIRECTION('center_axis',(0.,1.,0.));
#6034=DIRECTION('ref_axis',(-1.77635683940025E-15,0.,1.));
#6035=DIRECTION('',(0.,0.,-1.));
#6036=DIRECTION('center_axis',(0.,1.,0.));
#6037=DIRECTION('ref_axis',(1.,0.,6.04901474817725E-16));
#6038=DIRECTION('',(-1.,0.,0.));
#6039=DIRECTION('center_axis',(0.,1.,0.));
#6040=DIRECTION('ref_axis',(7.7715611723761E-16,0.,-1.));
#6041=DIRECTION('',(0.,0.,1.));
#6042=DIRECTION('center_axis',(0.,1.,0.));
#6043=DIRECTION('ref_axis',(-1.,0.,-8.88178419700126E-16));
#6044=DIRECTION('',(1.,0.,0.));
#6045=DIRECTION('center_axis',(0.,0.,1.));
#6046=DIRECTION('ref_axis',(1.,0.,0.));
#6047=DIRECTION('',(-1.,0.,0.));
#6048=DIRECTION('',(0.,1.,0.));
#6049=DIRECTION('',(0.,1.,0.));
#6050=DIRECTION('center_axis',(0.,1.,0.));
#6051=DIRECTION('ref_axis',(-1.,0.,-8.88178419700126E-16));
#6052=DIRECTION('center_axis',(0.,1.,0.));
#6053=DIRECTION('ref_axis',(-1.,0.,-8.88178419700126E-16));
#6054=DIRECTION('',(0.,1.,0.));
#6055=DIRECTION('center_axis',(-1.,0.,0.));
#6056=DIRECTION('ref_axis',(0.,0.,1.));
#6057=DIRECTION('',(0.,0.,-1.));
#6058=DIRECTION('',(0.,1.,0.));
#6059=DIRECTION('center_axis',(0.,1.,0.));
#6060=DIRECTION('ref_axis',(7.7715611723761E-16,0.,-1.));
#6061=DIRECTION('center_axis',(0.,1.,0.));
#6062=DIRECTION('ref_axis',(7.7715611723761E-16,0.,-1.));
#6063=DIRECTION('',(0.,1.,0.));
#6064=DIRECTION('center_axis',(0.,0.,-1.));
#6065=DIRECTION('ref_axis',(-1.,0.,0.));
#6066=DIRECTION('',(1.,0.,0.));
#6067=DIRECTION('',(0.,1.,0.));
#6068=DIRECTION('center_axis',(0.,1.,0.));
#6069=DIRECTION('ref_axis',(1.,0.,6.04901474817725E-16));
#6070=DIRECTION('center_axis',(0.,1.,0.));
#6071=DIRECTION('ref_axis',(1.,0.,6.04901474817725E-16));
#6072=DIRECTION('',(0.,1.,0.));
#6073=DIRECTION('center_axis',(1.,0.,0.));
#6074=DIRECTION('ref_axis',(0.,0.,-1.));
#6075=DIRECTION('',(0.,0.,1.));
#6076=DIRECTION('',(0.,1.,0.));
#6077=DIRECTION('center_axis',(0.,1.,0.));
#6078=DIRECTION('ref_axis',(-1.77635683940025E-15,0.,1.));
#6079=DIRECTION('center_axis',(0.,1.,0.));
#6080=DIRECTION('ref_axis',(-1.77635683940025E-15,0.,1.));
#6081=DIRECTION('center_axis',(0.,1.,0.));
#6082=DIRECTION('ref_axis',(1.,0.,0.));
#6083=CARTESIAN_POINT('',(0.,0.,0.));
#6084=CARTESIAN_POINT('Origin',(30.0000004470348,7.,19.0000002831221));
#6085=CARTESIAN_POINT('',(43.601471158448,7.,19.0000002831221));
#6086=CARTESIAN_POINT('Origin',(30.0000004470348,7.,19.0000002831221));
#6087=CARTESIAN_POINT('',(43.601471158448,6.7,19.0000002831221));
#6088=CARTESIAN_POINT('',(43.601471158448,7.,19.0000002831221));
#6089=CARTESIAN_POINT('Origin',(30.0000004470348,6.7,19.0000002831221));
#6090=CARTESIAN_POINT('Origin',(30.0000004470348,6.7,19.0000002831221));
#6091=CARTESIAN_POINT('Ctrl Pts',(-10.,4.90637453313258,14.993938546222));
#6092=CARTESIAN_POINT('Ctrl Pts',(-9.7,4.90637453313258,14.993938546222));
#6093=CARTESIAN_POINT('Ctrl Pts',(-10.,4.90337293247155,15.1003016461642));
#6094=CARTESIAN_POINT('Ctrl Pts',(-9.7,4.90337293247155,15.1003016461642));
#6095=CARTESIAN_POINT('Ctrl Pts',(-10.,4.89795342806892,15.2923442772505));
#6096=CARTESIAN_POINT('Ctrl Pts',(-9.7,4.89795342806892,15.2923442772505));
#6097=CARTESIAN_POINT('Ctrl Pts',(-10.,4.8023638535704,15.4580414709728));
#6098=CARTESIAN_POINT('Ctrl Pts',(-9.7,4.8023638535704,15.4580414709728));
#6099=CARTESIAN_POINT('Ctrl Pts',(-10.,4.75971670861628,15.5319670248445));
#6100=CARTESIAN_POINT('Ctrl Pts',(-9.7,4.75971670861628,15.5319670248445));
#6101=CARTESIAN_POINT('',(-10.,4.90637453313258,14.993938546222));
#6102=CARTESIAN_POINT('',(-10.,4.75971670861628,15.5319670248445));
#6103=CARTESIAN_POINT('Ctrl Pts',(-10.,4.90637453313258,14.993938546222));
#6104=CARTESIAN_POINT('Ctrl Pts',(-10.,4.90337293247155,15.1003016461642));
#6105=CARTESIAN_POINT('Ctrl Pts',(-10.,4.89795342806892,15.2923442772505));
#6106=CARTESIAN_POINT('Ctrl Pts',(-10.,4.8023638535704,15.4580414709728));
#6107=CARTESIAN_POINT('Ctrl Pts',(-10.,4.75971670861628,15.5319670248445));
#6108=CARTESIAN_POINT('',(-9.7,4.90637453313258,14.993938546222));
#6109=CARTESIAN_POINT('',(-10.,4.90637453313258,14.993938546222));
#6110=CARTESIAN_POINT('',(-9.7,4.75971670861628,15.5319670248445));
#6111=CARTESIAN_POINT('Ctrl Pts',(-9.7,4.90637453313258,14.993938546222));
#6112=CARTESIAN_POINT('Ctrl Pts',(-9.7,4.90337293247155,15.1003016461642));
#6113=CARTESIAN_POINT('Ctrl Pts',(-9.7,4.89795342806892,15.2923442772505));
#6114=CARTESIAN_POINT('Ctrl Pts',(-9.7,4.8023638535704,15.4580414709728));
#6115=CARTESIAN_POINT('Ctrl Pts',(-9.7,4.75971670861628,15.5319670248445));
#6116=CARTESIAN_POINT('',(-10.,4.75971670861628,15.5319670248445));
#6117=CARTESIAN_POINT('Ctrl Pts',(-10.,4.83219297643092,14.6119466829713));
#6118=CARTESIAN_POINT('Ctrl Pts',(-9.7,4.83219297643092,14.6119466829713));
#6119=CARTESIAN_POINT('Ctrl Pts',(-10.,4.85382095132081,14.6713059701189));
#6120=CARTESIAN_POINT('Ctrl Pts',(-9.7,4.85382095132081,14.6713059701189));
#6121=CARTESIAN_POINT('Ctrl Pts',(-10.,4.89875511353381,14.7946305000908));
#6122=CARTESIAN_POINT('Ctrl Pts',(-9.7,4.89875511353381,14.7946305000908));
#6123=CARTESIAN_POINT('Ctrl Pts',(-10.,4.90377226597437,14.9258686918072));
#6124=CARTESIAN_POINT('Ctrl Pts',(-9.7,4.90377226597437,14.9258686918072));
#6125=CARTESIAN_POINT('Ctrl Pts',(-10.,4.90637453313258,14.993938546222));
#6126=CARTESIAN_POINT('Ctrl Pts',(-9.7,4.90637453313258,14.993938546222));
#6127=CARTESIAN_POINT('',(-10.,4.83219297643092,14.6119466829713));
#6128=CARTESIAN_POINT('Ctrl Pts',(-10.,4.83219297643092,14.6119466829713));
#6129=CARTESIAN_POINT('Ctrl Pts',(-10.,4.85382095132081,14.6713059701189));
#6130=CARTESIAN_POINT('Ctrl Pts',(-10.,4.89875511353381,14.7946305000908));
#6131=CARTESIAN_POINT('Ctrl Pts',(-10.,4.90377226597437,14.9258686918072));
#6132=CARTESIAN_POINT('Ctrl Pts',(-10.,4.90637453313258,14.993938546222));
#6133=CARTESIAN_POINT('',(-9.7,4.83219297643092,14.6119466829713));
#6134=CARTESIAN_POINT('',(-10.,4.83219297643092,14.6119466829713));
#6135=CARTESIAN_POINT('Ctrl Pts',(-9.7,4.83219297643092,14.6119466829713));
#6136=CARTESIAN_POINT('Ctrl Pts',(-9.7,4.85382095132081,14.6713059701189));
#6137=CARTESIAN_POINT('Ctrl Pts',(-9.7,4.89875511353381,14.7946305000908));
#6138=CARTESIAN_POINT('Ctrl Pts',(-9.7,4.90377226597437,14.9258686918072));
#6139=CARTESIAN_POINT('Ctrl Pts',(-9.7,4.90637453313258,14.993938546222));
#6140=CARTESIAN_POINT('Ctrl Pts',(-10.,4.62243856902507,14.3535903501924));
#6141=CARTESIAN_POINT('Ctrl Pts',(-9.7,4.62243856902507,14.3535903501924));
#6142=CARTESIAN_POINT('Ctrl Pts',(-10.,4.66545467404518,14.3876296301208));
#6143=CARTESIAN_POINT('Ctrl Pts',(-9.7,4.66545467404518,14.3876296301208));
#6144=CARTESIAN_POINT('Ctrl Pts',(-10.,4.75448107998788,14.4580775414668));
#6145=CARTESIAN_POINT('Ctrl Pts',(-9.7,4.75448107998788,14.4580775414668));
#6146=CARTESIAN_POINT('Ctrl Pts',(-10.,4.80571463714369,14.559519712056));
#6147=CARTESIAN_POINT('Ctrl Pts',(-9.7,4.80571463714369,14.559519712056));
#6148=CARTESIAN_POINT('Ctrl Pts',(-10.,4.83219297643092,14.6119466829713));
#6149=CARTESIAN_POINT('Ctrl Pts',(-9.7,4.83219297643092,14.6119466829713));
#6150=CARTESIAN_POINT('',(-10.,4.62243856902507,14.3535903501924));
#6151=CARTESIAN_POINT('Ctrl Pts',(-10.,4.62243856902507,14.3535903501924));
#6152=CARTESIAN_POINT('Ctrl Pts',(-10.,4.66545467404518,14.3876296301208));
#6153=CARTESIAN_POINT('Ctrl Pts',(-10.,4.75448107998788,14.4580775414668));
#6154=CARTESIAN_POINT('Ctrl Pts',(-10.,4.80571463714369,14.559519712056));
#6155=CARTESIAN_POINT('Ctrl Pts',(-10.,4.83219297643092,14.6119466829713));
#6156=CARTESIAN_POINT('',(-9.7,4.62243856902507,14.3535903501924));
#6157=CARTESIAN_POINT('',(-10.,4.62243856902507,14.3535903501924));
#6158=CARTESIAN_POINT('Ctrl Pts',(-9.7,4.62243856902507,14.3535903501924));
#6159=CARTESIAN_POINT('Ctrl Pts',(-9.7,4.66545467404518,14.3876296301208));
#6160=CARTESIAN_POINT('Ctrl Pts',(-9.7,4.75448107998788,14.4580775414668));
#6161=CARTESIAN_POINT('Ctrl Pts',(-9.7,4.80571463714369,14.559519712056));
#6162=CARTESIAN_POINT('Ctrl Pts',(-9.7,4.83219297643092,14.6119466829713));
#6163=CARTESIAN_POINT('Ctrl Pts',(-10.,4.33338673825648,14.2640611935075));
#6164=CARTESIAN_POINT('Ctrl Pts',(-9.7,4.33338673825648,14.2640611935075));
#6165=CARTESIAN_POINT('Ctrl Pts',(-10.,4.38413236235919,14.2680127190425));
#6166=CARTESIAN_POINT('Ctrl Pts',(-9.7,4.38413236235919,14.2680127190425));
#6167=CARTESIAN_POINT('Ctrl Pts',(-10.,4.48718645001054,14.276037467305));
#6168=CARTESIAN_POINT('Ctrl Pts',(-9.7,4.48718645001054,14.276037467305));
#6169=CARTESIAN_POINT('Ctrl Pts',(-10.,4.57690101520207,14.3274793465028));
#6170=CARTESIAN_POINT('Ctrl Pts',(-9.7,4.57690101520207,14.3274793465028));
#6171=CARTESIAN_POINT('Ctrl Pts',(-10.,4.62243856902507,14.3535903501924));
#6172=CARTESIAN_POINT('Ctrl Pts',(-9.7,4.62243856902507,14.3535903501924));
#6173=CARTESIAN_POINT('',(-10.,4.33338673825648,14.2640611935075));
#6174=CARTESIAN_POINT('Ctrl Pts',(-10.,4.33338673825648,14.2640611935075));
#6175=CARTESIAN_POINT('Ctrl Pts',(-10.,4.38413236235919,14.2680127190425));
#6176=CARTESIAN_POINT('Ctrl Pts',(-10.,4.48718645001054,14.276037467305));
#6177=CARTESIAN_POINT('Ctrl Pts',(-10.,4.57690101520207,14.3274793465028));
#6178=CARTESIAN_POINT('Ctrl Pts',(-10.,4.62243856902507,14.3535903501924));
#6179=CARTESIAN_POINT('',(-9.7,4.33338673825648,14.2640611935075));
#6180=CARTESIAN_POINT('',(-10.,4.33338673825648,14.2640611935075));
#6181=CARTESIAN_POINT('Ctrl Pts',(-9.7,4.33338673825648,14.2640611935075));
#6182=CARTESIAN_POINT('Ctrl Pts',(-9.7,4.38413236235919,14.2680127190425));
#6183=CARTESIAN_POINT('Ctrl Pts',(-9.7,4.48718645001054,14.276037467305));
#6184=CARTESIAN_POINT('Ctrl Pts',(-9.7,4.57690101520207,14.3274793465028));
#6185=CARTESIAN_POINT('Ctrl Pts',(-9.7,4.62243856902507,14.3535903501924));
#6186=CARTESIAN_POINT('Ctrl Pts',(-10.,4.07076718325999,14.3373898077424));
#6187=CARTESIAN_POINT('Ctrl Pts',(-9.7,4.07076718325999,14.3373898077424));
#6188=CARTESIAN_POINT('Ctrl Pts',(-10.,4.10939828406864,14.3160184784699));
#6189=CARTESIAN_POINT('Ctrl Pts',(-9.7,4.10939828406864,14.3160184784699));
#6190=CARTESIAN_POINT('Ctrl Pts',(-10.,4.1909779700989,14.2708873200093));
#6191=CARTESIAN_POINT('Ctrl Pts',(-9.7,4.1909779700989,14.2708873200093));
#6192=CARTESIAN_POINT('Ctrl Pts',(-10.,4.28427134418545,14.2664154579075));
#6193=CARTESIAN_POINT('Ctrl Pts',(-9.7,4.28427134418545,14.2664154579075));
#6194=CARTESIAN_POINT('Ctrl Pts',(-10.,4.33338673825648,14.2640611935075));
#6195=CARTESIAN_POINT('Ctrl Pts',(-9.7,4.33338673825648,14.2640611935075));
#6196=CARTESIAN_POINT('',(-10.,4.07076718325999,14.3373898077424));
#6197=CARTESIAN_POINT('Ctrl Pts',(-10.,4.07076718325999,14.3373898077424));
#6198=CARTESIAN_POINT('Ctrl Pts',(-10.,4.10939828406864,14.3160184784699));
#6199=CARTESIAN_POINT('Ctrl Pts',(-10.,4.1909779700989,14.2708873200093));
#6200=CARTESIAN_POINT('Ctrl Pts',(-10.,4.28427134418545,14.2664154579075));
#6201=CARTESIAN_POINT('Ctrl Pts',(-10.,4.33338673825648,14.2640611935075));
#6202=CARTESIAN_POINT('',(-9.7,4.07076718325999,14.3373898077424));
#6203=CARTESIAN_POINT('',(-10.,4.07076718325999,14.3373898077424));
#6204=CARTESIAN_POINT('Ctrl Pts',(-9.7,4.07076718325999,14.3373898077424));
#6205=CARTESIAN_POINT('Ctrl Pts',(-9.7,4.10939828406864,14.3160184784699));
#6206=CARTESIAN_POINT('Ctrl Pts',(-9.7,4.1909779700989,14.2708873200093));
#6207=CARTESIAN_POINT('Ctrl Pts',(-9.7,4.28427134418545,14.2664154579075));
#6208=CARTESIAN_POINT('Ctrl Pts',(-9.7,4.33338673825648,14.2640611935075));
#6209=CARTESIAN_POINT('Ctrl Pts',(-10.,3.90961440320399,14.5394704151567));
#6210=CARTESIAN_POINT('Ctrl Pts',(-9.7,3.90961440320399,14.5394704151567));
#6211=CARTESIAN_POINT('Ctrl Pts',(-10.,3.92976880106513,14.4991551195948));
#6212=CARTESIAN_POINT('Ctrl Pts',(-9.7,3.92976880106513,14.4991551195948));
#6213=CARTESIAN_POINT('Ctrl Pts',(-10.,3.96918360156603,14.4203128072292));
#6214=CARTESIAN_POINT('Ctrl Pts',(-9.7,3.96918360156603,14.4203128072292));
#6215=CARTESIAN_POINT('Ctrl Pts',(-10.,4.03742190995391,14.3646096599581));
#6216=CARTESIAN_POINT('Ctrl Pts',(-9.7,4.03742190995391,14.3646096599581));
#6217=CARTESIAN_POINT('Ctrl Pts',(-10.,4.07076718325999,14.3373898077424));
#6218=CARTESIAN_POINT('Ctrl Pts',(-9.7,4.07076718325999,14.3373898077424));
#6219=CARTESIAN_POINT('',(-10.,3.90961440320399,14.5394704151567));
#6220=CARTESIAN_POINT('Ctrl Pts',(-10.,3.90961440320399,14.5394704151567));
#6221=CARTESIAN_POINT('Ctrl Pts',(-10.,3.92976880106513,14.4991551195948));
#6222=CARTESIAN_POINT('Ctrl Pts',(-10.,3.96918360156603,14.4203128072292));
#6223=CARTESIAN_POINT('Ctrl Pts',(-10.,4.03742190995391,14.3646096599581));
#6224=CARTESIAN_POINT('Ctrl Pts',(-10.,4.07076718325999,14.3373898077424));
#6225=CARTESIAN_POINT('',(-9.7,3.90961440320399,14.5394704151567));
#6226=CARTESIAN_POINT('',(-10.,3.90961440320399,14.5394704151567));
#6227=CARTESIAN_POINT('Ctrl Pts',(-9.7,3.90961440320399,14.5394704151567));
#6228=CARTESIAN_POINT('Ctrl Pts',(-9.7,3.92976880106513,14.4991551195948));
#6229=CARTESIAN_POINT('Ctrl Pts',(-9.7,3.96918360156603,14.4203128072292));
#6230=CARTESIAN_POINT('Ctrl Pts',(-9.7,4.03742190995391,14.3646096599581));
#6231=CARTESIAN_POINT('Ctrl Pts',(-9.7,4.07076718325999,14.3373898077424));
#6232=CARTESIAN_POINT('Ctrl Pts',(-10.,3.76722024794009,14.993938546222));
#6233=CARTESIAN_POINT('Ctrl Pts',(-9.7,3.76722024794009,14.993938546222));
#6234=CARTESIAN_POINT('Ctrl Pts',(-10.,3.79184310793251,14.9012230039932));
#6235=CARTESIAN_POINT('Ctrl Pts',(-9.7,3.79184310793251,14.9012230039932));
#6236=CARTESIAN_POINT('Ctrl Pts',(-10.,3.83264216688055,14.7475971914777));
#6237=CARTESIAN_POINT('Ctrl Pts',(-9.7,3.83264216688055,14.7475971914777));
#6238=CARTESIAN_POINT('Ctrl Pts',(-10.,3.88776073804056,14.5985609794759));
#6239=CARTESIAN_POINT('Ctrl Pts',(-9.7,3.88776073804056,14.5985609794759));
#6240=CARTESIAN_POINT('Ctrl Pts',(-10.,3.90961440320399,14.5394704151567));
#6241=CARTESIAN_POINT('Ctrl Pts',(-9.7,3.90961440320399,14.5394704151567));
#6242=CARTESIAN_POINT('',(-10.,3.76722024794009,14.993938546222));
#6243=CARTESIAN_POINT('Ctrl Pts',(-10.,3.76722024794009,14.993938546222));
#6244=CARTESIAN_POINT('Ctrl Pts',(-10.,3.79184310793251,14.9012230039932));
#6245=CARTESIAN_POINT('Ctrl Pts',(-10.,3.83264216688055,14.7475971914777));
#6246=CARTESIAN_POINT('Ctrl Pts',(-10.,3.88776073804056,14.5985609794759));
#6247=CARTESIAN_POINT('Ctrl Pts',(-10.,3.90961440320399,14.5394704151567));
#6248=CARTESIAN_POINT('',(-9.7,3.76722024794009,14.993938546222));
#6249=CARTESIAN_POINT('',(-10.,3.76722024794009,14.993938546222));
#6250=CARTESIAN_POINT('Ctrl Pts',(-9.7,3.76722024794009,14.993938546222));
#6251=CARTESIAN_POINT('Ctrl Pts',(-9.7,3.79184310793251,14.9012230039932));
#6252=CARTESIAN_POINT('Ctrl Pts',(-9.7,3.83264216688055,14.7475971914777));
#6253=CARTESIAN_POINT('Ctrl Pts',(-9.7,3.88776073804056,14.5985609794759));
#6254=CARTESIAN_POINT('Ctrl Pts',(-9.7,3.90961440320399,14.5394704151567));
#6255=CARTESIAN_POINT('Ctrl Pts',(-10.,3.68877546902087,15.2650845456537));
#6256=CARTESIAN_POINT('Ctrl Pts',(-9.7,3.68877546902087,15.2650845456537));
#6257=CARTESIAN_POINT('Ctrl Pts',(-10.,3.69830024341373,15.2348579594369));
#6258=CARTESIAN_POINT('Ctrl Pts',(-9.7,3.69830024341373,15.2348579594369));
#6259=CARTESIAN_POINT('Ctrl Pts',(-10.,3.72658278114768,15.1451041731547));
#6260=CARTESIAN_POINT('Ctrl Pts',(-9.7,3.72658278114768,15.1451041731547));
#6261=CARTESIAN_POINT('Ctrl Pts',(-10.,3.75101567510673,15.0542172644808));
#6262=CARTESIAN_POINT('Ctrl Pts',(-9.7,3.75101567510673,15.0542172644808));
#6263=CARTESIAN_POINT('Ctrl Pts',(-10.,3.76722024794009,14.993938546222));
#6264=CARTESIAN_POINT('Ctrl Pts',(-9.7,3.76722024794009,14.993938546222));
#6265=CARTESIAN_POINT('',(-10.,3.68877546902087,15.2650845456537));
#6266=CARTESIAN_POINT('Ctrl Pts',(-10.,3.68877546902087,15.2650845456537));
#6267=CARTESIAN_POINT('Ctrl Pts',(-10.,3.69830024341373,15.2348579594369));
#6268=CARTESIAN_POINT('Ctrl Pts',(-10.,3.72658278114768,15.1451041731547));
#6269=CARTESIAN_POINT('Ctrl Pts',(-10.,3.75101567510673,15.0542172644808));
#6270=CARTESIAN_POINT('Ctrl Pts',(-10.,3.76722024794009,14.993938546222));
#6271=CARTESIAN_POINT('',(-9.7,3.68877546902087,15.2650845456537));
#6272=CARTESIAN_POINT('',(-10.,3.68877546902087,15.2650845456537));
#6273=CARTESIAN_POINT('Ctrl Pts',(-9.7,3.68877546902087,15.2650845456537));
#6274=CARTESIAN_POINT('Ctrl Pts',(-9.7,3.69830024341373,15.2348579594369));
#6275=CARTESIAN_POINT('Ctrl Pts',(-9.7,3.72658278114768,15.1451041731547));
#6276=CARTESIAN_POINT('Ctrl Pts',(-9.7,3.75101567510673,15.0542172644808));
#6277=CARTESIAN_POINT('Ctrl Pts',(-9.7,3.76722024794009,14.993938546222));
#6278=CARTESIAN_POINT('Ctrl Pts',(-10.,3.6069201123276,15.3827515650209));
#6279=CARTESIAN_POINT('Ctrl Pts',(-9.7,3.6069201123276,15.3827515650209));
#6280=CARTESIAN_POINT('Ctrl Pts',(-10.,3.62307748585011,15.3674730963657));
#6281=CARTESIAN_POINT('Ctrl Pts',(-9.7,3.62307748585011,15.3674730963657));
#6282=CARTESIAN_POINT('Ctrl Pts',(-10.,3.65845409974542,15.3340208471016));
#6283=CARTESIAN_POINT('Ctrl Pts',(-9.7,3.65845409974542,15.3340208471016));
#6284=CARTESIAN_POINT('Ctrl Pts',(-10.,3.67810151415105,15.2893520173454));
#6285=CARTESIAN_POINT('Ctrl Pts',(-9.7,3.67810151415105,15.2893520173454));
#6286=CARTESIAN_POINT('Ctrl Pts',(-10.,3.68877546902087,15.2650845456537));
#6287=CARTESIAN_POINT('Ctrl Pts',(-9.7,3.68877546902087,15.2650845456537));
#6288=CARTESIAN_POINT('',(-10.,3.6069201123276,15.3827515650209));
#6289=CARTESIAN_POINT('Ctrl Pts',(-10.,3.6069201123276,15.3827515650209));
#6290=CARTESIAN_POINT('Ctrl Pts',(-10.,3.62307748585011,15.3674730963657));
#6291=CARTESIAN_POINT('Ctrl Pts',(-10.,3.65845409974542,15.3340208471016));
#6292=CARTESIAN_POINT('Ctrl Pts',(-10.,3.67810151415105,15.2893520173454));
#6293=CARTESIAN_POINT('Ctrl Pts',(-10.,3.68877546902087,15.2650845456537));
#6294=CARTESIAN_POINT('',(-9.7,3.6069201123276,15.3827515650209));
#6295=CARTESIAN_POINT('',(-10.,3.6069201123276,15.3827515650209));
#6296=CARTESIAN_POINT('Ctrl Pts',(-9.7,3.6069201123276,15.3827515650209));
#6297=CARTESIAN_POINT('Ctrl Pts',(-9.7,3.62307748585011,15.3674730963657));
#6298=CARTESIAN_POINT('Ctrl Pts',(-9.7,3.65845409974542,15.3340208471016));
#6299=CARTESIAN_POINT('Ctrl Pts',(-9.7,3.67810151415105,15.2893520173454));
#6300=CARTESIAN_POINT('Ctrl Pts',(-9.7,3.68877546902087,15.2650845456537));
#6301=CARTESIAN_POINT('Ctrl Pts',(-10.,3.49948482628253,15.4202685165818));
#6302=CARTESIAN_POINT('Ctrl Pts',(-9.7,3.49948482628253,15.4202685165818));
#6303=CARTESIAN_POINT('Ctrl Pts',(-10.,3.51891977125759,15.4186761293945));
#6304=CARTESIAN_POINT('Ctrl Pts',(-9.7,3.51891977125759,15.4186761293945));
#6305=CARTESIAN_POINT('Ctrl Pts',(-10.,3.55797273212887,15.4154763552453));
#6306=CARTESIAN_POINT('Ctrl Pts',(-9.7,3.55797273212887,15.4154763552453));
#6307=CARTESIAN_POINT('Ctrl Pts',(-10.,3.59055340879338,15.3936938654596));
#6308=CARTESIAN_POINT('Ctrl Pts',(-9.7,3.59055340879338,15.3936938654596));
#6309=CARTESIAN_POINT('Ctrl Pts',(-10.,3.6069201123276,15.3827515650209));
#6310=CARTESIAN_POINT('Ctrl Pts',(-9.7,3.6069201123276,15.3827515650209));
#6311=CARTESIAN_POINT('',(-10.,3.49948482628253,15.4202685165818));
#6312=CARTESIAN_POINT('Ctrl Pts',(-10.,3.49948482628253,15.4202685165818));
#6313=CARTESIAN_POINT('Ctrl Pts',(-10.,3.51891977125759,15.4186761293945));
#6314=CARTESIAN_POINT('Ctrl Pts',(-10.,3.55797273212887,15.4154763552453));
#6315=CARTESIAN_POINT('Ctrl Pts',(-10.,3.59055340879338,15.3936938654596));
#6316=CARTESIAN_POINT('Ctrl Pts',(-10.,3.6069201123276,15.3827515650209));
#6317=CARTESIAN_POINT('',(-9.7,3.49948482628253,15.4202685165818));
#6318=CARTESIAN_POINT('',(-10.,3.49948482628253,15.4202685165818));
#6319=CARTESIAN_POINT('Ctrl Pts',(-9.7,3.49948482628253,15.4202685165818));
#6320=CARTESIAN_POINT('Ctrl Pts',(-9.7,3.51891977125759,15.4186761293945));
#6321=CARTESIAN_POINT('Ctrl Pts',(-9.7,3.55797273212887,15.4154763552453));
#6322=CARTESIAN_POINT('Ctrl Pts',(-9.7,3.59055340879338,15.3936938654596));
#6323=CARTESIAN_POINT('Ctrl Pts',(-9.7,3.6069201123276,15.3827515650209));
#6324=CARTESIAN_POINT('Ctrl Pts',(-10.,3.33577411289599,15.3298867154535));
#6325=CARTESIAN_POINT('Ctrl Pts',(-9.7,3.33577411289599,15.3298867154535));
#6326=CARTESIAN_POINT('Ctrl Pts',(-10.,3.35907299519195,15.3562215923129));
#6327=CARTESIAN_POINT('Ctrl Pts',(-9.7,3.35907299519195,15.3562215923129));
#6328=CARTESIAN_POINT('Ctrl Pts',(-10.,3.40313611884932,15.4060264250433));
#6329=CARTESIAN_POINT('Ctrl Pts',(-9.7,3.40313611884932,15.4060264250433));
#6330=CARTESIAN_POINT('Ctrl Pts',(-10.,3.46862428127312,15.4157067666771));
#6331=CARTESIAN_POINT('Ctrl Pts',(-9.7,3.46862428127312,15.4157067666771));
#6332=CARTESIAN_POINT('Ctrl Pts',(-10.,3.49948482628253,15.4202685165818));
#6333=CARTESIAN_POINT('Ctrl Pts',(-9.7,3.49948482628253,15.4202685165818));
#6334=CARTESIAN_POINT('',(-10.,3.33577411289599,15.3298867154535));
#6335=CARTESIAN_POINT('Ctrl Pts',(-10.,3.33577411289599,15.3298867154535));
#6336=CARTESIAN_POINT('Ctrl Pts',(-10.,3.35907299519195,15.3562215923129));
#6337=CARTESIAN_POINT('Ctrl Pts',(-10.,3.40313611884932,15.4060264250433));
#6338=CARTESIAN_POINT('Ctrl Pts',(-10.,3.46862428127312,15.4157067666771));
#6339=CARTESIAN_POINT('Ctrl Pts',(-10.,3.49948482628253,15.4202685165818));
#6340=CARTESIAN_POINT('',(-9.7,3.33577411289599,15.3298867154535));
#6341=CARTESIAN_POINT('',(-10.,3.33577411289599,15.3298867154535));
#6342=CARTESIAN_POINT('Ctrl Pts',(-9.7,3.33577411289599,15.3298867154535));
#6343=CARTESIAN_POINT('Ctrl Pts',(-9.7,3.35907299519195,15.3562215923129));
#6344=CARTESIAN_POINT('Ctrl Pts',(-9.7,3.40313611884932,15.4060264250433));
#6345=CARTESIAN_POINT('Ctrl Pts',(-9.7,3.46862428127312,15.4157067666771));
#6346=CARTESIAN_POINT('Ctrl Pts',(-9.7,3.49948482628253,15.4202685165818));
#6347=CARTESIAN_POINT('Ctrl Pts',(-10.,3.26585592742351,15.028044920009));
#6348=CARTESIAN_POINT('Ctrl Pts',(-9.7,3.26585592742351,15.028044920009));
#6349=CARTESIAN_POINT('Ctrl Pts',(-10.,3.26635361673137,15.0898199091877));
#6350=CARTESIAN_POINT('Ctrl Pts',(-9.7,3.26635361673137,15.0898199091877));
#6351=CARTESIAN_POINT('Ctrl Pts',(-10.,3.26721098686752,15.1962397780627));
#6352=CARTESIAN_POINT('Ctrl Pts',(-9.7,3.26721098686752,15.1962397780627));
#6353=CARTESIAN_POINT('Ctrl Pts',(-10.,3.31551132795055,15.2903894038834));
#6354=CARTESIAN_POINT('Ctrl Pts',(-9.7,3.31551132795055,15.2903894038834));
#6355=CARTESIAN_POINT('Ctrl Pts',(-10.,3.33577411289599,15.3298867154535));
#6356=CARTESIAN_POINT('Ctrl Pts',(-9.7,3.33577411289599,15.3298867154535));
#6357=CARTESIAN_POINT('',(-10.,3.26585592742351,15.028044920009));
#6358=CARTESIAN_POINT('Ctrl Pts',(-10.,3.26585592742351,15.028044920009));
#6359=CARTESIAN_POINT('Ctrl Pts',(-10.,3.26635361673137,15.0898199091877));
#6360=CARTESIAN_POINT('Ctrl Pts',(-10.,3.26721098686752,15.1962397780627));
#6361=CARTESIAN_POINT('Ctrl Pts',(-10.,3.31551132795055,15.2903894038834));
#6362=CARTESIAN_POINT('Ctrl Pts',(-10.,3.33577411289599,15.3298867154535));
#6363=CARTESIAN_POINT('',(-9.7,3.26585592742351,15.028044920009));
#6364=CARTESIAN_POINT('',(-10.,3.26585592742351,15.028044920009));
#6365=CARTESIAN_POINT('Ctrl Pts',(-9.7,3.26585592742351,15.028044920009));
#6366=CARTESIAN_POINT('Ctrl Pts',(-9.7,3.26635361673137,15.0898199091877));
#6367=CARTESIAN_POINT('Ctrl Pts',(-9.7,3.26721098686752,15.1962397780627));
#6368=CARTESIAN_POINT('Ctrl Pts',(-9.7,3.31551132795055,15.2903894038834));
#6369=CARTESIAN_POINT('Ctrl Pts',(-9.7,3.33577411289599,15.3298867154535));
#6370=CARTESIAN_POINT('Ctrl Pts',(-10.,3.34430070634273,14.7509304094728));
#6371=CARTESIAN_POINT('Ctrl Pts',(-9.7,3.34430070634273,14.7509304094728));
#6372=CARTESIAN_POINT('Ctrl Pts',(-10.,3.32147531394625,14.7893992648431));
#6373=CARTESIAN_POINT('Ctrl Pts',(-9.7,3.32147531394625,14.7893992648431));
#6374=CARTESIAN_POINT('Ctrl Pts',(-10.,3.27100725909584,14.8744557786213));
#6375=CARTESIAN_POINT('Ctrl Pts',(-9.7,3.27100725909584,14.8744557786213));
#6376=CARTESIAN_POINT('Ctrl Pts',(-10.,3.26767893619261,14.9736911393949));
#6377=CARTESIAN_POINT('Ctrl Pts',(-9.7,3.26767893619261,14.9736911393949));
#6378=CARTESIAN_POINT('Ctrl Pts',(-10.,3.26585592742351,15.028044920009));
#6379=CARTESIAN_POINT('Ctrl Pts',(-9.7,3.26585592742351,15.028044920009));
#6380=CARTESIAN_POINT('',(-10.,3.34430070634273,14.7509304094728));
#6381=CARTESIAN_POINT('Ctrl Pts',(-10.,3.34430070634273,14.7509304094728));
#6382=CARTESIAN_POINT('Ctrl Pts',(-10.,3.32147531394625,14.7893992648431));
#6383=CARTESIAN_POINT('Ctrl Pts',(-10.,3.27100725909584,14.8744557786213));
#6384=CARTESIAN_POINT('Ctrl Pts',(-10.,3.26767893619261,14.9736911393949));
#6385=CARTESIAN_POINT('Ctrl Pts',(-10.,3.26585592742351,15.028044920009));
#6386=CARTESIAN_POINT('',(-9.7,3.34430070634273,14.7509304094728));
#6387=CARTESIAN_POINT('',(-10.,3.34430070634273,14.7509304094728));
#6388=CARTESIAN_POINT('Ctrl Pts',(-9.7,3.34430070634273,14.7509304094728));
#6389=CARTESIAN_POINT('Ctrl Pts',(-9.7,3.32147531394625,14.7893992648431));
#6390=CARTESIAN_POINT('Ctrl Pts',(-9.7,3.27100725909584,14.8744557786213));
#6391=CARTESIAN_POINT('Ctrl Pts',(-9.7,3.26767893619261,14.9736911393949));
#6392=CARTESIAN_POINT('Ctrl Pts',(-9.7,3.26585592742351,15.028044920009));
#6393=CARTESIAN_POINT('Ctrl Pts',(-10.,3.56258170719531,14.6324104476388));
#6394=CARTESIAN_POINT('Ctrl Pts',(-9.7,3.56258170719531,14.6324104476388));
#6395=CARTESIAN_POINT('Ctrl Pts',(-10.,3.5189913723333,14.6418993155459));
#6396=CARTESIAN_POINT('Ctrl Pts',(-9.7,3.5189913723333,14.6418993155459));
#6397=CARTESIAN_POINT('Ctrl Pts',(-10.,3.43458014393888,14.660274191505));
#6398=CARTESIAN_POINT('Ctrl Pts',(-9.7,3.43458014393888,14.660274191505));
#6399=CARTESIAN_POINT('Ctrl Pts',(-10.,3.37372835839857,14.7213799413918));
#6400=CARTESIAN_POINT('Ctrl Pts',(-9.7,3.37372835839857,14.7213799413918));
#6401=CARTESIAN_POINT('Ctrl Pts',(-10.,3.34430070634273,14.7509304094728));
#6402=CARTESIAN_POINT('Ctrl Pts',(-9.7,3.34430070634273,14.7509304094728));
#6403=CARTESIAN_POINT('',(-10.,3.56258170719531,14.6324104476388));
#6404=CARTESIAN_POINT('Ctrl Pts',(-10.,3.56258170719531,14.6324104476388));
#6405=CARTESIAN_POINT('Ctrl Pts',(-10.,3.5189913723333,14.6418993155459));
#6406=CARTESIAN_POINT('Ctrl Pts',(-10.,3.43458014393888,14.660274191505));
#6407=CARTESIAN_POINT('Ctrl Pts',(-10.,3.37372835839857,14.7213799413918));
#6408=CARTESIAN_POINT('Ctrl Pts',(-10.,3.34430070634273,14.7509304094728));
#6409=CARTESIAN_POINT('',(-9.7,3.56258170719531,14.6324104476388));
#6410=CARTESIAN_POINT('',(-10.,3.56258170719531,14.6324104476388));
#6411=CARTESIAN_POINT('Ctrl Pts',(-9.7,3.56258170719531,14.6324104476388));
#6412=CARTESIAN_POINT('Ctrl Pts',(-9.7,3.5189913723333,14.6418993155459));
#6413=CARTESIAN_POINT('Ctrl Pts',(-9.7,3.43458014393888,14.660274191505));
#6414=CARTESIAN_POINT('Ctrl Pts',(-9.7,3.37372835839857,14.7213799413918));
#6415=CARTESIAN_POINT('Ctrl Pts',(-9.7,3.34430070634273,14.7509304094728));
#6416=CARTESIAN_POINT('Origin',(-10.,3.52165402884868,14.3322739410814));
#6417=CARTESIAN_POINT('',(-10.,3.52165402884868,14.3322739410814));
#6418=CARTESIAN_POINT('',(-10.,2.53014863142729,7.06122954675889));
#6419=CARTESIAN_POINT('',(-9.7,3.52165402884868,14.3322739410814));
#6420=CARTESIAN_POINT('',(-10.,3.52165402884868,14.3322739410814));
#6421=CARTESIAN_POINT('',(-9.7,3.52165402884868,14.3322739410814));
#6422=CARTESIAN_POINT('Ctrl Pts',(-10.,3.24112879152682,14.4380039382394));
#6423=CARTESIAN_POINT('Ctrl Pts',(-9.7,3.24112879152682,14.4380039382394));
#6424=CARTESIAN_POINT('Ctrl Pts',(-10.,3.28109395546321,14.4141042326338));
#6425=CARTESIAN_POINT('Ctrl Pts',(-9.7,3.28109395546321,14.4141042326338));
#6426=CARTESIAN_POINT('Ctrl Pts',(-10.,3.3680937894751,14.3620771616596));
#6427=CARTESIAN_POINT('Ctrl Pts',(-9.7,3.3680937894751,14.3620771616596));
#6428=CARTESIAN_POINT('Ctrl Pts',(-10.,3.46776749235699,14.3427323275739));
#6429=CARTESIAN_POINT('Ctrl Pts',(-9.7,3.46776749235699,14.3427323275739));
#6430=CARTESIAN_POINT('Ctrl Pts',(-10.,3.52165402884868,14.3322739410814));
#6431=CARTESIAN_POINT('Ctrl Pts',(-9.7,3.52165402884868,14.3322739410814));
#6432=CARTESIAN_POINT('',(-10.,3.24112879152682,14.4380039382394));
#6433=CARTESIAN_POINT('Ctrl Pts',(-10.,3.24112879152682,14.4380039382394));
#6434=CARTESIAN_POINT('Ctrl Pts',(-10.,3.28109395546321,14.4141042326338));
#6435=CARTESIAN_POINT('Ctrl Pts',(-10.,3.3680937894751,14.3620771616596));
#6436=CARTESIAN_POINT('Ctrl Pts',(-10.,3.46776749235699,14.3427323275739));
#6437=CARTESIAN_POINT('Ctrl Pts',(-10.,3.52165402884868,14.3322739410814));
#6438=CARTESIAN_POINT('',(-9.7,3.24112879152682,14.4380039382394));
#6439=CARTESIAN_POINT('',(-10.,3.24112879152682,14.4380039382394));
#6440=CARTESIAN_POINT('Ctrl Pts',(-9.7,3.24112879152682,14.4380039382394));
#6441=CARTESIAN_POINT('Ctrl Pts',(-9.7,3.28109395546321,14.4141042326338));
#6442=CARTESIAN_POINT('Ctrl Pts',(-9.7,3.3680937894751,14.3620771616596));
#6443=CARTESIAN_POINT('Ctrl Pts',(-9.7,3.46776749235699,14.3427323275739));
#6444=CARTESIAN_POINT('Ctrl Pts',(-9.7,3.52165402884868,14.3322739410814));
#6445=CARTESIAN_POINT('Ctrl Pts',(-10.,3.07485999579814,14.6758962083276));
#6446=CARTESIAN_POINT('Ctrl Pts',(-9.7,3.07485999579814,14.6758962083276));
#6447=CARTESIAN_POINT('Ctrl Pts',(-10.,3.09564098673193,14.6268480070362));
#6448=CARTESIAN_POINT('Ctrl Pts',(-9.7,3.09564098673193,14.6268480070362));
#6449=CARTESIAN_POINT('Ctrl Pts',(-10.,3.13431392598017,14.5355704488667));
#6450=CARTESIAN_POINT('Ctrl Pts',(-9.7,3.13431392598017,14.5355704488667));
#6451=CARTESIAN_POINT('Ctrl Pts',(-10.,3.20734235375733,14.4688650437871));
#6452=CARTESIAN_POINT('Ctrl Pts',(-9.7,3.20734235375733,14.4688650437871));
#6453=CARTESIAN_POINT('Ctrl Pts',(-10.,3.24112879152682,14.4380039382394));
#6454=CARTESIAN_POINT('Ctrl Pts',(-9.7,3.24112879152682,14.4380039382394));
#6455=CARTESIAN_POINT('',(-10.,3.07485999579814,14.6758962083276));
#6456=CARTESIAN_POINT('Ctrl Pts',(-10.,3.07485999579814,14.6758962083276));
#6457=CARTESIAN_POINT('Ctrl Pts',(-10.,3.09564098673193,14.6268480070362));
#6458=CARTESIAN_POINT('Ctrl Pts',(-10.,3.13431392598017,14.5355704488667));
#6459=CARTESIAN_POINT('Ctrl Pts',(-10.,3.20734235375733,14.4688650437871));
#6460=CARTESIAN_POINT('Ctrl Pts',(-10.,3.24112879152682,14.4380039382394));
#6461=CARTESIAN_POINT('',(-9.7,3.07485999579814,14.6758962083276));
#6462=CARTESIAN_POINT('',(-10.,3.07485999579814,14.6758962083276));
#6463=CARTESIAN_POINT('Ctrl Pts',(-9.7,3.07485999579814,14.6758962083276));
#6464=CARTESIAN_POINT('Ctrl Pts',(-9.7,3.09564098673193,14.6268480070362));
#6465=CARTESIAN_POINT('Ctrl Pts',(-9.7,3.13431392598017,14.5355704488667));
#6466=CARTESIAN_POINT('Ctrl Pts',(-9.7,3.20734235375733,14.4688650437871));
#6467=CARTESIAN_POINT('Ctrl Pts',(-9.7,3.24112879152682,14.4380039382394));
#6468=CARTESIAN_POINT('Ctrl Pts',(-10.,3.01346855278399,15.0502139735635));
#6469=CARTESIAN_POINT('Ctrl Pts',(-9.7,3.01346855278399,15.0502139735635));
#6470=CARTESIAN_POINT('Ctrl Pts',(-10.,3.01542531647304,14.9829591736588));
#6471=CARTESIAN_POINT('Ctrl Pts',(-9.7,3.01542531647304,14.9829591736588));
#6472=CARTESIAN_POINT('Ctrl Pts',(-10.,3.01913795335205,14.8553542657105));
#6473=CARTESIAN_POINT('Ctrl Pts',(-9.7,3.01913795335205,14.8553542657105));
#6474=CARTESIAN_POINT('Ctrl Pts',(-10.,3.0569683143004,14.7335180445696));
#6475=CARTESIAN_POINT('Ctrl Pts',(-9.7,3.0569683143004,14.7335180445696));
#6476=CARTESIAN_POINT('Ctrl Pts',(-10.,3.07485999579814,14.6758962083276));
#6477=CARTESIAN_POINT('Ctrl Pts',(-9.7,3.07485999579814,14.6758962083276));
#6478=CARTESIAN_POINT('',(-10.,3.01346855278399,15.0502139735635));
#6479=CARTESIAN_POINT('Ctrl Pts',(-10.,3.01346855278399,15.0502139735635));
#6480=CARTESIAN_POINT('Ctrl Pts',(-10.,3.01542531647304,14.9829591736588));
#6481=CARTESIAN_POINT('Ctrl Pts',(-10.,3.01913795335205,14.8553542657105));
#6482=CARTESIAN_POINT('Ctrl Pts',(-10.,3.0569683143004,14.7335180445696));
#6483=CARTESIAN_POINT('Ctrl Pts',(-10.,3.07485999579814,14.6758962083276));
#6484=CARTESIAN_POINT('',(-9.7,3.01346855278399,15.0502139735635));
#6485=CARTESIAN_POINT('',(-10.,3.01346855278399,15.0502139735635));
#6486=CARTESIAN_POINT('Ctrl Pts',(-9.7,3.01346855278399,15.0502139735635));
#6487=CARTESIAN_POINT('Ctrl Pts',(-9.7,3.01542531647304,14.9829591736588));
#6488=CARTESIAN_POINT('Ctrl Pts',(-9.7,3.01913795335205,14.8553542657105));
#6489=CARTESIAN_POINT('Ctrl Pts',(-9.7,3.0569683143004,14.7335180445696));
#6490=CARTESIAN_POINT('Ctrl Pts',(-9.7,3.07485999579814,14.6758962083276));
#6491=CARTESIAN_POINT('Ctrl Pts',(-10.,3.05013285990146,15.3153914618905));
#6492=CARTESIAN_POINT('Ctrl Pts',(-9.7,3.05013285990146,15.3153914618905));
#6493=CARTESIAN_POINT('Ctrl Pts',(-10.,3.03944080624627,15.2729009694309));
#6494=CARTESIAN_POINT('Ctrl Pts',(-9.7,3.03944080624627,15.2729009694309));
#6495=CARTESIAN_POINT('Ctrl Pts',(-10.,3.01753928394093,15.1858637641959));
#6496=CARTESIAN_POINT('Ctrl Pts',(-9.7,3.01753928394093,15.1858637641959));
#6497=CARTESIAN_POINT('Ctrl Pts',(-10.,3.01484666717955,15.0961371559152));
#6498=CARTESIAN_POINT('Ctrl Pts',(-9.7,3.01484666717955,15.0961371559152));
#6499=CARTESIAN_POINT('Ctrl Pts',(-10.,3.01346855278399,15.0502139735635));
#6500=CARTESIAN_POINT('Ctrl Pts',(-9.7,3.01346855278399,15.0502139735635));
#6501=CARTESIAN_POINT('',(-10.,3.05013285990146,15.3153914618905));
#6502=CARTESIAN_POINT('Ctrl Pts',(-10.,3.05013285990146,15.3153914618905));
#6503=CARTESIAN_POINT('Ctrl Pts',(-10.,3.03944080624627,15.2729009694309));
#6504=CARTESIAN_POINT('Ctrl Pts',(-10.,3.01753928394093,15.1858637641959));
#6505=CARTESIAN_POINT('Ctrl Pts',(-10.,3.01484666717955,15.0961371559152));
#6506=CARTESIAN_POINT('Ctrl Pts',(-10.,3.01346855278399,15.0502139735635));
#6507=CARTESIAN_POINT('',(-9.7,3.05013285990146,15.3153914618905));
#6508=CARTESIAN_POINT('',(-10.,3.05013285990146,15.3153914618905));
#6509=CARTESIAN_POINT('Ctrl Pts',(-9.7,3.05013285990146,15.3153914618905));
#6510=CARTESIAN_POINT('Ctrl Pts',(-9.7,3.03944080624627,15.2729009694309));
#6511=CARTESIAN_POINT('Ctrl Pts',(-9.7,3.01753928394093,15.1858637641959));
#6512=CARTESIAN_POINT('Ctrl Pts',(-9.7,3.01484666717955,15.0961371559152));
#6513=CARTESIAN_POINT('Ctrl Pts',(-9.7,3.01346855278399,15.0502139735635));
#6514=CARTESIAN_POINT('Ctrl Pts',(-10.,3.13966216559794,15.5106506157335));
#6515=CARTESIAN_POINT('Ctrl Pts',(-9.7,3.13966216559794,15.5106506157335));
#6516=CARTESIAN_POINT('Ctrl Pts',(-10.,3.12225211944419,15.4829749045987));
#6517=CARTESIAN_POINT('Ctrl Pts',(-9.7,3.12225211944419,15.4829749045987));
#6518=CARTESIAN_POINT('Ctrl Pts',(-10.,3.08383389553505,15.4219037473008));
#6519=CARTESIAN_POINT('Ctrl Pts',(-9.7,3.08383389553505,15.4219037473008));
#6520=CARTESIAN_POINT('Ctrl Pts',(-10.,3.06204671178042,15.3530452481262));
#6521=CARTESIAN_POINT('Ctrl Pts',(-9.7,3.06204671178042,15.3530452481262));
#6522=CARTESIAN_POINT('Ctrl Pts',(-10.,3.05013285990146,15.3153914618905));
#6523=CARTESIAN_POINT('Ctrl Pts',(-9.7,3.05013285990146,15.3153914618905));
#6524=CARTESIAN_POINT('',(-10.,3.13966216559794,15.5106506157335));
#6525=CARTESIAN_POINT('Ctrl Pts',(-10.,3.13966216559794,15.5106506157335));
#6526=CARTESIAN_POINT('Ctrl Pts',(-10.,3.12225211944419,15.4829749045987));
#6527=CARTESIAN_POINT('Ctrl Pts',(-10.,3.08383389553505,15.4219037473008));
#6528=CARTESIAN_POINT('Ctrl Pts',(-10.,3.06204671178042,15.3530452481262));
#6529=CARTESIAN_POINT('Ctrl Pts',(-10.,3.05013285990146,15.3153914618905));
#6530=CARTESIAN_POINT('',(-9.7,3.13966216559794,15.5106506157335));
#6531=CARTESIAN_POINT('',(-10.,3.13966216559794,15.5106506157335));
#6532=CARTESIAN_POINT('Ctrl Pts',(-9.7,3.13966216559794,15.5106506157335));
#6533=CARTESIAN_POINT('Ctrl Pts',(-9.7,3.12225211944419,15.4829749045987));
#6534=CARTESIAN_POINT('Ctrl Pts',(-9.7,3.08383389553505,15.4219037473008));
#6535=CARTESIAN_POINT('Ctrl Pts',(-9.7,3.06204671178042,15.3530452481262));
#6536=CARTESIAN_POINT('Ctrl Pts',(-9.7,3.05013285990146,15.3153914618905));
#6537=CARTESIAN_POINT('Ctrl Pts',(-10.,3.31104697699931,15.6615713644441));
#6538=CARTESIAN_POINT('Ctrl Pts',(-9.7,3.31104697699931,15.6615713644441));
#6539=CARTESIAN_POINT('Ctrl Pts',(-10.,3.27810684861997,15.6414187175157));
#6540=CARTESIAN_POINT('Ctrl Pts',(-9.7,3.27810684861997,15.6414187175157));
#6541=CARTESIAN_POINT('Ctrl Pts',(-10.,3.21219130583954,15.6010918358034));
#6542=CARTESIAN_POINT('Ctrl Pts',(-9.7,3.21219130583954,15.6010918358034));
#6543=CARTESIAN_POINT('Ctrl Pts',(-10.,3.16384717223339,15.5408084460927));
#6544=CARTESIAN_POINT('Ctrl Pts',(-9.7,3.16384717223339,15.5408084460927));
#6545=CARTESIAN_POINT('Ctrl Pts',(-10.,3.13966216559794,15.5106506157335));
#6546=CARTESIAN_POINT('Ctrl Pts',(-9.7,3.13966216559794,15.5106506157335));
#6547=CARTESIAN_POINT('',(-10.,3.31104697699931,15.6615713644441));
#6548=CARTESIAN_POINT('Ctrl Pts',(-10.,3.31104697699931,15.6615713644441));
#6549=CARTESIAN_POINT('Ctrl Pts',(-10.,3.27810684861997,15.6414187175157));
#6550=CARTESIAN_POINT('Ctrl Pts',(-10.,3.21219130583954,15.6010918358034));
#6551=CARTESIAN_POINT('Ctrl Pts',(-10.,3.16384717223339,15.5408084460927));
#6552=CARTESIAN_POINT('Ctrl Pts',(-10.,3.13966216559794,15.5106506157335));
#6553=CARTESIAN_POINT('',(-9.7,3.31104697699931,15.6615713644441));
#6554=CARTESIAN_POINT('',(-10.,3.31104697699931,15.6615713644441));
#6555=CARTESIAN_POINT('Ctrl Pts',(-9.7,3.31104697699931,15.6615713644441));
#6556=CARTESIAN_POINT('Ctrl Pts',(-9.7,3.27810684861997,15.6414187175157));
#6557=CARTESIAN_POINT('Ctrl Pts',(-9.7,3.21219130583954,15.6010918358034));
#6558=CARTESIAN_POINT('Ctrl Pts',(-9.7,3.16384717223339,15.5408084460927));
#6559=CARTESIAN_POINT('Ctrl Pts',(-9.7,3.13966216559794,15.5106506157335));
#6560=CARTESIAN_POINT('Ctrl Pts',(-10.,3.53529663796809,15.7169944453653));
#6561=CARTESIAN_POINT('Ctrl Pts',(-9.7,3.53529663796809,15.7169944453653));
#6562=CARTESIAN_POINT('Ctrl Pts',(-10.,3.49583588675153,15.7147666528834));
#6563=CARTESIAN_POINT('Ctrl Pts',(-9.7,3.49583588675153,15.7147666528834));
#6564=CARTESIAN_POINT('Ctrl Pts',(-10.,3.41759543660114,15.7103495173436));
#6565=CARTESIAN_POINT('Ctrl Pts',(-9.7,3.41759543660114,15.7103495173436));
#6566=CARTESIAN_POINT('Ctrl Pts',(-10.,3.34635642770124,15.6777361198199));
#6567=CARTESIAN_POINT('Ctrl Pts',(-9.7,3.34635642770124,15.6777361198199));
#6568=CARTESIAN_POINT('Ctrl Pts',(-10.,3.31104697699931,15.6615713644441));
#6569=CARTESIAN_POINT('Ctrl Pts',(-9.7,3.31104697699931,15.6615713644441));
#6570=CARTESIAN_POINT('',(-10.,3.53529663796809,15.7169944453653));
#6571=CARTESIAN_POINT('Ctrl Pts',(-10.,3.53529663796809,15.7169944453653));
#6572=CARTESIAN_POINT('Ctrl Pts',(-10.,3.49583588675153,15.7147666528834));
#6573=CARTESIAN_POINT('Ctrl Pts',(-10.,3.41759543660114,15.7103495173436));
#6574=CARTESIAN_POINT('Ctrl Pts',(-10.,3.34635642770124,15.6777361198199));
#6575=CARTESIAN_POINT('Ctrl Pts',(-10.,3.31104697699931,15.6615713644441));
#6576=CARTESIAN_POINT('',(-9.7,3.53529663796809,15.7169944453653));
#6577=CARTESIAN_POINT('',(-10.,3.53529663796809,15.7169944453653));
#6578=CARTESIAN_POINT('Ctrl Pts',(-9.7,3.53529663796809,15.7169944453653));
#6579=CARTESIAN_POINT('Ctrl Pts',(-9.7,3.49583588675153,15.7147666528834));
#6580=CARTESIAN_POINT('Ctrl Pts',(-9.7,3.41759543660114,15.7103495173436));
#6581=CARTESIAN_POINT('Ctrl Pts',(-9.7,3.34635642770124,15.6777361198199));
#6582=CARTESIAN_POINT('Ctrl Pts',(-9.7,3.31104697699931,15.6615713644441));
#6583=CARTESIAN_POINT('Ctrl Pts',(-10.,3.77830477471736,15.6496343422349));
#6584=CARTESIAN_POINT('Ctrl Pts',(-9.7,3.77830477471736,15.6496343422349));
#6585=CARTESIAN_POINT('Ctrl Pts',(-10.,3.7405032479602,15.6692806320947));
#6586=CARTESIAN_POINT('Ctrl Pts',(-9.7,3.7405032479602,15.6692806320947));
#6587=CARTESIAN_POINT('Ctrl Pts',(-10.,3.66427896963159,15.7088960760957));
#6588=CARTESIAN_POINT('Ctrl Pts',(-9.7,3.66427896963159,15.7088960760957));
#6589=CARTESIAN_POINT('Ctrl Pts',(-10.,3.57852371581679,15.7142803617047));
#6590=CARTESIAN_POINT('Ctrl Pts',(-9.7,3.57852371581679,15.7142803617047));
#6591=CARTESIAN_POINT('Ctrl Pts',(-10.,3.53529663796809,15.7169944453653));
#6592=CARTESIAN_POINT('Ctrl Pts',(-9.7,3.53529663796809,15.7169944453653));
#6593=CARTESIAN_POINT('',(-10.,3.77830477471736,15.6496343422349));
#6594=CARTESIAN_POINT('Ctrl Pts',(-10.,3.77830477471736,15.6496343422349));
#6595=CARTESIAN_POINT('Ctrl Pts',(-10.,3.7405032479602,15.6692806320947));
#6596=CARTESIAN_POINT('Ctrl Pts',(-10.,3.66427896963159,15.7088960760957));
#6597=CARTESIAN_POINT('Ctrl Pts',(-10.,3.57852371581679,15.7142803617047));
#6598=CARTESIAN_POINT('Ctrl Pts',(-10.,3.53529663796809,15.7169944453653));
#6599=CARTESIAN_POINT('',(-9.7,3.77830477471736,15.6496343422349));
#6600=CARTESIAN_POINT('',(-10.,3.77830477471736,15.6496343422349));
#6601=CARTESIAN_POINT('Ctrl Pts',(-9.7,3.77830477471736,15.6496343422349));
#6602=CARTESIAN_POINT('Ctrl Pts',(-9.7,3.7405032479602,15.6692806320947));
#6603=CARTESIAN_POINT('Ctrl Pts',(-9.7,3.66427896963159,15.7088960760957));
#6604=CARTESIAN_POINT('Ctrl Pts',(-9.7,3.57852371581679,15.7142803617047));
#6605=CARTESIAN_POINT('Ctrl Pts',(-9.7,3.53529663796809,15.7169944453653));
#6606=CARTESIAN_POINT('Ctrl Pts',(-10.,3.95054223056224,15.4518169570382));
#6607=CARTESIAN_POINT('Ctrl Pts',(-9.7,3.95054223056224,15.4518169570382));
#6608=CARTESIAN_POINT('Ctrl Pts',(-10.,3.92839064437337,15.4923073380167));
#6609=CARTESIAN_POINT('Ctrl Pts',(-9.7,3.92839064437337,15.4923073380167));
#6610=CARTESIAN_POINT('Ctrl Pts',(-10.,3.88538952931743,15.5709080989855));
#6611=CARTESIAN_POINT('Ctrl Pts',(-9.7,3.88538952931743,15.5709080989855));
#6612=CARTESIAN_POINT('Ctrl Pts',(-10.,3.81327179376495,15.6239273958304));
#6613=CARTESIAN_POINT('Ctrl Pts',(-9.7,3.81327179376495,15.6239273958304));
#6614=CARTESIAN_POINT('Ctrl Pts',(-10.,3.77830477471736,15.6496343422349));
#6615=CARTESIAN_POINT('Ctrl Pts',(-9.7,3.77830477471736,15.6496343422349));
#6616=CARTESIAN_POINT('',(-10.,3.95054223056224,15.4518169570382));
#6617=CARTESIAN_POINT('Ctrl Pts',(-10.,3.95054223056224,15.4518169570382));
#6618=CARTESIAN_POINT('Ctrl Pts',(-10.,3.92839064437337,15.4923073380167));
#6619=CARTESIAN_POINT('Ctrl Pts',(-10.,3.88538952931743,15.5709080989855));
#6620=CARTESIAN_POINT('Ctrl Pts',(-10.,3.81327179376495,15.6239273958304));
#6621=CARTESIAN_POINT('Ctrl Pts',(-10.,3.77830477471736,15.6496343422349));
#6622=CARTESIAN_POINT('',(-9.7,3.95054223056224,15.4518169570382));
#6623=CARTESIAN_POINT('',(-10.,3.95054223056224,15.4518169570382));
#6624=CARTESIAN_POINT('Ctrl Pts',(-9.7,3.95054223056224,15.4518169570382));
#6625=CARTESIAN_POINT('Ctrl Pts',(-9.7,3.92839064437337,15.4923073380167));
#6626=CARTESIAN_POINT('Ctrl Pts',(-9.7,3.88538952931743,15.5709080989855));
#6627=CARTESIAN_POINT('Ctrl Pts',(-9.7,3.81327179376495,15.6239273958304));
#6628=CARTESIAN_POINT('Ctrl Pts',(-9.7,3.77830477471736,15.6496343422349));
#6629=CARTESIAN_POINT('Ctrl Pts',(-10.,4.09805240149882,14.9837065148767));
#6630=CARTESIAN_POINT('Ctrl Pts',(-9.7,4.09805240149882,14.9837065148767));
#6631=CARTESIAN_POINT('Ctrl Pts',(-10.,4.0739857110406,15.0797831678939));
#6632=CARTESIAN_POINT('Ctrl Pts',(-9.7,4.0739857110406,15.0797831678939));
#6633=CARTESIAN_POINT('Ctrl Pts',(-10.,4.03414028138342,15.2388501374943));
#6634=CARTESIAN_POINT('Ctrl Pts',(-9.7,4.03414028138342,15.2388501374943));
#6635=CARTESIAN_POINT('Ctrl Pts',(-10.,3.97425623597705,15.3914053055436));
#6636=CARTESIAN_POINT('Ctrl Pts',(-9.7,3.97425623597705,15.3914053055436));
#6637=CARTESIAN_POINT('Ctrl Pts',(-10.,3.95054223056224,15.4518169570382));
#6638=CARTESIAN_POINT('Ctrl Pts',(-9.7,3.95054223056224,15.4518169570382));
#6639=CARTESIAN_POINT('',(-10.,4.09805240149882,14.9837065148767));
#6640=CARTESIAN_POINT('Ctrl Pts',(-10.,4.09805240149882,14.9837065148767));
#6641=CARTESIAN_POINT('Ctrl Pts',(-10.,4.0739857110406,15.0797831678939));
#6642=CARTESIAN_POINT('Ctrl Pts',(-10.,4.03414028138342,15.2388501374943));
#6643=CARTESIAN_POINT('Ctrl Pts',(-10.,3.97425623597705,15.3914053055436));
#6644=CARTESIAN_POINT('Ctrl Pts',(-10.,3.95054223056224,15.4518169570382));
#6645=CARTESIAN_POINT('',(-9.7,4.09805240149882,14.9837065148767));
#6646=CARTESIAN_POINT('',(-10.,4.09805240149882,14.9837065148767));
#6647=CARTESIAN_POINT('Ctrl Pts',(-9.7,4.09805240149882,14.9837065148767));
#6648=CARTESIAN_POINT('Ctrl Pts',(-9.7,4.0739857110406,15.0797831678939));
#6649=CARTESIAN_POINT('Ctrl Pts',(-9.7,4.03414028138342,15.2388501374943));
#6650=CARTESIAN_POINT('Ctrl Pts',(-9.7,3.97425623597705,15.3914053055436));
#6651=CARTESIAN_POINT('Ctrl Pts',(-9.7,3.95054223056224,15.4518169570382));
#6652=CARTESIAN_POINT('Ctrl Pts',(-10.,4.20207696075824,14.669927697223));
#6653=CARTESIAN_POINT('Ctrl Pts',(-9.7,4.20207696075824,14.669927697223));
#6654=CARTESIAN_POINT('Ctrl Pts',(-10.,4.18574467964494,14.7062965302635));
#6655=CARTESIAN_POINT('Ctrl Pts',(-9.7,4.18574467964494,14.7062965302635));
#6656=CARTESIAN_POINT('Ctrl Pts',(-10.,4.14044856156406,14.8071622295762));
#6657=CARTESIAN_POINT('Ctrl Pts',(-9.7,4.14044856156406,14.8071622295762));
#6658=CARTESIAN_POINT('Ctrl Pts',(-10.,4.11458830523563,14.9148484083283));
#6659=CARTESIAN_POINT('Ctrl Pts',(-9.7,4.11458830523563,14.9148484083283));
#6660=CARTESIAN_POINT('Ctrl Pts',(-10.,4.09805240149882,14.9837065148767));
#6661=CARTESIAN_POINT('Ctrl Pts',(-9.7,4.09805240149882,14.9837065148767));
#6662=CARTESIAN_POINT('',(-10.,4.20207696075824,14.669927697223));
#6663=CARTESIAN_POINT('Ctrl Pts',(-10.,4.20207696075824,14.669927697223));
#6664=CARTESIAN_POINT('Ctrl Pts',(-10.,4.18574467964494,14.7062965302635));
#6665=CARTESIAN_POINT('Ctrl Pts',(-10.,4.14044856156406,14.8071622295762));
#6666=CARTESIAN_POINT('Ctrl Pts',(-10.,4.11458830523563,14.9148484083283));
#6667=CARTESIAN_POINT('Ctrl Pts',(-10.,4.09805240149882,14.9837065148767));
#6668=CARTESIAN_POINT('',(-9.7,4.20207696075824,14.669927697223));
#6669=CARTESIAN_POINT('',(-10.,4.20207696075824,14.669927697223));
#6670=CARTESIAN_POINT('Ctrl Pts',(-9.7,4.20207696075824,14.669927697223));
#6671=CARTESIAN_POINT('Ctrl Pts',(-9.7,4.18574467964494,14.7062965302635));
#6672=CARTESIAN_POINT('Ctrl Pts',(-9.7,4.14044856156406,14.8071622295762));
#6673=CARTESIAN_POINT('Ctrl Pts',(-9.7,4.11458830523563,14.9148484083283));
#6674=CARTESIAN_POINT('Ctrl Pts',(-9.7,4.09805240149882,14.9837065148767));
#6675=CARTESIAN_POINT('Ctrl Pts',(-10.,4.36578782315638,14.5795455980714));
#6676=CARTESIAN_POINT('Ctrl Pts',(-9.7,4.36578782315638,14.5795455980714));
#6677=CARTESIAN_POINT('Ctrl Pts',(-10.,4.33284307553267,14.5834910602334));
#6678=CARTESIAN_POINT('Ctrl Pts',(-9.7,4.33284307553267,14.5834910602334));
#6679=CARTESIAN_POINT('Ctrl Pts',(-10.,4.26614404495969,14.5914789344881));
#6680=CARTESIAN_POINT('Ctrl Pts',(-9.7,4.26614404495969,14.5914789344881));
#6681=CARTESIAN_POINT('Ctrl Pts',(-10.,4.22360475722452,14.6435673747854));
#6682=CARTESIAN_POINT('Ctrl Pts',(-9.7,4.22360475722452,14.6435673747854));
#6683=CARTESIAN_POINT('Ctrl Pts',(-10.,4.20207696075824,14.669927697223));
#6684=CARTESIAN_POINT('Ctrl Pts',(-9.7,4.20207696075824,14.669927697223));
#6685=CARTESIAN_POINT('',(-10.,4.36578782315638,14.5795455980714));
#6686=CARTESIAN_POINT('Ctrl Pts',(-10.,4.36578782315638,14.5795455980714));
#6687=CARTESIAN_POINT('Ctrl Pts',(-10.,4.33284307553267,14.5834910602334));
#6688=CARTESIAN_POINT('Ctrl Pts',(-10.,4.26614404495969,14.5914789344881));
#6689=CARTESIAN_POINT('Ctrl Pts',(-10.,4.22360475722452,14.6435673747854));
#6690=CARTESIAN_POINT('Ctrl Pts',(-10.,4.20207696075824,14.669927697223));
#6691=CARTESIAN_POINT('',(-9.7,4.36578782315638,14.5795455980714));
#6692=CARTESIAN_POINT('',(-10.,4.36578782315638,14.5795455980714));
#6693=CARTESIAN_POINT('Ctrl Pts',(-9.7,4.36578782315638,14.5795455980714));
#6694=CARTESIAN_POINT('Ctrl Pts',(-9.7,4.33284307553267,14.5834910602334));
#6695=CARTESIAN_POINT('Ctrl Pts',(-9.7,4.26614404495969,14.5914789344881));
#6696=CARTESIAN_POINT('Ctrl Pts',(-9.7,4.22360475722452,14.6435673747854));
#6697=CARTESIAN_POINT('Ctrl Pts',(-9.7,4.20207696075824,14.669927697223));
#6698=CARTESIAN_POINT('Ctrl Pts',(-10.,4.56786813254741,14.6818647194322));
#6699=CARTESIAN_POINT('Ctrl Pts',(-9.7,4.56786813254741,14.6818647194322));
#6700=CARTESIAN_POINT('Ctrl Pts',(-10.,4.53877556625458,14.6520365532113));
#6701=CARTESIAN_POINT('Ctrl Pts',(-9.7,4.53877556625458,14.6520365532113));
#6702=CARTESIAN_POINT('Ctrl Pts',(-10.,4.48288505607657,14.5947328622623));
#6703=CARTESIAN_POINT('Ctrl Pts',(-9.7,4.48288505607657,14.5947328622623));
#6704=CARTESIAN_POINT('Ctrl Pts',(-10.,4.40373707631944,14.5844675361844));
#6705=CARTESIAN_POINT('Ctrl Pts',(-9.7,4.40373707631944,14.5844675361844));
#6706=CARTESIAN_POINT('Ctrl Pts',(-10.,4.36578782315638,14.5795455980714));
#6707=CARTESIAN_POINT('Ctrl Pts',(-9.7,4.36578782315638,14.5795455980714));
#6708=CARTESIAN_POINT('',(-10.,4.56786813254741,14.6818647194322));
#6709=CARTESIAN_POINT('Ctrl Pts',(-10.,4.56786813254741,14.6818647194322));
#6710=CARTESIAN_POINT('Ctrl Pts',(-10.,4.53877556625458,14.6520365532113));
#6711=CARTESIAN_POINT('Ctrl Pts',(-10.,4.48288505607657,14.5947328622623));
#6712=CARTESIAN_POINT('Ctrl Pts',(-10.,4.40373707631944,14.5844675361844));
#6713=CARTESIAN_POINT('Ctrl Pts',(-10.,4.36578782315638,14.5795455980714));
#6714=CARTESIAN_POINT('',(-9.7,4.56786813254741,14.6818647194322));
#6715=CARTESIAN_POINT('',(-10.,4.56786813254741,14.6818647194322));
#6716=CARTESIAN_POINT('Ctrl Pts',(-9.7,4.56786813254741,14.6818647194322));
#6717=CARTESIAN_POINT('Ctrl Pts',(-9.7,4.53877556625458,14.6520365532113));
#6718=CARTESIAN_POINT('Ctrl Pts',(-9.7,4.48288505607657,14.5947328622623));
#6719=CARTESIAN_POINT('Ctrl Pts',(-9.7,4.40373707631944,14.5844675361844));
#6720=CARTESIAN_POINT('Ctrl Pts',(-9.7,4.36578782315638,14.5795455980714));
#6721=CARTESIAN_POINT('Ctrl Pts',(-10.,4.65398700948146,14.9956438351091));
#6722=CARTESIAN_POINT('Ctrl Pts',(-9.7,4.65398700948146,14.9956438351091));
#6723=CARTESIAN_POINT('Ctrl Pts',(-10.,4.65253571554053,14.9325477850367));
#6724=CARTESIAN_POINT('Ctrl Pts',(-9.7,4.65253571554053,14.9325477850367));
#6725=CARTESIAN_POINT('Ctrl Pts',(-10.,4.64995106348849,14.8201781742389));
#6726=CARTESIAN_POINT('Ctrl Pts',(-9.7,4.64995106348849,14.8201781742389));
#6727=CARTESIAN_POINT('Ctrl Pts',(-10.,4.59288940776825,14.7240267009768));
#6728=CARTESIAN_POINT('Ctrl Pts',(-9.7,4.59288940776825,14.7240267009768));
#6729=CARTESIAN_POINT('Ctrl Pts',(-10.,4.56786813254741,14.6818647194322));
#6730=CARTESIAN_POINT('Ctrl Pts',(-9.7,4.56786813254741,14.6818647194322));
#6731=CARTESIAN_POINT('',(-10.,4.65398700948146,14.9956438351091));
#6732=CARTESIAN_POINT('Ctrl Pts',(-10.,4.65398700948146,14.9956438351091));
#6733=CARTESIAN_POINT('Ctrl Pts',(-10.,4.65253571554053,14.9325477850367));
#6734=CARTESIAN_POINT('Ctrl Pts',(-10.,4.64995106348849,14.8201781742389));
#6735=CARTESIAN_POINT('Ctrl Pts',(-10.,4.59288940776825,14.7240267009768));
#6736=CARTESIAN_POINT('Ctrl Pts',(-10.,4.56786813254741,14.6818647194322));
#6737=CARTESIAN_POINT('',(-9.7,4.65398700948146,14.9956438351091));
#6738=CARTESIAN_POINT('',(-10.,4.65398700948146,14.9956438351091));
#6739=CARTESIAN_POINT('Ctrl Pts',(-9.7,4.65398700948146,14.9956438351091));
#6740=CARTESIAN_POINT('Ctrl Pts',(-9.7,4.65253571554053,14.9325477850367));
#6741=CARTESIAN_POINT('Ctrl Pts',(-9.7,4.64995106348849,14.8201781742389));
#6742=CARTESIAN_POINT('Ctrl Pts',(-9.7,4.59288940776825,14.7240267009768));
#6743=CARTESIAN_POINT('Ctrl Pts',(-9.7,4.56786813254741,14.6818647194322));
#6744=CARTESIAN_POINT('Ctrl Pts',(-10.,4.55678375478175,15.3222126174386));
#6745=CARTESIAN_POINT('Ctrl Pts',(-9.7,4.55678375478175,15.3222126174386));
#6746=CARTESIAN_POINT('Ctrl Pts',(-10.,4.58507791224026,15.2767856800205));
#6747=CARTESIAN_POINT('Ctrl Pts',(-9.7,4.58507791224026,15.2767856800205));
#6748=CARTESIAN_POINT('Ctrl Pts',(-10.,4.64707967722657,15.1772403833642));
#6749=CARTESIAN_POINT('Ctrl Pts',(-9.7,4.64707967722657,15.1772403833642));
#6750=CARTESIAN_POINT('Ctrl Pts',(-10.,4.65155433608077,15.0595997990465));
#6751=CARTESIAN_POINT('Ctrl Pts',(-9.7,4.65155433608077,15.0595997990465));
#6752=CARTESIAN_POINT('Ctrl Pts',(-10.,4.65398700948146,14.9956438351091));
#6753=CARTESIAN_POINT('Ctrl Pts',(-9.7,4.65398700948146,14.9956438351091));
#6754=CARTESIAN_POINT('',(-10.,4.55678375478175,15.3222126174386));
#6755=CARTESIAN_POINT('Ctrl Pts',(-10.,4.55678375478175,15.3222126174386));
#6756=CARTESIAN_POINT('Ctrl Pts',(-10.,4.58507791224026,15.2767856800205));
#6757=CARTESIAN_POINT('Ctrl Pts',(-10.,4.64707967722657,15.1772403833642));
#6758=CARTESIAN_POINT('Ctrl Pts',(-10.,4.65155433608077,15.0595997990465));
#6759=CARTESIAN_POINT('Ctrl Pts',(-10.,4.65398700948146,14.9956438351091));
#6760=CARTESIAN_POINT('',(-9.7,4.55678375478175,15.3222126174386));
#6761=CARTESIAN_POINT('',(-10.,4.55678375478175,15.3222126174386));
#6762=CARTESIAN_POINT('Ctrl Pts',(-9.7,4.55678375478175,15.3222126174386));
#6763=CARTESIAN_POINT('Ctrl Pts',(-9.7,4.58507791224026,15.2767856800205));
#6764=CARTESIAN_POINT('Ctrl Pts',(-9.7,4.64707967722657,15.1772403833642));
#6765=CARTESIAN_POINT('Ctrl Pts',(-9.7,4.65155433608077,15.0595997990465));
#6766=CARTESIAN_POINT('Ctrl Pts',(-9.7,4.65398700948146,14.9956438351091));
#6767=CARTESIAN_POINT('Ctrl Pts',(-10.,4.2771110128918,15.4646069217141));
#6768=CARTESIAN_POINT('Ctrl Pts',(-9.7,4.2771110128918,15.4646069217141));
#6769=CARTESIAN_POINT('Ctrl Pts',(-10.,4.33340236342243,15.4534073382178));
#6770=CARTESIAN_POINT('Ctrl Pts',(-9.7,4.33340236342243,15.4534073382178));
#6771=CARTESIAN_POINT('Ctrl Pts',(-10.,4.44030228881798,15.4321388017743));
#6772=CARTESIAN_POINT('Ctrl Pts',(-9.7,4.44030228881798,15.4321388017743));
#6773=CARTESIAN_POINT('Ctrl Pts',(-10.,4.51935745092606,15.3575326637876));
#6774=CARTESIAN_POINT('Ctrl Pts',(-9.7,4.51935745092606,15.3575326637876));
#6775=CARTESIAN_POINT('Ctrl Pts',(-10.,4.55678375478175,15.3222126174386));
#6776=CARTESIAN_POINT('Ctrl Pts',(-9.7,4.55678375478175,15.3222126174386));
#6777=CARTESIAN_POINT('',(-10.,4.2771110128918,15.4646069217141));
#6778=CARTESIAN_POINT('Ctrl Pts',(-10.,4.2771110128918,15.4646069217141));
#6779=CARTESIAN_POINT('Ctrl Pts',(-10.,4.33340236342243,15.4534073382178));
#6780=CARTESIAN_POINT('Ctrl Pts',(-10.,4.44030228881798,15.4321388017743));
#6781=CARTESIAN_POINT('Ctrl Pts',(-10.,4.51935745092606,15.3575326637876));
#6782=CARTESIAN_POINT('Ctrl Pts',(-10.,4.55678375478175,15.3222126174386));
#6783=CARTESIAN_POINT('',(-9.7,4.2771110128918,15.4646069217141));
#6784=CARTESIAN_POINT('',(-10.,4.2771110128918,15.4646069217141));
#6785=CARTESIAN_POINT('Ctrl Pts',(-9.7,4.2771110128918,15.4646069217141));
#6786=CARTESIAN_POINT('Ctrl Pts',(-9.7,4.33340236342243,15.4534073382178));
#6787=CARTESIAN_POINT('Ctrl Pts',(-9.7,4.44030228881798,15.4321388017743));
#6788=CARTESIAN_POINT('Ctrl Pts',(-9.7,4.51935745092606,15.3575326637876));
#6789=CARTESIAN_POINT('Ctrl Pts',(-9.7,4.55678375478175,15.3222126174386));
#6790=CARTESIAN_POINT('Origin',(-10.,4.32485999579814,15.7681540060456));
#6791=CARTESIAN_POINT('',(-10.,4.32485999579814,15.7681540060456));
#6792=CARTESIAN_POINT('',(-10.,3.0623988723524,7.74250885554037));
#6793=CARTESIAN_POINT('',(-9.7,4.32485999579814,15.7681540060456));
#6794=CARTESIAN_POINT('',(-10.,4.32485999579814,15.7681540060456));
#6795=CARTESIAN_POINT('',(-9.7,4.32485999579814,15.7681540060456));
#6796=CARTESIAN_POINT('Ctrl Pts',(-10.,4.75971670861628,15.5319670248445));
#6797=CARTESIAN_POINT('Ctrl Pts',(-9.7,4.75971670861628,15.5319670248445));
#6798=CARTESIAN_POINT('Ctrl Pts',(-10.,4.70237471704092,15.5884755008841));
#6799=CARTESIAN_POINT('Ctrl Pts',(-9.7,4.70237471704092,15.5884755008841));
#6800=CARTESIAN_POINT('Ctrl Pts',(-10.,4.58049483740564,15.7085837508571));
#6801=CARTESIAN_POINT('Ctrl Pts',(-9.7,4.58049483740564,15.7085837508571));
#6802=CARTESIAN_POINT('Ctrl Pts',(-10.,4.41336085596751,15.747530765522));
#6803=CARTESIAN_POINT('Ctrl Pts',(-9.7,4.41336085596751,15.747530765522));
#6804=CARTESIAN_POINT('Ctrl Pts',(-10.,4.32485999579814,15.7681540060456));
#6805=CARTESIAN_POINT('Ctrl Pts',(-9.7,4.32485999579814,15.7681540060456));
#6806=CARTESIAN_POINT('Ctrl Pts',(-10.,4.75971670861628,15.5319670248445));
#6807=CARTESIAN_POINT('Ctrl Pts',(-10.,4.70237471704092,15.5884755008841));
#6808=CARTESIAN_POINT('Ctrl Pts',(-10.,4.58049483740564,15.7085837508571));
#6809=CARTESIAN_POINT('Ctrl Pts',(-10.,4.41336085596751,15.747530765522));
#6810=CARTESIAN_POINT('Ctrl Pts',(-10.,4.32485999579814,15.7681540060456));
#6811=CARTESIAN_POINT('Ctrl Pts',(-9.7,4.75971670861628,15.5319670248445));
#6812=CARTESIAN_POINT('Ctrl Pts',(-9.7,4.70237471704092,15.5884755008841));
#6813=CARTESIAN_POINT('Ctrl Pts',(-9.7,4.58049483740564,15.7085837508571));
#6814=CARTESIAN_POINT('Ctrl Pts',(-9.7,4.41336085596751,15.747530765522));
#6815=CARTESIAN_POINT('Ctrl Pts',(-9.7,4.32485999579814,15.7681540060456));
#6816=CARTESIAN_POINT('Origin',(-9.7,3.63676326389697,11.4417551677342));
#6817=CARTESIAN_POINT('Ctrl Pts',(-10.,3.26585577841189,5.55498753074963));
#6818=CARTESIAN_POINT('Ctrl Pts',(-9.7,3.26585577841189,5.55498753074963));
#6819=CARTESIAN_POINT('Ctrl Pts',(-10.,3.27413840699521,5.62060766794929));
#6820=CARTESIAN_POINT('Ctrl Pts',(-9.7,3.27413840699521,5.62060766794929));
#6821=CARTESIAN_POINT('Ctrl Pts',(-10.,3.29132595377082,5.75677810782786));
#6822=CARTESIAN_POINT('Ctrl Pts',(-9.7,3.29132595377082,5.75677810782786));
#6823=CARTESIAN_POINT('Ctrl Pts',(-10.,3.38968899077809,5.85301368342299));
#6824=CARTESIAN_POINT('Ctrl Pts',(-9.7,3.38968899077809,5.85301368342299));
#6825=CARTESIAN_POINT('Ctrl Pts',(-10.,3.44065116758731,5.90287361625988));
#6826=CARTESIAN_POINT('Ctrl Pts',(-9.7,3.44065116758731,5.90287361625988));
#6827=CARTESIAN_POINT('',(-10.,3.26585577841189,5.55498753074963));
#6828=CARTESIAN_POINT('',(-10.,3.44065116758731,5.90287361625988));
#6829=CARTESIAN_POINT('Ctrl Pts',(-10.,3.26585577841189,5.55498753074963));
#6830=CARTESIAN_POINT('Ctrl Pts',(-10.,3.27413840699521,5.62060766794929));
#6831=CARTESIAN_POINT('Ctrl Pts',(-10.,3.29132595377082,5.75677810782786));
#6832=CARTESIAN_POINT('Ctrl Pts',(-10.,3.38968899077809,5.85301368342299));
#6833=CARTESIAN_POINT('Ctrl Pts',(-10.,3.44065116758731,5.90287361625988));
#6834=CARTESIAN_POINT('',(-9.7,3.26585577841189,5.55498753074963));
#6835=CARTESIAN_POINT('',(-10.,3.26585577841189,5.55498753074963));
#6836=CARTESIAN_POINT('',(-9.7,3.44065116758731,5.90287361625988));
#6837=CARTESIAN_POINT('Ctrl Pts',(-9.7,3.26585577841189,5.55498753074963));
#6838=CARTESIAN_POINT('Ctrl Pts',(-9.7,3.27413840699521,5.62060766794929));
#6839=CARTESIAN_POINT('Ctrl Pts',(-9.7,3.29132595377082,5.75677810782786));
#6840=CARTESIAN_POINT('Ctrl Pts',(-9.7,3.38968899077809,5.85301368342299));
#6841=CARTESIAN_POINT('Ctrl Pts',(-9.7,3.44065116758731,5.90287361625988));
#6842=CARTESIAN_POINT('',(-10.,3.44065116758731,5.90287361625988));
#6843=CARTESIAN_POINT('Ctrl Pts',(-10.,3.43468250747111,5.21477613930065));
#6844=CARTESIAN_POINT('Ctrl Pts',(-9.7,3.43468250747111,5.21477613930065));
#6845=CARTESIAN_POINT('Ctrl Pts',(-10.,3.38545262186059,5.26314704548906));
#6846=CARTESIAN_POINT('Ctrl Pts',(-9.7,3.38545262186059,5.26314704548906));
#6847=CARTESIAN_POINT('Ctrl Pts',(-10.,3.28966497525933,5.35726335736542));
#6848=CARTESIAN_POINT('Ctrl Pts',(-9.7,3.28966497525933,5.35726335736542));
#6849=CARTESIAN_POINT('Ctrl Pts',(-10.,3.27364319435285,5.49031670671505));
#6850=CARTESIAN_POINT('Ctrl Pts',(-9.7,3.27364319435285,5.49031670671505));
#6851=CARTESIAN_POINT('Ctrl Pts',(-10.,3.26585577841189,5.55498753074963));
#6852=CARTESIAN_POINT('Ctrl Pts',(-9.7,3.26585577841189,5.55498753074963));
#6853=CARTESIAN_POINT('',(-10.,3.43468250747111,5.21477613930065));
#6854=CARTESIAN_POINT('Ctrl Pts',(-10.,3.43468250747111,5.21477613930065));
#6855=CARTESIAN_POINT('Ctrl Pts',(-10.,3.38545262186059,5.26314704548906));
#6856=CARTESIAN_POINT('Ctrl Pts',(-10.,3.28966497525933,5.35726335736542));
#6857=CARTESIAN_POINT('Ctrl Pts',(-10.,3.27364319435285,5.49031670671505));
#6858=CARTESIAN_POINT('Ctrl Pts',(-10.,3.26585577841189,5.55498753074963));
#6859=CARTESIAN_POINT('',(-9.7,3.43468250747111,5.21477613930065));
#6860=CARTESIAN_POINT('',(-10.,3.43468250747111,5.21477613930065));
#6861=CARTESIAN_POINT('Ctrl Pts',(-9.7,3.43468250747111,5.21477613930065));
#6862=CARTESIAN_POINT('Ctrl Pts',(-9.7,3.38545262186059,5.26314704548906));
#6863=CARTESIAN_POINT('Ctrl Pts',(-9.7,3.28966497525933,5.35726335736542));
#6864=CARTESIAN_POINT('Ctrl Pts',(-9.7,3.27364319435285,5.49031670671505));
#6865=CARTESIAN_POINT('Ctrl Pts',(-9.7,3.26585577841189,5.55498753074963));
#6866=CARTESIAN_POINT('Ctrl Pts',(-10.,3.95821603055385,5.07408771995861));
#6867=CARTESIAN_POINT('Ctrl Pts',(-9.7,3.95821603055385,5.07408771995861));
#6868=CARTESIAN_POINT('Ctrl Pts',(-10.,3.8526822532636,5.07628259742305));
#6869=CARTESIAN_POINT('Ctrl Pts',(-9.7,3.8526822532636,5.07628259742305));
#6870=CARTESIAN_POINT('Ctrl Pts',(-10.,3.66558777238175,5.08017376355349));
#6871=CARTESIAN_POINT('Ctrl Pts',(-9.7,3.66558777238175,5.08017376355349));
#6872=CARTESIAN_POINT('Ctrl Pts',(-10.,3.50478275849001,5.17391236631017));
#6873=CARTESIAN_POINT('Ctrl Pts',(-9.7,3.50478275849001,5.17391236631017));
#6874=CARTESIAN_POINT('Ctrl Pts',(-10.,3.43468250747111,5.21477613930065));
#6875=CARTESIAN_POINT('Ctrl Pts',(-9.7,3.43468250747111,5.21477613930065));
#6876=CARTESIAN_POINT('',(-10.,3.95821603055385,5.07408771995861));
#6877=CARTESIAN_POINT('Ctrl Pts',(-10.,3.95821603055385,5.07408771995861));
#6878=CARTESIAN_POINT('Ctrl Pts',(-10.,3.8526822532636,5.07628259742305));
#6879=CARTESIAN_POINT('Ctrl Pts',(-10.,3.66558777238175,5.08017376355349));
#6880=CARTESIAN_POINT('Ctrl Pts',(-10.,3.50478275849001,5.17391236631017));
#6881=CARTESIAN_POINT('Ctrl Pts',(-10.,3.43468250747111,5.21477613930065));
#6882=CARTESIAN_POINT('',(-9.7,3.95821603055385,5.07408771995861));
#6883=CARTESIAN_POINT('',(-10.,3.95821603055385,5.07408771995861));
#6884=CARTESIAN_POINT('Ctrl Pts',(-9.7,3.95821603055385,5.07408771995861));
#6885=CARTESIAN_POINT('Ctrl Pts',(-9.7,3.8526822532636,5.07628259742305));
#6886=CARTESIAN_POINT('Ctrl Pts',(-9.7,3.66558777238175,5.08017376355349));
#6887=CARTESIAN_POINT('Ctrl Pts',(-9.7,3.50478275849001,5.17391236631017));
#6888=CARTESIAN_POINT('Ctrl Pts',(-9.7,3.43468250747111,5.21477613930065));
#6889=CARTESIAN_POINT('Ctrl Pts',(-10.,4.47919162030604,5.22074494842846));
#6890=CARTESIAN_POINT('Ctrl Pts',(-9.7,4.47919162030604,5.22074494842846));
#6891=CARTESIAN_POINT('Ctrl Pts',(-10.,4.40845342940643,5.17810829589209));
#6892=CARTESIAN_POINT('Ctrl Pts',(-9.7,4.40845342940643,5.17810829589209));
#6893=CARTESIAN_POINT('Ctrl Pts',(-10.,4.24908359567599,5.0820499130139));
#6894=CARTESIAN_POINT('Ctrl Pts',(-9.7,4.24908359567599,5.0820499130139));
#6895=CARTESIAN_POINT('Ctrl Pts',(-10.,4.06216730737864,5.07693327660937));
#6896=CARTESIAN_POINT('Ctrl Pts',(-9.7,4.06216730737864,5.07693327660937));
#6897=CARTESIAN_POINT('Ctrl Pts',(-10.,3.95821603055385,5.07408771995861));
#6898=CARTESIAN_POINT('Ctrl Pts',(-9.7,3.95821603055385,5.07408771995861));
#6899=CARTESIAN_POINT('',(-10.,4.47919162030604,5.22074494842846));
#6900=CARTESIAN_POINT('Ctrl Pts',(-10.,4.47919162030604,5.22074494842846));
#6901=CARTESIAN_POINT('Ctrl Pts',(-10.,4.40845342940643,5.17810829589209));
#6902=CARTESIAN_POINT('Ctrl Pts',(-10.,4.24908359567599,5.0820499130139));
#6903=CARTESIAN_POINT('Ctrl Pts',(-10.,4.06216730737864,5.07693327660937));
#6904=CARTESIAN_POINT('Ctrl Pts',(-10.,3.95821603055385,5.07408771995861));
#6905=CARTESIAN_POINT('',(-9.7,4.47919162030604,5.22074494842846));
#6906=CARTESIAN_POINT('',(-10.,4.47919162030604,5.22074494842846));
#6907=CARTESIAN_POINT('Ctrl Pts',(-9.7,4.47919162030604,5.22074494842846));
#6908=CARTESIAN_POINT('Ctrl Pts',(-9.7,4.40845342940643,5.17810829589209));
#6909=CARTESIAN_POINT('Ctrl Pts',(-9.7,4.24908359567599,5.0820499130139));
#6910=CARTESIAN_POINT('Ctrl Pts',(-9.7,4.06216730737864,5.07693327660937));
#6911=CARTESIAN_POINT('Ctrl Pts',(-9.7,3.95821603055385,5.07408771995861));
#6912=CARTESIAN_POINT('Ctrl Pts',(-10.,4.65398700948146,5.56863103393872));
#6913=CARTESIAN_POINT('Ctrl Pts',(-9.7,4.65398700948146,5.56863103393872));
#6914=CARTESIAN_POINT('Ctrl Pts',(-10.,4.64570424409396,5.50301137014657));
#6915=CARTESIAN_POINT('Ctrl Pts',(-9.7,4.64570424409396,5.50301137014657));
#6916=CARTESIAN_POINT('Ctrl Pts',(-10.,4.62851632007043,5.36684117300307));
#6917=CARTESIAN_POINT('Ctrl Pts',(-9.7,4.62851632007043,5.36684117300307));
#6918=CARTESIAN_POINT('Ctrl Pts',(-10.,4.53015379127792,5.27060529160587));
#6919=CARTESIAN_POINT('Ctrl Pts',(-9.7,4.53015379127792,5.27060529160587));
#6920=CARTESIAN_POINT('Ctrl Pts',(-10.,4.47919162030604,5.22074494842846));
#6921=CARTESIAN_POINT('Ctrl Pts',(-9.7,4.47919162030604,5.22074494842846));
#6922=CARTESIAN_POINT('',(-10.,4.65398700948146,5.56863103393872));
#6923=CARTESIAN_POINT('Ctrl Pts',(-10.,4.65398700948146,5.56863103393872));
#6924=CARTESIAN_POINT('Ctrl Pts',(-10.,4.64570424409396,5.50301137014657));
#6925=CARTESIAN_POINT('Ctrl Pts',(-10.,4.62851632007043,5.36684117300307));
#6926=CARTESIAN_POINT('Ctrl Pts',(-10.,4.53015379127792,5.27060529160587));
#6927=CARTESIAN_POINT('Ctrl Pts',(-10.,4.47919162030604,5.22074494842846));
#6928=CARTESIAN_POINT('',(-9.7,4.65398700948146,5.56863103393872));
#6929=CARTESIAN_POINT('',(-10.,4.65398700948146,5.56863103393872));
#6930=CARTESIAN_POINT('Ctrl Pts',(-9.7,4.65398700948146,5.56863103393872));
#6931=CARTESIAN_POINT('Ctrl Pts',(-9.7,4.64570424409396,5.50301137014657));
#6932=CARTESIAN_POINT('Ctrl Pts',(-9.7,4.62851632007043,5.36684117300307));
#6933=CARTESIAN_POINT('Ctrl Pts',(-9.7,4.53015379127792,5.27060529160587));
#6934=CARTESIAN_POINT('Ctrl Pts',(-9.7,4.47919162030604,5.22074494842846));
#6935=CARTESIAN_POINT('Ctrl Pts',(-10.,4.41694738383677,5.96085463051159));
#6936=CARTESIAN_POINT('Ctrl Pts',(-9.7,4.41694738383677,5.96085463051159));
#6937=CARTESIAN_POINT('Ctrl Pts',(-10.,4.4860582288925,5.90983138296481));
#6938=CARTESIAN_POINT('Ctrl Pts',(-9.7,4.4860582288925,5.90983138296481));
#6939=CARTESIAN_POINT('Ctrl Pts',(-10.,4.61954647783767,5.81127949917543));
#6940=CARTESIAN_POINT('Ctrl Pts',(-9.7,4.61954647783767,5.81127949917543));
#6941=CARTESIAN_POINT('Ctrl Pts',(-10.,4.64278146681129,5.64757893634579));
#6942=CARTESIAN_POINT('Ctrl Pts',(-9.7,4.64278146681129,5.64757893634579));
#6943=CARTESIAN_POINT('Ctrl Pts',(-10.,4.65398700948146,5.56863103393872));
#6944=CARTESIAN_POINT('Ctrl Pts',(-9.7,4.65398700948146,5.56863103393872));
#6945=CARTESIAN_POINT('',(-10.,4.41694738383677,5.96085463051159));
#6946=CARTESIAN_POINT('Ctrl Pts',(-10.,4.41694738383677,5.96085463051159));
#6947=CARTESIAN_POINT('Ctrl Pts',(-10.,4.4860582288925,5.90983138296481));
#6948=CARTESIAN_POINT('Ctrl Pts',(-10.,4.61954647783767,5.81127949917543));
#6949=CARTESIAN_POINT('Ctrl Pts',(-10.,4.64278146681129,5.64757893634579));
#6950=CARTESIAN_POINT('Ctrl Pts',(-10.,4.65398700948146,5.56863103393872));
#6951=CARTESIAN_POINT('',(-9.7,4.41694738383677,5.96085463051159));
#6952=CARTESIAN_POINT('',(-10.,4.41694738383677,5.96085463051159));
#6953=CARTESIAN_POINT('Ctrl Pts',(-9.7,4.41694738383677,5.96085463051159));
#6954=CARTESIAN_POINT('Ctrl Pts',(-9.7,4.4860582288925,5.90983138296481));
#6955=CARTESIAN_POINT('Ctrl Pts',(-9.7,4.61954647783767,5.81127949917543));
#6956=CARTESIAN_POINT('Ctrl Pts',(-9.7,4.64278146681129,5.64757893634579));
#6957=CARTESIAN_POINT('Ctrl Pts',(-9.7,4.65398700948146,5.56863103393872));
#6958=CARTESIAN_POINT('Ctrl Pts',(-10.,3.94627871032145,6.04953084472973));
#6959=CARTESIAN_POINT('Ctrl Pts',(-9.7,3.94627871032145,6.04953084472973));
#6960=CARTESIAN_POINT('Ctrl Pts',(-10.,4.04123493052834,6.04901205603092));
#6961=CARTESIAN_POINT('Ctrl Pts',(-9.7,4.04123493052834,6.04901205603092));
#6962=CARTESIAN_POINT('Ctrl Pts',(-10.,4.204165121973,6.04812189484051));
#6963=CARTESIAN_POINT('Ctrl Pts',(-9.7,4.204165121973,6.04812189484051));
#6964=CARTESIAN_POINT('Ctrl Pts',(-10.,4.35430816945531,5.98654452040609));
#6965=CARTESIAN_POINT('Ctrl Pts',(-9.7,4.35430816945531,5.98654452040609));
#6966=CARTESIAN_POINT('Ctrl Pts',(-10.,4.41694738383677,5.96085463051159));
#6967=CARTESIAN_POINT('Ctrl Pts',(-9.7,4.41694738383677,5.96085463051159));
#6968=CARTESIAN_POINT('',(-10.,3.94627871032145,6.04953084472973));
#6969=CARTESIAN_POINT('Ctrl Pts',(-10.,3.94627871032145,6.04953084472973));
#6970=CARTESIAN_POINT('Ctrl Pts',(-10.,4.04123493052834,6.04901205603092));
#6971=CARTESIAN_POINT('Ctrl Pts',(-10.,4.204165121973,6.04812189484051));
#6972=CARTESIAN_POINT('Ctrl Pts',(-10.,4.35430816945531,5.98654452040609));
#6973=CARTESIAN_POINT('Ctrl Pts',(-10.,4.41694738383677,5.96085463051159));
#6974=CARTESIAN_POINT('',(-9.7,3.94627871032145,6.04953084472973));
#6975=CARTESIAN_POINT('',(-10.,3.94627871032145,6.04953084472973));
#6976=CARTESIAN_POINT('Ctrl Pts',(-9.7,3.94627871032145,6.04953084472973));
#6977=CARTESIAN_POINT('Ctrl Pts',(-9.7,4.04123493052834,6.04901205603092));
#6978=CARTESIAN_POINT('Ctrl Pts',(-9.7,4.204165121973,6.04812189484051));
#6979=CARTESIAN_POINT('Ctrl Pts',(-9.7,4.35430816945531,5.98654452040609));
#6980=CARTESIAN_POINT('Ctrl Pts',(-9.7,4.41694738383677,5.96085463051159));
#6981=CARTESIAN_POINT('Ctrl Pts',(-10.,3.44065116758731,5.90287361625988));
#6982=CARTESIAN_POINT('Ctrl Pts',(-9.7,3.44065116758731,5.90287361625988));
#6983=CARTESIAN_POINT('Ctrl Pts',(-10.,3.5100633375345,5.94553679344568));
#6984=CARTESIAN_POINT('Ctrl Pts',(-9.7,3.5100633375345,5.94553679344568));
#6985=CARTESIAN_POINT('Ctrl Pts',(-10.,3.66438391952048,6.04038768685085));
#6986=CARTESIAN_POINT('Ctrl Pts',(-9.7,3.66438391952048,6.04038768685085));
#6987=CARTESIAN_POINT('Ctrl Pts',(-10.,3.84622712942303,6.04628570707541));
#6988=CARTESIAN_POINT('Ctrl Pts',(-9.7,3.84622712942303,6.04628570707541));
#6989=CARTESIAN_POINT('Ctrl Pts',(-10.,3.94627871032145,6.04953084472973));
#6990=CARTESIAN_POINT('Ctrl Pts',(-9.7,3.94627871032145,6.04953084472973));
#6991=CARTESIAN_POINT('Ctrl Pts',(-10.,3.44065116758731,5.90287361625988));
#6992=CARTESIAN_POINT('Ctrl Pts',(-10.,3.5100633375345,5.94553679344568));
#6993=CARTESIAN_POINT('Ctrl Pts',(-10.,3.66438391952048,6.04038768685085));
#6994=CARTESIAN_POINT('Ctrl Pts',(-10.,3.84622712942303,6.04628570707541));
#6995=CARTESIAN_POINT('Ctrl Pts',(-10.,3.94627871032145,6.04953084472973));
#6996=CARTESIAN_POINT('Ctrl Pts',(-9.7,3.44065116758731,5.90287361625988));
#6997=CARTESIAN_POINT('Ctrl Pts',(-9.7,3.5100633375345,5.94553679344568));
#6998=CARTESIAN_POINT('Ctrl Pts',(-9.7,3.66438391952048,6.04038768685085));
#6999=CARTESIAN_POINT('Ctrl Pts',(-9.7,3.84622712942303,6.04628570707541));
#7000=CARTESIAN_POINT('Ctrl Pts',(-9.7,3.94627871032145,6.04953084472973));
#7001=CARTESIAN_POINT('Ctrl Pts',(-10.,4.90637453313258,5.54305110458691));
#7002=CARTESIAN_POINT('Ctrl Pts',(-9.7,4.90637453313258,5.54305110458691));
#7003=CARTESIAN_POINT('Ctrl Pts',(-10.,4.89507876250412,5.64425774690544));
#7004=CARTESIAN_POINT('Ctrl Pts',(-9.7,4.89507876250412,5.64425774690544));
#7005=CARTESIAN_POINT('Ctrl Pts',(-10.,4.87241573434343,5.84731153228731));
#7006=CARTESIAN_POINT('Ctrl Pts',(-9.7,4.87241573434343,5.84731153228731));
#7007=CARTESIAN_POINT('Ctrl Pts',(-10.,4.7167283494303,5.97971147723745));
#7008=CARTESIAN_POINT('Ctrl Pts',(-9.7,4.7167283494303,5.97971147723745));
#7009=CARTESIAN_POINT('Ctrl Pts',(-10.,4.63863911147502,6.04612026695568));
#7010=CARTESIAN_POINT('Ctrl Pts',(-9.7,4.63863911147502,6.04612026695568));
#7011=CARTESIAN_POINT('',(-10.,4.90637453313258,5.54305110458691));
#7012=CARTESIAN_POINT('',(-10.,4.63863911147502,6.04612026695568));
#7013=CARTESIAN_POINT('Ctrl Pts',(-10.,4.90637453313258,5.54305110458691));
#7014=CARTESIAN_POINT('Ctrl Pts',(-10.,4.89507876250412,5.64425774690544));
#7015=CARTESIAN_POINT('Ctrl Pts',(-10.,4.87241573434343,5.84731153228731));
#7016=CARTESIAN_POINT('Ctrl Pts',(-10.,4.7167283494303,5.97971147723745));
#7017=CARTESIAN_POINT('Ctrl Pts',(-10.,4.63863911147502,6.04612026695568));
#7018=CARTESIAN_POINT('',(-9.7,4.90637453313258,5.54305110458691));
#7019=CARTESIAN_POINT('',(-10.,4.90637453313258,5.54305110458691));
#7020=CARTESIAN_POINT('',(-9.7,4.63863911147502,6.04612026695568));
#7021=CARTESIAN_POINT('Ctrl Pts',(-9.7,4.90637453313258,5.54305110458691));
#7022=CARTESIAN_POINT('Ctrl Pts',(-9.7,4.89507876250412,5.64425774690544));
#7023=CARTESIAN_POINT('Ctrl Pts',(-9.7,4.87241573434343,5.84731153228731));
#7024=CARTESIAN_POINT('Ctrl Pts',(-9.7,4.7167283494303,5.97971147723745));
#7025=CARTESIAN_POINT('Ctrl Pts',(-9.7,4.63863911147502,6.04612026695568));
#7026=CARTESIAN_POINT('',(-10.,4.63863911147502,6.04612026695568));
#7027=CARTESIAN_POINT('Ctrl Pts',(-10.,4.65228172059443,4.9905267763551));
#7028=CARTESIAN_POINT('Ctrl Pts',(-9.7,4.65228172059443,4.9905267763551));
#7029=CARTESIAN_POINT('Ctrl Pts',(-10.,4.72638549880198,5.07012430600013));
#7030=CARTESIAN_POINT('Ctrl Pts',(-9.7,4.72638549880198,5.07012430600013));
#7031=CARTESIAN_POINT('Ctrl Pts',(-10.,4.8720251670541,5.22656110438741));
#7032=CARTESIAN_POINT('Ctrl Pts',(-9.7,4.8720251670541,5.22656110438741));
#7033=CARTESIAN_POINT('Ctrl Pts',(-10.,4.89506012697121,5.43880183255995));
#7034=CARTESIAN_POINT('Ctrl Pts',(-9.7,4.89506012697121,5.43880183255995));
#7035=CARTESIAN_POINT('Ctrl Pts',(-10.,4.90637453313258,5.54305110458691));
#7036=CARTESIAN_POINT('Ctrl Pts',(-9.7,4.90637453313258,5.54305110458691));
#7037=CARTESIAN_POINT('',(-10.,4.65228172059443,4.9905267763551));
#7038=CARTESIAN_POINT('Ctrl Pts',(-10.,4.65228172059443,4.9905267763551));
#7039=CARTESIAN_POINT('Ctrl Pts',(-10.,4.72638549880198,5.07012430600013));
#7040=CARTESIAN_POINT('Ctrl Pts',(-10.,4.8720251670541,5.22656110438741));
#7041=CARTESIAN_POINT('Ctrl Pts',(-10.,4.89506012697121,5.43880183255995));
#7042=CARTESIAN_POINT('Ctrl Pts',(-10.,4.90637453313258,5.54305110458691));
#7043=CARTESIAN_POINT('',(-9.7,4.65228172059443,4.9905267763551));
#7044=CARTESIAN_POINT('',(-10.,4.65228172059443,4.9905267763551));
#7045=CARTESIAN_POINT('Ctrl Pts',(-9.7,4.65228172059443,4.9905267763551));
#7046=CARTESIAN_POINT('Ctrl Pts',(-9.7,4.72638549880198,5.07012430600013));
#7047=CARTESIAN_POINT('Ctrl Pts',(-9.7,4.8720251670541,5.22656110438741));
#7048=CARTESIAN_POINT('Ctrl Pts',(-9.7,4.89506012697121,5.43880183255995));
#7049=CARTESIAN_POINT('Ctrl Pts',(-9.7,4.90637453313258,5.54305110458691));
#7050=CARTESIAN_POINT('Ctrl Pts',(-10.,3.93263625021365,4.76030860428173));
#7051=CARTESIAN_POINT('Ctrl Pts',(-9.7,3.93263625021365,4.76030860428173));
#7052=CARTESIAN_POINT('Ctrl Pts',(-10.,4.07467140455736,4.7662403148993));
#7053=CARTESIAN_POINT('Ctrl Pts',(-9.7,4.07467140455736,4.7662403148993));
#7054=CARTESIAN_POINT('Ctrl Pts',(-10.,4.3367574925178,4.7771856251491));
#7055=CARTESIAN_POINT('Ctrl Pts',(-9.7,4.3367574925178,4.7771856251491));
#7056=CARTESIAN_POINT('Ctrl Pts',(-10.,4.55315764723728,4.92350420870268));
#7057=CARTESIAN_POINT('Ctrl Pts',(-9.7,4.55315764723728,4.92350420870268));
#7058=CARTESIAN_POINT('Ctrl Pts',(-10.,4.65228172059443,4.9905267763551));
#7059=CARTESIAN_POINT('Ctrl Pts',(-9.7,4.65228172059443,4.9905267763551));
#7060=CARTESIAN_POINT('',(-10.,3.93263625021365,4.76030860428173));
#7061=CARTESIAN_POINT('Ctrl Pts',(-10.,3.93263625021365,4.76030860428173));
#7062=CARTESIAN_POINT('Ctrl Pts',(-10.,4.07467140455736,4.7662403148993));
#7063=CARTESIAN_POINT('Ctrl Pts',(-10.,4.3367574925178,4.7771856251491));
#7064=CARTESIAN_POINT('Ctrl Pts',(-10.,4.55315764723728,4.92350420870268));
#7065=CARTESIAN_POINT('Ctrl Pts',(-10.,4.65228172059443,4.9905267763551));
#7066=CARTESIAN_POINT('',(-9.7,3.93263625021365,4.76030860428173));
#7067=CARTESIAN_POINT('',(-10.,3.93263625021365,4.76030860428173));
#7068=CARTESIAN_POINT('Ctrl Pts',(-9.7,3.93263625021365,4.76030860428173));
#7069=CARTESIAN_POINT('Ctrl Pts',(-9.7,4.07467140455736,4.7662403148993));
#7070=CARTESIAN_POINT('Ctrl Pts',(-9.7,4.3367574925178,4.7771856251491));
#7071=CARTESIAN_POINT('Ctrl Pts',(-9.7,4.55315764723728,4.92350420870268));
#7072=CARTESIAN_POINT('Ctrl Pts',(-9.7,4.65228172059443,4.9905267763551));
#7073=CARTESIAN_POINT('Ctrl Pts',(-10.,3.56428699608233,4.81487904075939));
#7074=CARTESIAN_POINT('Ctrl Pts',(-9.7,3.56428699608233,4.81487904075939));
#7075=CARTESIAN_POINT('Ctrl Pts',(-10.,3.62334867062051,4.79896445278838));
#7076=CARTESIAN_POINT('Ctrl Pts',(-9.7,3.62334867062051,4.79896445278838));
#7077=CARTESIAN_POINT('Ctrl Pts',(-10.,3.74398718723858,4.76645754707629));
#7078=CARTESIAN_POINT('Ctrl Pts',(-9.7,3.74398718723858,4.76645754707629));
#7079=CARTESIAN_POINT('Ctrl Pts',(-10.,3.86888523799195,4.76238654371628));
#7080=CARTESIAN_POINT('Ctrl Pts',(-9.7,3.86888523799195,4.76238654371628));
#7081=CARTESIAN_POINT('Ctrl Pts',(-10.,3.93263625021365,4.76030860428173));
#7082=CARTESIAN_POINT('Ctrl Pts',(-9.7,3.93263625021365,4.76030860428173));
#7083=CARTESIAN_POINT('',(-10.,3.56428699608233,4.81487904075939));
#7084=CARTESIAN_POINT('Ctrl Pts',(-10.,3.56428699608233,4.81487904075939));
#7085=CARTESIAN_POINT('Ctrl Pts',(-10.,3.62334867062051,4.79896445278838));
#7086=CARTESIAN_POINT('Ctrl Pts',(-10.,3.74398718723858,4.76645754707629));
#7087=CARTESIAN_POINT('Ctrl Pts',(-10.,3.86888523799195,4.76238654371628));
#7088=CARTESIAN_POINT('Ctrl Pts',(-10.,3.93263625021365,4.76030860428173));
#7089=CARTESIAN_POINT('',(-9.7,3.56428699608233,4.81487904075939));
#7090=CARTESIAN_POINT('',(-10.,3.56428699608233,4.81487904075939));
#7091=CARTESIAN_POINT('Ctrl Pts',(-9.7,3.56428699608233,4.81487904075939));
#7092=CARTESIAN_POINT('Ctrl Pts',(-9.7,3.62334867062051,4.79896445278838));
#7093=CARTESIAN_POINT('Ctrl Pts',(-9.7,3.74398718723858,4.76645754707629));
#7094=CARTESIAN_POINT('Ctrl Pts',(-9.7,3.86888523799195,4.76238654371628));
#7095=CARTESIAN_POINT('Ctrl Pts',(-9.7,3.93263625021365,4.76030860428173));
#7096=CARTESIAN_POINT('Ctrl Pts',(-10.,3.27011914964107,4.96579919342358));
#7097=CARTESIAN_POINT('Ctrl Pts',(-9.7,3.27011914964107,4.96579919342358));
#7098=CARTESIAN_POINT('Ctrl Pts',(-10.,3.31388872892123,4.93510410654499));
#7099=CARTESIAN_POINT('Ctrl Pts',(-9.7,3.31388872892123,4.93510410654499));
#7100=CARTESIAN_POINT('Ctrl Pts',(-10.,3.40493605871301,4.87125369390716));
#7101=CARTESIAN_POINT('Ctrl Pts',(-9.7,3.40493605871301,4.87125369390716));
#7102=CARTESIAN_POINT('Ctrl Pts',(-10.,3.50982287544554,4.83414717912485));
#7103=CARTESIAN_POINT('Ctrl Pts',(-9.7,3.50982287544554,4.83414717912485));
#7104=CARTESIAN_POINT('Ctrl Pts',(-10.,3.56428699608233,4.81487904075939));
#7105=CARTESIAN_POINT('Ctrl Pts',(-9.7,3.56428699608233,4.81487904075939));
#7106=CARTESIAN_POINT('',(-10.,3.27011914964107,4.96579919342358));
#7107=CARTESIAN_POINT('Ctrl Pts',(-10.,3.27011914964107,4.96579919342358));
#7108=CARTESIAN_POINT('Ctrl Pts',(-10.,3.31388872892123,4.93510410654499));
#7109=CARTESIAN_POINT('Ctrl Pts',(-10.,3.40493605871301,4.87125369390716));
#7110=CARTESIAN_POINT('Ctrl Pts',(-10.,3.50982287544554,4.83414717912485));
#7111=CARTESIAN_POINT('Ctrl Pts',(-10.,3.56428699608233,4.81487904075939));
#7112=CARTESIAN_POINT('',(-9.7,3.27011914964107,4.96579919342358));
#7113=CARTESIAN_POINT('',(-10.,3.27011914964107,4.96579919342358));
#7114=CARTESIAN_POINT('Ctrl Pts',(-9.7,3.27011914964107,4.96579919342358));
#7115=CARTESIAN_POINT('Ctrl Pts',(-9.7,3.31388872892123,4.93510410654499));
#7116=CARTESIAN_POINT('Ctrl Pts',(-9.7,3.40493605871301,4.87125369390716));
#7117=CARTESIAN_POINT('Ctrl Pts',(-9.7,3.50982287544554,4.83414717912485));
#7118=CARTESIAN_POINT('Ctrl Pts',(-9.7,3.56428699608233,4.81487904075939));
#7119=CARTESIAN_POINT('Ctrl Pts',(-10.,3.08082850690272,5.21136556152661));
#7120=CARTESIAN_POINT('Ctrl Pts',(-9.7,3.08082850690272,5.21136556152661));
#7121=CARTESIAN_POINT('Ctrl Pts',(-10.,3.10527272842866,5.16405512498191));
#7122=CARTESIAN_POINT('Ctrl Pts',(-9.7,3.10527272842866,5.16405512498191));
#7123=CARTESIAN_POINT('Ctrl Pts',(-10.,3.15350572273822,5.07070283662119));
#7124=CARTESIAN_POINT('Ctrl Pts',(-9.7,3.15350572273822,5.07070283662119));
#7125=CARTESIAN_POINT('Ctrl Pts',(-10.,3.23160176207791,5.00044884217453));
#7126=CARTESIAN_POINT('Ctrl Pts',(-9.7,3.23160176207791,5.00044884217453));
#7127=CARTESIAN_POINT('Ctrl Pts',(-10.,3.27011914964107,4.96579919342358));
#7128=CARTESIAN_POINT('Ctrl Pts',(-9.7,3.27011914964107,4.96579919342358));
#7129=CARTESIAN_POINT('',(-10.,3.08082850690272,5.21136556152661));
#7130=CARTESIAN_POINT('Ctrl Pts',(-10.,3.08082850690272,5.21136556152661));
#7131=CARTESIAN_POINT('Ctrl Pts',(-10.,3.10527272842866,5.16405512498191));
#7132=CARTESIAN_POINT('Ctrl Pts',(-10.,3.15350572273822,5.07070283662119));
#7133=CARTESIAN_POINT('Ctrl Pts',(-10.,3.23160176207791,5.00044884217453));
#7134=CARTESIAN_POINT('Ctrl Pts',(-10.,3.27011914964107,4.96579919342358));
#7135=CARTESIAN_POINT('',(-9.7,3.08082850690272,5.21136556152661));
#7136=CARTESIAN_POINT('',(-10.,3.08082850690272,5.21136556152661));
#7137=CARTESIAN_POINT('Ctrl Pts',(-9.7,3.08082850690272,5.21136556152661));
#7138=CARTESIAN_POINT('Ctrl Pts',(-9.7,3.10527272842866,5.16405512498191));
#7139=CARTESIAN_POINT('Ctrl Pts',(-9.7,3.15350572273822,5.07070283662119));
#7140=CARTESIAN_POINT('Ctrl Pts',(-9.7,3.23160176207791,5.00044884217453));
#7141=CARTESIAN_POINT('Ctrl Pts',(-9.7,3.27011914964107,4.96579919342358));
#7142=CARTESIAN_POINT('Ctrl Pts',(-10.,3.01346840377238,5.52770290855725));
#7143=CARTESIAN_POINT('Ctrl Pts',(-9.7,3.01346840377238,5.52770290855725));
#7144=CARTESIAN_POINT('Ctrl Pts',(-10.,3.01621482185258,5.4728755162369));
#7145=CARTESIAN_POINT('Ctrl Pts',(-9.7,3.01621482185258,5.4728755162369));
#7146=CARTESIAN_POINT('Ctrl Pts',(-10.,3.02167855019499,5.36380181783634));
#7147=CARTESIAN_POINT('Ctrl Pts',(-9.7,3.02167855019499,5.36380181783634));
#7148=CARTESIAN_POINT('Ctrl Pts',(-10.,3.06118200575059,5.26199685953439));
#7149=CARTESIAN_POINT('Ctrl Pts',(-9.7,3.06118200575059,5.26199685953439));
#7150=CARTESIAN_POINT('Ctrl Pts',(-10.,3.08082850690272,5.21136556152661));
#7151=CARTESIAN_POINT('Ctrl Pts',(-9.7,3.08082850690272,5.21136556152661));
#7152=CARTESIAN_POINT('',(-10.,3.01346840377238,5.52770290855725));
#7153=CARTESIAN_POINT('Ctrl Pts',(-10.,3.01346840377238,5.52770290855725));
#7154=CARTESIAN_POINT('Ctrl Pts',(-10.,3.01621482185258,5.4728755162369));
#7155=CARTESIAN_POINT('Ctrl Pts',(-10.,3.02167855019499,5.36380181783634));
#7156=CARTESIAN_POINT('Ctrl Pts',(-10.,3.06118200575059,5.26199685953439));
#7157=CARTESIAN_POINT('Ctrl Pts',(-10.,3.08082850690272,5.21136556152661));
#7158=CARTESIAN_POINT('',(-9.7,3.01346840377238,5.52770290855725));
#7159=CARTESIAN_POINT('',(-10.,3.01346840377238,5.52770290855725));
#7160=CARTESIAN_POINT('Ctrl Pts',(-9.7,3.01346840377238,5.52770290855725));
#7161=CARTESIAN_POINT('Ctrl Pts',(-9.7,3.01621482185258,5.4728755162369));
#7162=CARTESIAN_POINT('Ctrl Pts',(-9.7,3.02167855019499,5.36380181783634));
#7163=CARTESIAN_POINT('Ctrl Pts',(-9.7,3.06118200575059,5.26199685953439));
#7164=CARTESIAN_POINT('Ctrl Pts',(-9.7,3.08082850690272,5.21136556152661));
#7165=CARTESIAN_POINT('Ctrl Pts',(-10.,3.25732918496516,6.02395091537792));
#7166=CARTESIAN_POINT('Ctrl Pts',(-9.7,3.25732918496516,6.02395091537792));
#7167=CARTESIAN_POINT('Ctrl Pts',(-10.,3.1862049432092,5.95515910801981));
#7168=CARTESIAN_POINT('Ctrl Pts',(-9.7,3.1862049432092,5.95515910801981));
#7169=CARTESIAN_POINT('Ctrl Pts',(-10.,3.04529698696343,5.81887205958215));
#7170=CARTESIAN_POINT('Ctrl Pts',(-9.7,3.04529698696343,5.81887205958215));
#7171=CARTESIAN_POINT('Ctrl Pts',(-10.,3.02401042830645,5.62414177029499));
#7172=CARTESIAN_POINT('Ctrl Pts',(-9.7,3.02401042830645,5.62414177029499));
#7173=CARTESIAN_POINT('Ctrl Pts',(-10.,3.01346840377238,5.52770290855725));
#7174=CARTESIAN_POINT('Ctrl Pts',(-9.7,3.01346840377238,5.52770290855725));
#7175=CARTESIAN_POINT('',(-10.,3.25732918496516,6.02395091537792));
#7176=CARTESIAN_POINT('Ctrl Pts',(-10.,3.25732918496516,6.02395091537792));
#7177=CARTESIAN_POINT('Ctrl Pts',(-10.,3.1862049432092,5.95515910801981));
#7178=CARTESIAN_POINT('Ctrl Pts',(-10.,3.04529698696343,5.81887205958215));
#7179=CARTESIAN_POINT('Ctrl Pts',(-10.,3.02401042830645,5.62414177029499));
#7180=CARTESIAN_POINT('Ctrl Pts',(-10.,3.01346840377238,5.52770290855725));
#7181=CARTESIAN_POINT('',(-9.7,3.25732918496516,6.02395091537792));
#7182=CARTESIAN_POINT('',(-10.,3.25732918496516,6.02395091537792));
#7183=CARTESIAN_POINT('Ctrl Pts',(-9.7,3.25732918496516,6.02395091537792));
#7184=CARTESIAN_POINT('Ctrl Pts',(-9.7,3.1862049432092,5.95515910801981));
#7185=CARTESIAN_POINT('Ctrl Pts',(-9.7,3.04529698696343,5.81887205958215));
#7186=CARTESIAN_POINT('Ctrl Pts',(-9.7,3.02401042830645,5.62414177029499));
#7187=CARTESIAN_POINT('Ctrl Pts',(-9.7,3.01346840377238,5.52770290855725));
#7188=CARTESIAN_POINT('Origin',(-10.,2.36544670577434,6.02395091537792));
#7189=CARTESIAN_POINT('',(-10.,2.36544670577434,6.02395091537792));
#7190=CARTESIAN_POINT('',(-10.,1.18272335288717,6.02395091537792));
#7191=CARTESIAN_POINT('',(-9.7,2.36544670577434,6.02395091537792));
#7192=CARTESIAN_POINT('',(-10.,2.36544670577434,6.02395091537792));
#7193=CARTESIAN_POINT('',(-9.7,2.36544670577434,6.02395091537792));
#7194=CARTESIAN_POINT('Origin',(-10.,2.36544670577434,6.33090887550671));
#7195=CARTESIAN_POINT('',(-10.,2.36544670577434,6.33090887550671));
#7196=CARTESIAN_POINT('',(-10.,2.36544670577434,3.16545443775335));
#7197=CARTESIAN_POINT('',(-9.7,2.36544670577434,6.33090887550671));
#7198=CARTESIAN_POINT('',(-10.,2.36544670577434,6.33090887550671));
#7199=CARTESIAN_POINT('',(-9.7,2.36544670577434,6.33090887550671));
#7200=CARTESIAN_POINT('Origin',(-10.,4.86544670577434,6.33090887550671));
#7201=CARTESIAN_POINT('',(-10.,4.86544670577434,6.33090887550671));
#7202=CARTESIAN_POINT('',(-10.,2.43272335288717,6.33090887550671));
#7203=CARTESIAN_POINT('',(-9.7,4.86544670577434,6.33090887550671));
#7204=CARTESIAN_POINT('',(-10.,4.86544670577434,6.33090887550671));
#7205=CARTESIAN_POINT('',(-9.7,4.86544670577434,6.33090887550671));
#7206=CARTESIAN_POINT('Origin',(-10.,4.86544670577434,6.04612026695568));
#7207=CARTESIAN_POINT('',(-10.,4.86544670577434,6.04612026695568));
#7208=CARTESIAN_POINT('',(-10.,4.86544670577434,3.02306013347784));
#7209=CARTESIAN_POINT('',(-9.7,4.86544670577434,6.04612026695568));
#7210=CARTESIAN_POINT('',(-10.,4.86544670577434,6.04612026695568));
#7211=CARTESIAN_POINT('',(-9.7,4.86544670577434,6.04612026695568));
#7212=CARTESIAN_POINT('Origin',(-10.,4.63863911147502,6.04612026695568));
#7213=CARTESIAN_POINT('',(-10.,2.31931955573751,6.04612026695568));
#7214=CARTESIAN_POINT('',(-9.7,4.63863911147502,6.04612026695568));
#7215=CARTESIAN_POINT('Origin',(-9.7,3.63676326389697,11.4417551677342));
#7216=CARTESIAN_POINT('Origin',(-10.,3.68707018013385,10.4134473610337));
#7217=CARTESIAN_POINT('',(-10.,3.68707018013385,10.4134473610337));
#7218=CARTESIAN_POINT('',(-10.,4.86544670577434,10.4134473610337));
#7219=CARTESIAN_POINT('',(-10.,1.84353509006692,10.4134473610337));
#7220=CARTESIAN_POINT('',(-9.7,3.68707018013385,10.4134473610337));
#7221=CARTESIAN_POINT('',(-10.,3.68707018013385,10.4134473610337));
#7222=CARTESIAN_POINT('',(-9.7,4.86544670577434,10.4134473610337));
#7223=CARTESIAN_POINT('',(-9.7,3.68707018013385,10.4134473610337));
#7224=CARTESIAN_POINT('',(-10.,4.86544670577434,10.4134473610337));
#7225=CARTESIAN_POINT('Origin',(-10.,3.68707018013385,9.11399279121716));
#7226=CARTESIAN_POINT('',(-10.,3.68707018013385,9.11399279121716));
#7227=CARTESIAN_POINT('',(-10.,3.68707018013385,4.55699639560858));
#7228=CARTESIAN_POINT('',(-9.7,3.68707018013385,9.11399279121716));
#7229=CARTESIAN_POINT('',(-10.,3.68707018013385,9.11399279121716));
#7230=CARTESIAN_POINT('',(-9.7,3.68707018013385,9.11399279121716));
#7231=CARTESIAN_POINT('Origin',(-10.,4.86544670577434,9.11399279121716));
#7232=CARTESIAN_POINT('',(-10.,4.86544670577434,9.11399279121716));
#7233=CARTESIAN_POINT('',(-10.,2.43272335288717,9.11399279121716));
#7234=CARTESIAN_POINT('',(-9.7,4.86544670577434,9.11399279121716));
#7235=CARTESIAN_POINT('',(-10.,4.86544670577434,9.11399279121716));
#7236=CARTESIAN_POINT('',(-9.7,4.86544670577434,9.11399279121716));
#7237=CARTESIAN_POINT('Origin',(-10.,4.86544670577434,8.78316078667004));
#7238=CARTESIAN_POINT('',(-10.,4.86544670577434,8.78316078667004));
#7239=CARTESIAN_POINT('',(-10.,4.86544670577434,4.39158039333502));
#7240=CARTESIAN_POINT('',(-9.7,4.86544670577434,8.78316078667004));
#7241=CARTESIAN_POINT('',(-10.,4.86544670577434,8.78316078667004));
#7242=CARTESIAN_POINT('',(-9.7,4.86544670577434,8.78316078667004));
#7243=CARTESIAN_POINT('Origin',(-10.,2.36544670577434,8.78316078667004));
#7244=CARTESIAN_POINT('',(-10.,2.36544670577434,8.78316078667004));
#7245=CARTESIAN_POINT('',(-10.,1.18272335288717,8.78316078667004));
#7246=CARTESIAN_POINT('',(-9.7,2.36544670577434,8.78316078667004));
#7247=CARTESIAN_POINT('',(-10.,2.36544670577434,8.78316078667004));
#7248=CARTESIAN_POINT('',(-9.7,2.36544670577434,8.78316078667004));
#7249=CARTESIAN_POINT('Origin',(-10.,2.36544670577434,9.11399279121716));
#7250=CARTESIAN_POINT('',(-10.,2.36544670577434,9.11399279121716));
#7251=CARTESIAN_POINT('',(-10.,2.36544670577434,4.55699639560858));
#7252=CARTESIAN_POINT('',(-9.7,2.36544670577434,9.11399279121716));
#7253=CARTESIAN_POINT('',(-10.,2.36544670577434,9.11399279121716));
#7254=CARTESIAN_POINT('',(-9.7,2.36544670577434,9.11399279121716));
#7255=CARTESIAN_POINT('Origin',(-10.,3.39204968924907,9.11399279121716));
#7256=CARTESIAN_POINT('',(-10.,3.39204968924907,9.11399279121716));
#7257=CARTESIAN_POINT('',(-10.,1.69602484462453,9.11399279121716));
#7258=CARTESIAN_POINT('',(-9.7,3.39204968924907,9.11399279121716));
#7259=CARTESIAN_POINT('',(-10.,3.39204968924907,9.11399279121716));
#7260=CARTESIAN_POINT('',(-9.7,3.39204968924907,9.11399279121716));
#7261=CARTESIAN_POINT('Origin',(-10.,3.39204968924907,10.4134473610337));
#7262=CARTESIAN_POINT('',(-10.,3.39204968924907,10.4134473610337));
#7263=CARTESIAN_POINT('',(-10.,3.39204968924907,5.20672368051687));
#7264=CARTESIAN_POINT('',(-9.7,3.39204968924907,10.4134473610337));
#7265=CARTESIAN_POINT('',(-10.,3.39204968924907,10.4134473610337));
#7266=CARTESIAN_POINT('',(-9.7,3.39204968924907,10.4134473610337));
#7267=CARTESIAN_POINT('Origin',(-10.,2.36544670577434,10.4134473610337));
#7268=CARTESIAN_POINT('',(-10.,2.36544670577434,10.4134473610337));
#7269=CARTESIAN_POINT('',(-10.,1.18272335288717,10.4134473610337));
#7270=CARTESIAN_POINT('',(-9.7,2.36544670577434,10.4134473610337));
#7271=CARTESIAN_POINT('',(-10.,2.36544670577434,10.4134473610337));
#7272=CARTESIAN_POINT('',(-9.7,2.36544670577434,10.4134473610337));
#7273=CARTESIAN_POINT('Origin',(-10.,2.36544670577434,10.7442793655809));
#7274=CARTESIAN_POINT('',(-10.,2.36544670577434,10.7442793655809));
#7275=CARTESIAN_POINT('',(-10.,2.36544670577434,5.37213968279043));
#7276=CARTESIAN_POINT('',(-9.7,2.36544670577434,10.7442793655809));
#7277=CARTESIAN_POINT('',(-10.,2.36544670577434,10.7442793655809));
#7278=CARTESIAN_POINT('',(-9.7,2.36544670577434,10.7442793655809));
#7279=CARTESIAN_POINT('Origin',(-10.,4.86544670577434,10.7442793655809));
#7280=CARTESIAN_POINT('',(-10.,4.86544670577434,10.7442793655809));
#7281=CARTESIAN_POINT('',(-10.,2.43272335288717,10.7442793655809));
#7282=CARTESIAN_POINT('',(-9.7,4.86544670577434,10.7442793655809));
#7283=CARTESIAN_POINT('',(-10.,4.86544670577434,10.7442793655809));
#7284=CARTESIAN_POINT('',(-9.7,4.86544670577434,10.7442793655809));
#7285=CARTESIAN_POINT('Origin',(-10.,4.86544670577434,10.4134473610337));
#7286=CARTESIAN_POINT('',(-10.,4.86544670577434,5.20672368051687));
#7287=CARTESIAN_POINT('',(-9.7,4.86544670577434,10.4134473610337));
#7288=CARTESIAN_POINT('Origin',(-9.7,3.63676326389697,11.4417551677342));
#7289=CARTESIAN_POINT('Origin',(-10.,3.05439623113063,6.81010518555004));
#7290=CARTESIAN_POINT('',(-10.,3.05439623113063,6.81010518555004));
#7291=CARTESIAN_POINT('',(-10.,4.86544670577434,6.81010518555004));
#7292=CARTESIAN_POINT('',(-10.,1.52719811556531,6.81010518555004));
#7293=CARTESIAN_POINT('',(-9.7,3.05439623113063,6.81010518555004));
#7294=CARTESIAN_POINT('',(-10.,3.05439623113063,6.81010518555004));
#7295=CARTESIAN_POINT('',(-9.7,4.86544670577434,6.81010518555004));
#7296=CARTESIAN_POINT('',(-9.7,3.05439623113063,6.81010518555004));
#7297=CARTESIAN_POINT('',(-10.,4.86544670577434,6.81010518555004));
#7298=CARTESIAN_POINT('Origin',(-10.,3.05439623113063,7.11706195358593));
#7299=CARTESIAN_POINT('',(-10.,3.05439623113063,7.11706195358593));
#7300=CARTESIAN_POINT('',(-10.,3.05439623113063,3.55853097679297));
#7301=CARTESIAN_POINT('',(-9.7,3.05439623113063,7.11706195358593));
#7302=CARTESIAN_POINT('',(-10.,3.05439623113063,7.11706195358593));
#7303=CARTESIAN_POINT('',(-9.7,3.05439623113063,7.11706195358593));
#7304=CARTESIAN_POINT('Origin',(-10.,4.02472363825229,7.11706195358593));
#7305=CARTESIAN_POINT('',(-10.,4.02472363825229,7.11706195358593));
#7306=CARTESIAN_POINT('',(-10.,2.01236181912614,7.11706195358593));
#7307=CARTESIAN_POINT('',(-9.7,4.02472363825229,7.11706195358593));
#7308=CARTESIAN_POINT('',(-10.,4.02472363825229,7.11706195358593));
#7309=CARTESIAN_POINT('',(-9.7,4.02472363825229,7.11706195358593));
#7310=CARTESIAN_POINT('Ctrl Pts',(-10.,4.37857778783229,7.16736946586926));
#7311=CARTESIAN_POINT('Ctrl Pts',(-9.7,4.37857778783229,7.16736946586926));
#7312=CARTESIAN_POINT('Ctrl Pts',(-10.,4.32908299055017,7.15276957914187));
#7313=CARTESIAN_POINT('Ctrl Pts',(-9.7,4.32908299055017,7.15276957914187));
#7314=CARTESIAN_POINT('Ctrl Pts',(-10.,4.21381348461483,7.11876758656506));
#7315=CARTESIAN_POINT('Ctrl Pts',(-9.7,4.21381348461483,7.11876758656506));
#7316=CARTESIAN_POINT('Ctrl Pts',(-10.,4.09342138472291,7.11768162272326));
#7317=CARTESIAN_POINT('Ctrl Pts',(-9.7,4.09342138472291,7.11768162272326));
#7318=CARTESIAN_POINT('Ctrl Pts',(-10.,4.02472363825229,7.11706195358593));
#7319=CARTESIAN_POINT('Ctrl Pts',(-9.7,4.02472363825229,7.11706195358593));
#7320=CARTESIAN_POINT('',(-10.,4.37857778783229,7.16736946586926));
#7321=CARTESIAN_POINT('Ctrl Pts',(-10.,4.37857778783229,7.16736946586926));
#7322=CARTESIAN_POINT('Ctrl Pts',(-10.,4.32908299055017,7.15276957914187));
#7323=CARTESIAN_POINT('Ctrl Pts',(-10.,4.21381348461483,7.11876758656506));
#7324=CARTESIAN_POINT('Ctrl Pts',(-10.,4.09342138472291,7.11768162272326));
#7325=CARTESIAN_POINT('Ctrl Pts',(-10.,4.02472363825229,7.11706195358593));
#7326=CARTESIAN_POINT('',(-9.7,4.37857778783229,7.16736946586926));
#7327=CARTESIAN_POINT('',(-10.,4.37857778783229,7.16736946586926));
#7328=CARTESIAN_POINT('Ctrl Pts',(-9.7,4.37857778783229,7.16736946586926));
#7329=CARTESIAN_POINT('Ctrl Pts',(-9.7,4.32908299055017,7.15276957914187));
#7330=CARTESIAN_POINT('Ctrl Pts',(-9.7,4.21381348461483,7.11876758656506));
#7331=CARTESIAN_POINT('Ctrl Pts',(-9.7,4.09342138472291,7.11768162272326));
#7332=CARTESIAN_POINT('Ctrl Pts',(-9.7,4.02472363825229,7.11706195358593));
#7333=CARTESIAN_POINT('Ctrl Pts',(-10.,4.57127900834468,7.33875427727062));
#7334=CARTESIAN_POINT('Ctrl Pts',(-9.7,4.57127900834468,7.33875427727062));
#7335=CARTESIAN_POINT('Ctrl Pts',(-10.,4.54590454497197,7.30148916976314));
#7336=CARTESIAN_POINT('Ctrl Pts',(-9.7,4.54590454497197,7.30148916976314));
#7337=CARTESIAN_POINT('Ctrl Pts',(-10.,4.49598438493136,7.22817608710284));
#7338=CARTESIAN_POINT('Ctrl Pts',(-9.7,4.49598438493136,7.22817608710284));
#7339=CARTESIAN_POINT('Ctrl Pts',(-10.,4.41727776184165,7.18741275746855));
#7340=CARTESIAN_POINT('Ctrl Pts',(-9.7,4.41727776184165,7.18741275746855));
#7341=CARTESIAN_POINT('Ctrl Pts',(-10.,4.37857778783229,7.16736946586926));
#7342=CARTESIAN_POINT('Ctrl Pts',(-9.7,4.37857778783229,7.16736946586926));
#7343=CARTESIAN_POINT('',(-10.,4.57127900834468,7.33875427727062));
#7344=CARTESIAN_POINT('Ctrl Pts',(-10.,4.57127900834468,7.33875427727062));
#7345=CARTESIAN_POINT('Ctrl Pts',(-10.,4.54590454497197,7.30148916976314));
#7346=CARTESIAN_POINT('Ctrl Pts',(-10.,4.49598438493136,7.22817608710284));
#7347=CARTESIAN_POINT('Ctrl Pts',(-10.,4.41727776184165,7.18741275746855));
#7348=CARTESIAN_POINT('Ctrl Pts',(-10.,4.37857778783229,7.16736946586926));
#7349=CARTESIAN_POINT('',(-9.7,4.57127900834468,7.33875427727062));
#7350=CARTESIAN_POINT('',(-10.,4.57127900834468,7.33875427727062));
#7351=CARTESIAN_POINT('Ctrl Pts',(-9.7,4.57127900834468,7.33875427727062));
#7352=CARTESIAN_POINT('Ctrl Pts',(-9.7,4.54590454497197,7.30148916976314));
#7353=CARTESIAN_POINT('Ctrl Pts',(-9.7,4.49598438493136,7.22817608710284));
#7354=CARTESIAN_POINT('Ctrl Pts',(-9.7,4.41727776184165,7.18741275746855));
#7355=CARTESIAN_POINT('Ctrl Pts',(-9.7,4.37857778783229,7.16736946586926));
#7356=CARTESIAN_POINT('Ctrl Pts',(-10.,4.64204968924907,7.59796295646984));
#7357=CARTESIAN_POINT('Ctrl Pts',(-9.7,4.64204968924907,7.59796295646984));
#7358=CARTESIAN_POINT('Ctrl Pts',(-10.,4.6390539474559,7.55254994737861));
#7359=CARTESIAN_POINT('Ctrl Pts',(-9.7,4.6390539474559,7.55254994737861));
#7360=CARTESIAN_POINT('Ctrl Pts',(-10.,4.63303838729548,7.46135894791483));
#7361=CARTESIAN_POINT('Ctrl Pts',(-9.7,4.63303838729548,7.46135894791483));
#7362=CARTESIAN_POINT('Ctrl Pts',(-10.,4.59192032473609,7.37973140237818));
#7363=CARTESIAN_POINT('Ctrl Pts',(-9.7,4.59192032473609,7.37973140237818));
#7364=CARTESIAN_POINT('Ctrl Pts',(-10.,4.57127900834468,7.33875427727062));
#7365=CARTESIAN_POINT('Ctrl Pts',(-9.7,4.57127900834468,7.33875427727062));
#7366=CARTESIAN_POINT('',(-10.,4.64204968924907,7.59796295646984));
#7367=CARTESIAN_POINT('Ctrl Pts',(-10.,4.64204968924907,7.59796295646984));
#7368=CARTESIAN_POINT('Ctrl Pts',(-10.,4.6390539474559,7.55254994737861));
#7369=CARTESIAN_POINT('Ctrl Pts',(-10.,4.63303838729548,7.46135894791483));
#7370=CARTESIAN_POINT('Ctrl Pts',(-10.,4.59192032473609,7.37973140237818));
#7371=CARTESIAN_POINT('Ctrl Pts',(-10.,4.57127900834468,7.33875427727062));
#7372=CARTESIAN_POINT('',(-9.7,4.64204968924907,7.59796295646984));
#7373=CARTESIAN_POINT('',(-10.,4.64204968924907,7.59796295646984));
#7374=CARTESIAN_POINT('Ctrl Pts',(-9.7,4.64204968924907,7.59796295646984));
#7375=CARTESIAN_POINT('Ctrl Pts',(-9.7,4.6390539474559,7.55254994737861));
#7376=CARTESIAN_POINT('Ctrl Pts',(-9.7,4.63303838729548,7.46135894791483));
#7377=CARTESIAN_POINT('Ctrl Pts',(-9.7,4.59192032473609,7.37973140237818));
#7378=CARTESIAN_POINT('Ctrl Pts',(-9.7,4.57127900834468,7.33875427727062));
#7379=CARTESIAN_POINT('Ctrl Pts',(-10.,4.5729842972317,7.82988582138378));
#7380=CARTESIAN_POINT('Ctrl Pts',(-9.7,4.5729842972317,7.82988582138378));
#7381=CARTESIAN_POINT('Ctrl Pts',(-10.,4.59311683526116,7.79580384393207));
#7382=CARTESIAN_POINT('Ctrl Pts',(-9.7,4.59311683526116,7.79580384393207));
#7383=CARTESIAN_POINT('Ctrl Pts',(-10.,4.63531695802023,7.72436408654876));
#7384=CARTESIAN_POINT('Ctrl Pts',(-9.7,4.63531695802023,7.72436408654876));
#7385=CARTESIAN_POINT('Ctrl Pts',(-10.,4.63973787321175,7.64136527712096));
#7386=CARTESIAN_POINT('Ctrl Pts',(-9.7,4.63973787321175,7.64136527712096));
#7387=CARTESIAN_POINT('Ctrl Pts',(-10.,4.64204968924907,7.59796295646984));
#7388=CARTESIAN_POINT('Ctrl Pts',(-9.7,4.64204968924907,7.59796295646984));
#7389=CARTESIAN_POINT('',(-10.,4.5729842972317,7.82988582138378));
#7390=CARTESIAN_POINT('Ctrl Pts',(-10.,4.5729842972317,7.82988582138378));
#7391=CARTESIAN_POINT('Ctrl Pts',(-10.,4.59311683526116,7.79580384393207));
#7392=CARTESIAN_POINT('Ctrl Pts',(-10.,4.63531695802023,7.72436408654876));
#7393=CARTESIAN_POINT('Ctrl Pts',(-10.,4.63973787321175,7.64136527712096));
#7394=CARTESIAN_POINT('Ctrl Pts',(-10.,4.64204968924907,7.59796295646984));
#7395=CARTESIAN_POINT('',(-9.7,4.5729842972317,7.82988582138378));
#7396=CARTESIAN_POINT('',(-10.,4.5729842972317,7.82988582138378));
#7397=CARTESIAN_POINT('Ctrl Pts',(-9.7,4.5729842972317,7.82988582138378));
#7398=CARTESIAN_POINT('Ctrl Pts',(-9.7,4.59311683526116,7.79580384393207));
#7399=CARTESIAN_POINT('Ctrl Pts',(-9.7,4.63531695802023,7.72436408654876));
#7400=CARTESIAN_POINT('Ctrl Pts',(-9.7,4.63973787321175,7.64136527712096));
#7401=CARTESIAN_POINT('Ctrl Pts',(-9.7,4.64204968924907,7.59796295646984));
#7402=CARTESIAN_POINT('Ctrl Pts',(-10.,4.38284101004985,7.9526690054353));
#7403=CARTESIAN_POINT('Ctrl Pts',(-9.7,4.38284101004985,7.9526690054353));
#7404=CARTESIAN_POINT('Ctrl Pts',(-10.,4.42081356067705,7.94059959554426));
#7405=CARTESIAN_POINT('Ctrl Pts',(-9.7,4.42081356067705,7.94059959554426));
#7406=CARTESIAN_POINT('Ctrl Pts',(-10.,4.49539696515143,7.91689358515513));
#7407=CARTESIAN_POINT('Ctrl Pts',(-9.7,4.49539696515143,7.91689358515513));
#7408=CARTESIAN_POINT('Ctrl Pts',(-10.,4.54743856746057,7.85853324051392));
#7409=CARTESIAN_POINT('Ctrl Pts',(-9.7,4.54743856746057,7.85853324051392));
#7410=CARTESIAN_POINT('Ctrl Pts',(-10.,4.5729842972317,7.82988582138378));
#7411=CARTESIAN_POINT('Ctrl Pts',(-9.7,4.5729842972317,7.82988582138378));
#7412=CARTESIAN_POINT('',(-10.,4.38284101004985,7.9526690054353));
#7413=CARTESIAN_POINT('Ctrl Pts',(-10.,4.38284101004985,7.9526690054353));
#7414=CARTESIAN_POINT('Ctrl Pts',(-10.,4.42081356067705,7.94059959554426));
#7415=CARTESIAN_POINT('Ctrl Pts',(-10.,4.49539696515143,7.91689358515513));
#7416=CARTESIAN_POINT('Ctrl Pts',(-10.,4.54743856746057,7.85853324051392));
#7417=CARTESIAN_POINT('Ctrl Pts',(-10.,4.5729842972317,7.82988582138378));
#7418=CARTESIAN_POINT('',(-9.7,4.38284101004985,7.9526690054353));
#7419=CARTESIAN_POINT('',(-10.,4.38284101004985,7.9526690054353));
#7420=CARTESIAN_POINT('Ctrl Pts',(-9.7,4.38284101004985,7.9526690054353));
#7421=CARTESIAN_POINT('Ctrl Pts',(-9.7,4.42081356067705,7.94059959554426));
#7422=CARTESIAN_POINT('Ctrl Pts',(-9.7,4.49539696515143,7.91689358515513));
#7423=CARTESIAN_POINT('Ctrl Pts',(-9.7,4.54743856746057,7.85853324051392));
#7424=CARTESIAN_POINT('Ctrl Pts',(-9.7,4.5729842972317,7.82988582138378));
#7425=CARTESIAN_POINT('Ctrl Pts',(-10.,4.05883001203921,7.97142777923901));
#7426=CARTESIAN_POINT('Ctrl Pts',(-9.7,4.05883001203921,7.97142777923901));
#7427=CARTESIAN_POINT('Ctrl Pts',(-10.,4.1260354293028,7.97174644774893));
#7428=CARTESIAN_POINT('Ctrl Pts',(-9.7,4.1260354293028,7.97174644774893));
#7429=CARTESIAN_POINT('Ctrl Pts',(-10.,4.2345046988723,7.9722607774252));
#7430=CARTESIAN_POINT('Ctrl Pts',(-9.7,4.2345046988723,7.9722607774252));
#7431=CARTESIAN_POINT('Ctrl Pts',(-10.,4.34196209455427,7.95806815811225));
#7432=CARTESIAN_POINT('Ctrl Pts',(-9.7,4.34196209455427,7.95806815811225));
#7433=CARTESIAN_POINT('Ctrl Pts',(-10.,4.38284101004985,7.9526690054353));
#7434=CARTESIAN_POINT('Ctrl Pts',(-9.7,4.38284101004985,7.9526690054353));
#7435=CARTESIAN_POINT('',(-10.,4.05883001203921,7.97142777923901));
#7436=CARTESIAN_POINT('Ctrl Pts',(-10.,4.05883001203921,7.97142777923901));
#7437=CARTESIAN_POINT('Ctrl Pts',(-10.,4.1260354293028,7.97174644774893));
#7438=CARTESIAN_POINT('Ctrl Pts',(-10.,4.2345046988723,7.9722607774252));
#7439=CARTESIAN_POINT('Ctrl Pts',(-10.,4.34196209455427,7.95806815811225));
#7440=CARTESIAN_POINT('Ctrl Pts',(-10.,4.38284101004985,7.9526690054353));
#7441=CARTESIAN_POINT('',(-9.7,4.05883001203921,7.97142777923901));
#7442=CARTESIAN_POINT('',(-10.,4.05883001203921,7.97142777923901));
#7443=CARTESIAN_POINT('Ctrl Pts',(-9.7,4.05883001203921,7.97142777923901));
#7444=CARTESIAN_POINT('Ctrl Pts',(-9.7,4.1260354293028,7.97174644774893));
#7445=CARTESIAN_POINT('Ctrl Pts',(-9.7,4.2345046988723,7.9722607774252));
#7446=CARTESIAN_POINT('Ctrl Pts',(-9.7,4.34196209455427,7.95806815811225));
#7447=CARTESIAN_POINT('Ctrl Pts',(-9.7,4.38284101004985,7.9526690054353));
#7448=CARTESIAN_POINT('Origin',(-10.,3.05439623113063,7.97142777923901));
#7449=CARTESIAN_POINT('',(-10.,3.05439623113063,7.97142777923901));
#7450=CARTESIAN_POINT('',(-10.,1.52719811556531,7.97142777923901));
#7451=CARTESIAN_POINT('',(-9.7,3.05439623113063,7.97142777923901));
#7452=CARTESIAN_POINT('',(-10.,3.05439623113063,7.97142777923901));
#7453=CARTESIAN_POINT('',(-9.7,3.05439623113063,7.97142777923901));
#7454=CARTESIAN_POINT('Origin',(-10.,3.05439623113063,8.27838573936779));
#7455=CARTESIAN_POINT('',(-10.,3.05439623113063,8.27838573936779));
#7456=CARTESIAN_POINT('',(-10.,3.05439623113063,4.1391928696839));
#7457=CARTESIAN_POINT('',(-9.7,3.05439623113063,8.27838573936779));
#7458=CARTESIAN_POINT('',(-10.,3.05439623113063,8.27838573936779));
#7459=CARTESIAN_POINT('',(-9.7,3.05439623113063,8.27838573936779));
#7460=CARTESIAN_POINT('Origin',(-10.,4.17649718041804,8.27838573936779));
#7461=CARTESIAN_POINT('',(-10.,4.17649718041804,8.27838573936779));
#7462=CARTESIAN_POINT('',(-10.,2.08824859020902,8.27838573936779));
#7463=CARTESIAN_POINT('',(-9.7,4.17649718041804,8.27838573936779));
#7464=CARTESIAN_POINT('',(-10.,4.17649718041804,8.27838573936779));
#7465=CARTESIAN_POINT('',(-9.7,4.17649718041804,8.27838573936779));
#7466=CARTESIAN_POINT('Ctrl Pts',(-10.,4.46299107785609,8.25962696556408));
#7467=CARTESIAN_POINT('Ctrl Pts',(-9.7,4.46299107785609,8.25962696556408));
#7468=CARTESIAN_POINT('Ctrl Pts',(-10.,4.42410748805983,8.26505480907902));
#7469=CARTESIAN_POINT('Ctrl Pts',(-9.7,4.42410748805983,8.26505480907902));
#7470=CARTESIAN_POINT('Ctrl Pts',(-10.,4.32912710148161,8.27831332451023));
#7471=CARTESIAN_POINT('Ctrl Pts',(-9.7,4.32912710148161,8.27831332451023));
#7472=CARTESIAN_POINT('Ctrl Pts',(-10.,4.23317052760599,8.27835885084989));
#7473=CARTESIAN_POINT('Ctrl Pts',(-9.7,4.23317052760599,8.27835885084989));
#7474=CARTESIAN_POINT('Ctrl Pts',(-10.,4.17649718041804,8.27838573936779));
#7475=CARTESIAN_POINT('Ctrl Pts',(-9.7,4.17649718041804,8.27838573936779));
#7476=CARTESIAN_POINT('',(-10.,4.46299107785609,8.25962696556408));
#7477=CARTESIAN_POINT('Ctrl Pts',(-10.,4.46299107785609,8.25962696556408));
#7478=CARTESIAN_POINT('Ctrl Pts',(-10.,4.42410748805983,8.26505480907902));
#7479=CARTESIAN_POINT('Ctrl Pts',(-10.,4.32912710148161,8.27831332451023));
#7480=CARTESIAN_POINT('Ctrl Pts',(-10.,4.23317052760599,8.27835885084989));
#7481=CARTESIAN_POINT('Ctrl Pts',(-10.,4.17649718041804,8.27838573936779));
#7482=CARTESIAN_POINT('',(-9.7,4.46299107785609,8.25962696556408));
#7483=CARTESIAN_POINT('',(-10.,4.46299107785609,8.25962696556408));
#7484=CARTESIAN_POINT('Ctrl Pts',(-9.7,4.46299107785609,8.25962696556408));
#7485=CARTESIAN_POINT('Ctrl Pts',(-9.7,4.42410748805983,8.26505480907902));
#7486=CARTESIAN_POINT('Ctrl Pts',(-9.7,4.32912710148161,8.27831332451023));
#7487=CARTESIAN_POINT('Ctrl Pts',(-9.7,4.23317052760599,8.27835885084989));
#7488=CARTESIAN_POINT('Ctrl Pts',(-9.7,4.17649718041804,8.27838573936779));
#7489=CARTESIAN_POINT('Ctrl Pts',(-10.,4.69065131659892,8.16498194221813));
#7490=CARTESIAN_POINT('Ctrl Pts',(-9.7,4.69065131659892,8.16498194221813));
#7491=CARTESIAN_POINT('Ctrl Pts',(-10.,4.65697198881872,8.18595162908755));
#7492=CARTESIAN_POINT('Ctrl Pts',(-9.7,4.65697198881872,8.18595162908755));
#7493=CARTESIAN_POINT('Ctrl Pts',(-10.,4.58632860333626,8.22993616709944));
#7494=CARTESIAN_POINT('Ctrl Pts',(-9.7,4.58632860333626,8.22993616709944));
#7495=CARTESIAN_POINT('Ctrl Pts',(-10.,4.50535855053061,8.24942792769837));
#7496=CARTESIAN_POINT('Ctrl Pts',(-9.7,4.50535855053061,8.24942792769837));
#7497=CARTESIAN_POINT('Ctrl Pts',(-10.,4.46299107785609,8.25962696556408));
#7498=CARTESIAN_POINT('Ctrl Pts',(-9.7,4.46299107785609,8.25962696556408));
#7499=CARTESIAN_POINT('',(-10.,4.69065131659892,8.16498194221813));
#7500=CARTESIAN_POINT('Ctrl Pts',(-10.,4.69065131659892,8.16498194221813));
#7501=CARTESIAN_POINT('Ctrl Pts',(-10.,4.65697198881872,8.18595162908755));
#7502=CARTESIAN_POINT('Ctrl Pts',(-10.,4.58632860333626,8.22993616709944));
#7503=CARTESIAN_POINT('Ctrl Pts',(-10.,4.50535855053061,8.24942792769837));
#7504=CARTESIAN_POINT('Ctrl Pts',(-10.,4.46299107785609,8.25962696556408));
#7505=CARTESIAN_POINT('',(-9.7,4.69065131659892,8.16498194221813));
#7506=CARTESIAN_POINT('',(-10.,4.69065131659892,8.16498194221813));
#7507=CARTESIAN_POINT('Ctrl Pts',(-9.7,4.69065131659892,8.16498194221813));
#7508=CARTESIAN_POINT('Ctrl Pts',(-9.7,4.65697198881872,8.18595162908755));
#7509=CARTESIAN_POINT('Ctrl Pts',(-9.7,4.58632860333626,8.22993616709944));
#7510=CARTESIAN_POINT('Ctrl Pts',(-9.7,4.50535855053061,8.24942792769837));
#7511=CARTESIAN_POINT('Ctrl Pts',(-9.7,4.46299107785609,8.25962696556408));
#7512=CARTESIAN_POINT('Ctrl Pts',(-10.,4.84498294110682,7.95863781456311));
#7513=CARTESIAN_POINT('Ctrl Pts',(-9.7,4.84498294110682,7.95863781456311));
#7514=CARTESIAN_POINT('Ctrl Pts',(-10.,4.82450502864412,8.00099283200921));
#7515=CARTESIAN_POINT('Ctrl Pts',(-9.7,4.82450502864412,8.00099283200921));
#7516=CARTESIAN_POINT('Ctrl Pts',(-10.,4.78634750636794,8.07991506222439));
#7517=CARTESIAN_POINT('Ctrl Pts',(-9.7,4.78634750636794,8.07991506222439));
#7518=CARTESIAN_POINT('Ctrl Pts',(-10.,4.72095142751859,8.13804737036504));
#7519=CARTESIAN_POINT('Ctrl Pts',(-9.7,4.72095142751859,8.13804737036504));
#7520=CARTESIAN_POINT('Ctrl Pts',(-10.,4.69065131659892,8.16498194221813));
#7521=CARTESIAN_POINT('Ctrl Pts',(-9.7,4.69065131659892,8.16498194221813));
#7522=CARTESIAN_POINT('',(-10.,4.84498294110682,7.95863781456311));
#7523=CARTESIAN_POINT('Ctrl Pts',(-10.,4.84498294110682,7.95863781456311));
#7524=CARTESIAN_POINT('Ctrl Pts',(-10.,4.82450502864412,8.00099283200921));
#7525=CARTESIAN_POINT('Ctrl Pts',(-10.,4.78634750636794,8.07991506222439));
#7526=CARTESIAN_POINT('Ctrl Pts',(-10.,4.72095142751859,8.13804737036504));
#7527=CARTESIAN_POINT('Ctrl Pts',(-10.,4.69065131659892,8.16498194221813));
#7528=CARTESIAN_POINT('',(-9.7,4.84498294110682,7.95863781456311));
#7529=CARTESIAN_POINT('',(-10.,4.84498294110682,7.95863781456311));
#7530=CARTESIAN_POINT('Ctrl Pts',(-9.7,4.84498294110682,7.95863781456311));
#7531=CARTESIAN_POINT('Ctrl Pts',(-9.7,4.82450502864412,8.00099283200921));
#7532=CARTESIAN_POINT('Ctrl Pts',(-9.7,4.78634750636794,8.07991506222439));
#7533=CARTESIAN_POINT('Ctrl Pts',(-9.7,4.72095142751859,8.13804737036504));
#7534=CARTESIAN_POINT('Ctrl Pts',(-9.7,4.69065131659892,8.16498194221813));
#7535=CARTESIAN_POINT('Ctrl Pts',(-10.,4.90637453313258,7.6593545484956));
#7536=CARTESIAN_POINT('Ctrl Pts',(-9.7,4.90637453313258,7.6593545484956));
#7537=CARTESIAN_POINT('Ctrl Pts',(-10.,4.90396105837258,7.71156997761321));
#7538=CARTESIAN_POINT('Ctrl Pts',(-9.7,4.90396105837258,7.71156997761321));
#7539=CARTESIAN_POINT('Ctrl Pts',(-10.,4.89919996542699,7.81457603151617));
#7540=CARTESIAN_POINT('Ctrl Pts',(-9.7,4.89919996542699,7.81457603151617));
#7541=CARTESIAN_POINT('Ctrl Pts',(-10.,4.86288785662717,7.91106209296073));
#7542=CARTESIAN_POINT('Ctrl Pts',(-9.7,4.86288785662717,7.91106209296073));
#7543=CARTESIAN_POINT('Ctrl Pts',(-10.,4.84498294110682,7.95863781456311));
#7544=CARTESIAN_POINT('Ctrl Pts',(-9.7,4.84498294110682,7.95863781456311));
#7545=CARTESIAN_POINT('',(-10.,4.90637453313258,7.6593545484956));
#7546=CARTESIAN_POINT('Ctrl Pts',(-10.,4.90637453313258,7.6593545484956));
#7547=CARTESIAN_POINT('Ctrl Pts',(-10.,4.90396105837258,7.71156997761321));
#7548=CARTESIAN_POINT('Ctrl Pts',(-10.,4.89919996542699,7.81457603151617));
#7549=CARTESIAN_POINT('Ctrl Pts',(-10.,4.86288785662717,7.91106209296073));
#7550=CARTESIAN_POINT('Ctrl Pts',(-10.,4.84498294110682,7.95863781456311));
#7551=CARTESIAN_POINT('',(-9.7,4.90637453313258,7.6593545484956));
#7552=CARTESIAN_POINT('',(-10.,4.90637453313258,7.6593545484956));
#7553=CARTESIAN_POINT('Ctrl Pts',(-9.7,4.90637453313258,7.6593545484956));
#7554=CARTESIAN_POINT('Ctrl Pts',(-9.7,4.90396105837258,7.71156997761321));
#7555=CARTESIAN_POINT('Ctrl Pts',(-9.7,4.89919996542699,7.81457603151617));
#7556=CARTESIAN_POINT('Ctrl Pts',(-9.7,4.86288785662717,7.91106209296073));
#7557=CARTESIAN_POINT('Ctrl Pts',(-9.7,4.84498294110682,7.95863781456311));
#7558=CARTESIAN_POINT('Ctrl Pts',(-10.,4.5994165730038,7.08466086868603));
#7559=CARTESIAN_POINT('Ctrl Pts',(-9.7,4.5994165730038,7.08466086868603));
#7560=CARTESIAN_POINT('Ctrl Pts',(-10.,4.68894444427084,7.1609981200729));
#7561=CARTESIAN_POINT('Ctrl Pts',(-9.7,4.68894444427084,7.1609981200729));
#7562=CARTESIAN_POINT('Ctrl Pts',(-10.,4.86662961718025,7.31250398657167));
#7563=CARTESIAN_POINT('Ctrl Pts',(-9.7,4.86662961718025,7.31250398657167));
#7564=CARTESIAN_POINT('Ctrl Pts',(-10.,4.89319453038747,7.54433376536489));
#7565=CARTESIAN_POINT('Ctrl Pts',(-9.7,4.89319453038747,7.54433376536489));
#7566=CARTESIAN_POINT('Ctrl Pts',(-10.,4.90637453313258,7.6593545484956));
#7567=CARTESIAN_POINT('Ctrl Pts',(-9.7,4.90637453313258,7.6593545484956));
#7568=CARTESIAN_POINT('',(-10.,4.5994165730038,7.08466086868603));
#7569=CARTESIAN_POINT('Ctrl Pts',(-10.,4.5994165730038,7.08466086868603));
#7570=CARTESIAN_POINT('Ctrl Pts',(-10.,4.68894444427084,7.1609981200729));
#7571=CARTESIAN_POINT('Ctrl Pts',(-10.,4.86662961718025,7.31250398657167));
#7572=CARTESIAN_POINT('Ctrl Pts',(-10.,4.89319453038747,7.54433376536489));
#7573=CARTESIAN_POINT('Ctrl Pts',(-10.,4.90637453313258,7.6593545484956));
#7574=CARTESIAN_POINT('',(-9.7,4.5994165730038,7.08466086868603));
#7575=CARTESIAN_POINT('',(-10.,4.5994165730038,7.08466086868603));
#7576=CARTESIAN_POINT('Ctrl Pts',(-9.7,4.5994165730038,7.08466086868603));
#7577=CARTESIAN_POINT('Ctrl Pts',(-9.7,4.68894444427084,7.1609981200729));
#7578=CARTESIAN_POINT('Ctrl Pts',(-9.7,4.86662961718025,7.31250398657167));
#7579=CARTESIAN_POINT('Ctrl Pts',(-9.7,4.89319453038747,7.54433376536489));
#7580=CARTESIAN_POINT('Ctrl Pts',(-9.7,4.90637453313258,7.6593545484956));
#7581=CARTESIAN_POINT('Origin',(-10.,4.86544670577434,7.08466086868603));
#7582=CARTESIAN_POINT('',(-10.,4.86544670577434,7.08466086868603));
#7583=CARTESIAN_POINT('',(-10.,2.43272335288717,7.08466086868603));
#7584=CARTESIAN_POINT('',(-9.7,4.86544670577434,7.08466086868603));
#7585=CARTESIAN_POINT('',(-10.,4.86544670577434,7.08466086868603));
#7586=CARTESIAN_POINT('',(-9.7,4.86544670577434,7.08466086868603));
#7587=CARTESIAN_POINT('Origin',(-10.,4.86544670577434,6.81010518555004));
#7588=CARTESIAN_POINT('',(-10.,4.86544670577434,3.40505259277502));
#7589=CARTESIAN_POINT('',(-9.7,4.86544670577434,6.81010518555004));
#7590=CARTESIAN_POINT('Origin',(-9.7,3.63676326389697,11.4417551677342));
#7591=CARTESIAN_POINT('Origin',(-10.,3.8064426373997,11.1330929804261));
#7592=CARTESIAN_POINT('',(-10.,3.8064426373997,11.1330929804261));
#7593=CARTESIAN_POINT('',(-10.,4.11510558839229,11.1330929804261));
#7594=CARTESIAN_POINT('',(-10.,1.90322131869985,11.1330929804261));
#7595=CARTESIAN_POINT('',(-9.7,3.8064426373997,11.1330929804261));
#7596=CARTESIAN_POINT('',(-10.,3.8064426373997,11.1330929804261));
#7597=CARTESIAN_POINT('',(-9.7,4.11510558839229,11.1330929804261));
#7598=CARTESIAN_POINT('',(-9.7,3.8064426373997,11.1330929804261));
#7599=CARTESIAN_POINT('',(-10.,4.11510558839229,11.1330929804261));
#7600=CARTESIAN_POINT('Origin',(-10.,3.8064426373997,12.0761350202974));
#7601=CARTESIAN_POINT('',(-10.,3.8064426373997,12.0761350202974));
#7602=CARTESIAN_POINT('',(-10.,3.8064426373997,6.03806751014868));
#7603=CARTESIAN_POINT('',(-9.7,3.8064426373997,12.0761350202974));
#7604=CARTESIAN_POINT('',(-10.,3.8064426373997,12.0761350202974));
#7605=CARTESIAN_POINT('',(-9.7,3.8064426373997,12.0761350202974));
#7606=CARTESIAN_POINT('Origin',(-10.,4.11510558839229,12.0761350202974));
#7607=CARTESIAN_POINT('',(-10.,4.11510558839229,12.0761350202974));
#7608=CARTESIAN_POINT('',(-10.,2.05755279419614,12.0761350202974));
#7609=CARTESIAN_POINT('',(-9.7,4.11510558839229,12.0761350202974));
#7610=CARTESIAN_POINT('',(-10.,4.11510558839229,12.0761350202974));
#7611=CARTESIAN_POINT('',(-9.7,4.11510558839229,12.0761350202974));
#7612=CARTESIAN_POINT('Origin',(-10.,4.11510558839229,11.1330929804261));
#7613=CARTESIAN_POINT('',(-10.,4.11510558839229,5.56654649021307));
#7614=CARTESIAN_POINT('',(-9.7,4.11510558839229,11.1330929804261));
#7615=CARTESIAN_POINT('Origin',(-9.7,3.63676326389697,11.4417551677342));
#7616=CARTESIAN_POINT('Ctrl Pts',(-10.,3.26585577841189,13.1249073553498));
#7617=CARTESIAN_POINT('Ctrl Pts',(-9.7,3.26585577841189,13.1249073553498));
#7618=CARTESIAN_POINT('Ctrl Pts',(-10.,3.27413850018843,13.1905270512623));
#7619=CARTESIAN_POINT('Ctrl Pts',(-9.7,3.27413850018843,13.1905270512623));
#7620=CARTESIAN_POINT('Ctrl Pts',(-10.,3.29132630395082,13.32669707927));
#7621=CARTESIAN_POINT('Ctrl Pts',(-9.7,3.29132630395082,13.32669707927));
#7622=CARTESIAN_POINT('Ctrl Pts',(-10.,3.38968899475448,13.4229325148805));
#7623=CARTESIAN_POINT('Ctrl Pts',(-9.7,3.38968899475448,13.4229325148805));
#7624=CARTESIAN_POINT('Ctrl Pts',(-10.,3.44065116758731,13.4727925467904));
#7625=CARTESIAN_POINT('Ctrl Pts',(-9.7,3.44065116758731,13.4727925467904));
#7626=CARTESIAN_POINT('',(-10.,3.26585577841189,13.1249073553498));
#7627=CARTESIAN_POINT('',(-10.,3.44065116758731,13.4727925467904));
#7628=CARTESIAN_POINT('Ctrl Pts',(-10.,3.26585577841189,13.1249073553498));
#7629=CARTESIAN_POINT('Ctrl Pts',(-10.,3.27413850018843,13.1905270512623));
#7630=CARTESIAN_POINT('Ctrl Pts',(-10.,3.29132630395082,13.32669707927));
#7631=CARTESIAN_POINT('Ctrl Pts',(-10.,3.38968899475448,13.4229325148805));
#7632=CARTESIAN_POINT('Ctrl Pts',(-10.,3.44065116758731,13.4727925467904));
#7633=CARTESIAN_POINT('',(-9.7,3.26585577841189,13.1249073553498));
#7634=CARTESIAN_POINT('',(-10.,3.26585577841189,13.1249073553498));
#7635=CARTESIAN_POINT('',(-9.7,3.44065116758731,13.4727925467904));
#7636=CARTESIAN_POINT('Ctrl Pts',(-9.7,3.26585577841189,13.1249073553498));
#7637=CARTESIAN_POINT('Ctrl Pts',(-9.7,3.27413850018843,13.1905270512623));
#7638=CARTESIAN_POINT('Ctrl Pts',(-9.7,3.29132630395082,13.32669707927));
#7639=CARTESIAN_POINT('Ctrl Pts',(-9.7,3.38968899475448,13.4229325148805));
#7640=CARTESIAN_POINT('Ctrl Pts',(-9.7,3.44065116758731,13.4727925467904));
#7641=CARTESIAN_POINT('',(-10.,3.44065116758731,13.4727925467904));
#7642=CARTESIAN_POINT('Ctrl Pts',(-10.,3.43468250747111,12.7846959639009));
#7643=CARTESIAN_POINT('Ctrl Pts',(-9.7,3.43468250747111,12.7846959639009));
#7644=CARTESIAN_POINT('Ctrl Pts',(-10.,3.38545261966312,12.8330666652109));
#7645=CARTESIAN_POINT('Ctrl Pts',(-9.7,3.38545261966312,12.8330666652109));
#7646=CARTESIAN_POINT('Ctrl Pts',(-10.,3.28966471875081,12.9271828241227));
#7647=CARTESIAN_POINT('Ctrl Pts',(-9.7,3.28966471875081,12.9271828241227));
#7648=CARTESIAN_POINT('Ctrl Pts',(-10.,3.27364312491887,13.060236294157));
#7649=CARTESIAN_POINT('Ctrl Pts',(-9.7,3.27364312491887,13.060236294157));
#7650=CARTESIAN_POINT('Ctrl Pts',(-10.,3.26585577841189,13.1249073553498));
#7651=CARTESIAN_POINT('Ctrl Pts',(-9.7,3.26585577841189,13.1249073553498));
#7652=CARTESIAN_POINT('',(-10.,3.43468250747111,12.7846959639009));
#7653=CARTESIAN_POINT('Ctrl Pts',(-10.,3.43468250747111,12.7846959639009));
#7654=CARTESIAN_POINT('Ctrl Pts',(-10.,3.38545261966312,12.8330666652109));
#7655=CARTESIAN_POINT('Ctrl Pts',(-10.,3.28966471875081,12.9271828241227));
#7656=CARTESIAN_POINT('Ctrl Pts',(-10.,3.27364312491887,13.060236294157));
#7657=CARTESIAN_POINT('Ctrl Pts',(-10.,3.26585577841189,13.1249073553498));
#7658=CARTESIAN_POINT('',(-9.7,3.43468250747111,12.7846959639009));
#7659=CARTESIAN_POINT('',(-10.,3.43468250747111,12.7846959639009));
#7660=CARTESIAN_POINT('Ctrl Pts',(-9.7,3.43468250747111,12.7846959639009));
#7661=CARTESIAN_POINT('Ctrl Pts',(-9.7,3.38545261966312,12.8330666652109));
#7662=CARTESIAN_POINT('Ctrl Pts',(-9.7,3.28966471875081,12.9271828241227));
#7663=CARTESIAN_POINT('Ctrl Pts',(-9.7,3.27364312491887,13.060236294157));
#7664=CARTESIAN_POINT('Ctrl Pts',(-9.7,3.26585577841189,13.1249073553498));
#7665=CARTESIAN_POINT('Ctrl Pts',(-10.,3.95821603055385,12.6440069485124));
#7666=CARTESIAN_POINT('Ctrl Pts',(-9.7,3.95821603055385,12.6440069485124));
#7667=CARTESIAN_POINT('Ctrl Pts',(-10.,3.85268225870332,12.6462020769934));
#7668=CARTESIAN_POINT('Ctrl Pts',(-9.7,3.85268225870332,12.6462020769934));
#7669=CARTESIAN_POINT('Ctrl Pts',(-10.,3.66558780523036,12.6500936877665));
#7670=CARTESIAN_POINT('Ctrl Pts',(-9.7,3.66558780523036,12.6500936877665));
#7671=CARTESIAN_POINT('Ctrl Pts',(-10.,3.50478276246452,12.7438322246481));
#7672=CARTESIAN_POINT('Ctrl Pts',(-9.7,3.50478276246452,12.7438322246481));
#7673=CARTESIAN_POINT('Ctrl Pts',(-10.,3.43468250747111,12.7846959639009));
#7674=CARTESIAN_POINT('Ctrl Pts',(-9.7,3.43468250747111,12.7846959639009));
#7675=CARTESIAN_POINT('',(-10.,3.95821603055385,12.6440069485124));
#7676=CARTESIAN_POINT('Ctrl Pts',(-10.,3.95821603055385,12.6440069485124));
#7677=CARTESIAN_POINT('Ctrl Pts',(-10.,3.85268225870332,12.6462020769934));
#7678=CARTESIAN_POINT('Ctrl Pts',(-10.,3.66558780523036,12.6500936877665));
#7679=CARTESIAN_POINT('Ctrl Pts',(-10.,3.50478276246452,12.7438322246481));
#7680=CARTESIAN_POINT('Ctrl Pts',(-10.,3.43468250747111,12.7846959639009));
#7681=CARTESIAN_POINT('',(-9.7,3.95821603055385,12.6440069485124));
#7682=CARTESIAN_POINT('',(-10.,3.95821603055385,12.6440069485124));
#7683=CARTESIAN_POINT('Ctrl Pts',(-9.7,3.95821603055385,12.6440069485124));
#7684=CARTESIAN_POINT('Ctrl Pts',(-9.7,3.85268225870332,12.6462020769934));
#7685=CARTESIAN_POINT('Ctrl Pts',(-9.7,3.66558780523036,12.6500936877665));
#7686=CARTESIAN_POINT('Ctrl Pts',(-9.7,3.50478276246452,12.7438322246481));
#7687=CARTESIAN_POINT('Ctrl Pts',(-9.7,3.43468250747111,12.7846959639009));
#7688=CARTESIAN_POINT('Ctrl Pts',(-10.,4.47919162030604,12.7906641769822));
#7689=CARTESIAN_POINT('Ctrl Pts',(-9.7,4.47919162030604,12.7906641769822));
#7690=CARTESIAN_POINT('Ctrl Pts',(-10.,4.40845340412439,12.7480278039594));
#7691=CARTESIAN_POINT('Ctrl Pts',(-9.7,4.40845340412439,12.7480278039594));
#7692=CARTESIAN_POINT('Ctrl Pts',(-10.,4.24908339497149,12.6519699794104));
#7693=CARTESIAN_POINT('Ctrl Pts',(-9.7,4.24908339497149,12.6519699794104));
#7694=CARTESIAN_POINT('Ctrl Pts',(-10.,4.06216727528009,12.6468528056793));
#7695=CARTESIAN_POINT('Ctrl Pts',(-9.7,4.06216727528009,12.6468528056793));
#7696=CARTESIAN_POINT('Ctrl Pts',(-10.,3.95821603055385,12.6440069485124));
#7697=CARTESIAN_POINT('Ctrl Pts',(-9.7,3.95821603055385,12.6440069485124));
#7698=CARTESIAN_POINT('',(-10.,4.47919162030604,12.7906641769822));
#7699=CARTESIAN_POINT('Ctrl Pts',(-10.,4.47919162030604,12.7906641769822));
#7700=CARTESIAN_POINT('Ctrl Pts',(-10.,4.40845340412439,12.7480278039594));
#7701=CARTESIAN_POINT('Ctrl Pts',(-10.,4.24908339497149,12.6519699794104));
#7702=CARTESIAN_POINT('Ctrl Pts',(-10.,4.06216727528009,12.6468528056793));
#7703=CARTESIAN_POINT('Ctrl Pts',(-10.,3.95821603055385,12.6440069485124));
#7704=CARTESIAN_POINT('',(-9.7,4.47919162030604,12.7906641769822));
#7705=CARTESIAN_POINT('',(-10.,4.47919162030604,12.7906641769822));
#7706=CARTESIAN_POINT('Ctrl Pts',(-9.7,4.47919162030604,12.7906641769822));
#7707=CARTESIAN_POINT('Ctrl Pts',(-9.7,4.40845340412439,12.7480278039594));
#7708=CARTESIAN_POINT('Ctrl Pts',(-9.7,4.24908339497149,12.6519699794104));
#7709=CARTESIAN_POINT('Ctrl Pts',(-9.7,4.06216727528009,12.6468528056793));
#7710=CARTESIAN_POINT('Ctrl Pts',(-9.7,3.95821603055385,12.6440069485124));
#7711=CARTESIAN_POINT('Ctrl Pts',(-10.,4.65398700948146,13.138549666446));
#7712=CARTESIAN_POINT('Ctrl Pts',(-9.7,4.65398700948146,13.138549666446));
#7713=CARTESIAN_POINT('Ctrl Pts',(-10.,4.6457042731679,13.0729299812404));
#7714=CARTESIAN_POINT('Ctrl Pts',(-9.7,4.6457042731679,13.0729299812404));
#7715=CARTESIAN_POINT('Ctrl Pts',(-10.,4.62851642931845,12.9367598968542));
#7716=CARTESIAN_POINT('Ctrl Pts',(-9.7,4.62851642931845,12.9367598968542));
#7717=CARTESIAN_POINT('Ctrl Pts',(-10.,4.53015379251856,12.840524312648));
#7718=CARTESIAN_POINT('Ctrl Pts',(-9.7,4.53015379251856,12.840524312648));
#7719=CARTESIAN_POINT('Ctrl Pts',(-10.,4.47919162030604,12.7906641769822));
#7720=CARTESIAN_POINT('Ctrl Pts',(-9.7,4.47919162030604,12.7906641769822));
#7721=CARTESIAN_POINT('',(-10.,4.65398700948146,13.138549666446));
#7722=CARTESIAN_POINT('Ctrl Pts',(-10.,4.65398700948146,13.138549666446));
#7723=CARTESIAN_POINT('Ctrl Pts',(-10.,4.6457042731679,13.0729299812404));
#7724=CARTESIAN_POINT('Ctrl Pts',(-10.,4.62851642931845,12.9367598968542));
#7725=CARTESIAN_POINT('Ctrl Pts',(-10.,4.53015379251856,12.840524312648));
#7726=CARTESIAN_POINT('Ctrl Pts',(-10.,4.47919162030604,12.7906641769822));
#7727=CARTESIAN_POINT('',(-9.7,4.65398700948146,13.138549666446));
#7728=CARTESIAN_POINT('',(-10.,4.65398700948146,13.138549666446));
#7729=CARTESIAN_POINT('Ctrl Pts',(-9.7,4.65398700948146,13.138549666446));
#7730=CARTESIAN_POINT('Ctrl Pts',(-9.7,4.6457042731679,13.0729299812404));
#7731=CARTESIAN_POINT('Ctrl Pts',(-9.7,4.62851642931845,12.9367598968542));
#7732=CARTESIAN_POINT('Ctrl Pts',(-9.7,4.53015379251856,12.840524312648));
#7733=CARTESIAN_POINT('Ctrl Pts',(-9.7,4.47919162030604,12.7906641769822));
#7734=CARTESIAN_POINT('Ctrl Pts',(-10.,4.41694738383677,13.5307735610421));
#7735=CARTESIAN_POINT('Ctrl Pts',(-9.7,4.41694738383677,13.5307735610421));
#7736=CARTESIAN_POINT('Ctrl Pts',(-10.,4.48605823136437,13.4797504156413));
#7737=CARTESIAN_POINT('Ctrl Pts',(-9.7,4.48605823136437,13.4797504156413));
#7738=CARTESIAN_POINT('Ctrl Pts',(-10.,4.61954670054177,13.3811985700796));
#7739=CARTESIAN_POINT('Ctrl Pts',(-9.7,4.61954670054177,13.3811985700796));
#7740=CARTESIAN_POINT('Ctrl Pts',(-10.,4.64278152617124,13.2174978037775));
#7741=CARTESIAN_POINT('Ctrl Pts',(-9.7,4.64278152617124,13.2174978037775));
#7742=CARTESIAN_POINT('Ctrl Pts',(-10.,4.65398700948146,13.138549666446));
#7743=CARTESIAN_POINT('Ctrl Pts',(-9.7,4.65398700948146,13.138549666446));
#7744=CARTESIAN_POINT('',(-10.,4.41694738383677,13.5307735610421));
#7745=CARTESIAN_POINT('Ctrl Pts',(-10.,4.41694738383677,13.5307735610421));
#7746=CARTESIAN_POINT('Ctrl Pts',(-10.,4.48605823136437,13.4797504156413));
#7747=CARTESIAN_POINT('Ctrl Pts',(-10.,4.61954670054177,13.3811985700796));
#7748=CARTESIAN_POINT('Ctrl Pts',(-10.,4.64278152617124,13.2174978037775));
#7749=CARTESIAN_POINT('Ctrl Pts',(-10.,4.65398700948146,13.138549666446));
#7750=CARTESIAN_POINT('',(-9.7,4.41694738383677,13.5307735610421));
#7751=CARTESIAN_POINT('',(-10.,4.41694738383677,13.5307735610421));
#7752=CARTESIAN_POINT('Ctrl Pts',(-9.7,4.41694738383677,13.5307735610421));
#7753=CARTESIAN_POINT('Ctrl Pts',(-9.7,4.48605823136437,13.4797504156413));
#7754=CARTESIAN_POINT('Ctrl Pts',(-9.7,4.61954670054177,13.3811985700796));
#7755=CARTESIAN_POINT('Ctrl Pts',(-9.7,4.64278152617124,13.2174978037775));
#7756=CARTESIAN_POINT('Ctrl Pts',(-9.7,4.65398700948146,13.138549666446));
#7757=CARTESIAN_POINT('Ctrl Pts',(-10.,3.94627871032145,13.6194500732835));
#7758=CARTESIAN_POINT('Ctrl Pts',(-9.7,3.94627871032145,13.6194500732835));
#7759=CARTESIAN_POINT('Ctrl Pts',(-10.,4.04123495724597,13.6189314811433));
#7760=CARTESIAN_POINT('Ctrl Pts',(-9.7,4.04123495724597,13.6189314811433));
#7761=CARTESIAN_POINT('Ctrl Pts',(-10.,4.20416526661096,13.6180416568234));
#7762=CARTESIAN_POINT('Ctrl Pts',(-9.7,4.20416526661096,13.6180416568234));
#7763=CARTESIAN_POINT('Ctrl Pts',(-10.,4.3543081847197,13.5564637069034));
#7764=CARTESIAN_POINT('Ctrl Pts',(-9.7,4.3543081847197,13.5564637069034));
#7765=CARTESIAN_POINT('Ctrl Pts',(-10.,4.41694738383677,13.5307735610421));
#7766=CARTESIAN_POINT('Ctrl Pts',(-9.7,4.41694738383677,13.5307735610421));
#7767=CARTESIAN_POINT('',(-10.,3.94627871032145,13.6194500732835));
#7768=CARTESIAN_POINT('Ctrl Pts',(-10.,3.94627871032145,13.6194500732835));
#7769=CARTESIAN_POINT('Ctrl Pts',(-10.,4.04123495724597,13.6189314811433));
#7770=CARTESIAN_POINT('Ctrl Pts',(-10.,4.20416526661096,13.6180416568234));
#7771=CARTESIAN_POINT('Ctrl Pts',(-10.,4.3543081847197,13.5564637069034));
#7772=CARTESIAN_POINT('Ctrl Pts',(-10.,4.41694738383677,13.5307735610421));
#7773=CARTESIAN_POINT('',(-9.7,3.94627871032145,13.6194500732835));
#7774=CARTESIAN_POINT('',(-10.,3.94627871032145,13.6194500732835));
#7775=CARTESIAN_POINT('Ctrl Pts',(-9.7,3.94627871032145,13.6194500732835));
#7776=CARTESIAN_POINT('Ctrl Pts',(-9.7,4.04123495724597,13.6189314811433));
#7777=CARTESIAN_POINT('Ctrl Pts',(-9.7,4.20416526661096,13.6180416568234));
#7778=CARTESIAN_POINT('Ctrl Pts',(-9.7,4.3543081847197,13.5564637069034));
#7779=CARTESIAN_POINT('Ctrl Pts',(-9.7,4.41694738383677,13.5307735610421));
#7780=CARTESIAN_POINT('Ctrl Pts',(-10.,3.44065116758731,13.4727925467904));
#7781=CARTESIAN_POINT('Ctrl Pts',(-9.7,3.44065116758731,13.4727925467904));
#7782=CARTESIAN_POINT('Ctrl Pts',(-10.,3.51006335303031,13.5154555649022));
#7783=CARTESIAN_POINT('Ctrl Pts',(-9.7,3.51006335303031,13.5154555649022));
#7784=CARTESIAN_POINT('Ctrl Pts',(-10.,3.66438403906328,13.610306147422));
#7785=CARTESIAN_POINT('Ctrl Pts',(-9.7,3.66438403906328,13.610306147422));
#7786=CARTESIAN_POINT('Ctrl Pts',(-10.,3.84622714805719,13.6162046622809));
#7787=CARTESIAN_POINT('Ctrl Pts',(-9.7,3.84622714805719,13.6162046622809));
#7788=CARTESIAN_POINT('Ctrl Pts',(-10.,3.94627871032145,13.6194500732835));
#7789=CARTESIAN_POINT('Ctrl Pts',(-9.7,3.94627871032145,13.6194500732835));
#7790=CARTESIAN_POINT('Ctrl Pts',(-10.,3.44065116758731,13.4727925467904));
#7791=CARTESIAN_POINT('Ctrl Pts',(-10.,3.51006335303031,13.5154555649022));
#7792=CARTESIAN_POINT('Ctrl Pts',(-10.,3.66438403906328,13.610306147422));
#7793=CARTESIAN_POINT('Ctrl Pts',(-10.,3.84622714805719,13.6162046622809));
#7794=CARTESIAN_POINT('Ctrl Pts',(-10.,3.94627871032145,13.6194500732835));
#7795=CARTESIAN_POINT('Ctrl Pts',(-9.7,3.44065116758731,13.4727925467904));
#7796=CARTESIAN_POINT('Ctrl Pts',(-9.7,3.51006335303031,13.5154555649022));
#7797=CARTESIAN_POINT('Ctrl Pts',(-9.7,3.66438403906328,13.610306147422));
#7798=CARTESIAN_POINT('Ctrl Pts',(-9.7,3.84622714805719,13.6162046622809));
#7799=CARTESIAN_POINT('Ctrl Pts',(-9.7,3.94627871032145,13.6194500732835));
#7800=CARTESIAN_POINT('Ctrl Pts',(-10.,4.90637453313258,13.1129697370942));
#7801=CARTESIAN_POINT('Ctrl Pts',(-9.7,4.90637453313258,13.1129697370942));
#7802=CARTESIAN_POINT('Ctrl Pts',(-10.,4.89507872980116,13.2141763523742));
#7803=CARTESIAN_POINT('Ctrl Pts',(-9.7,4.89507872980116,13.2141763523742));
#7804=CARTESIAN_POINT('Ctrl Pts',(-10.,4.87241561920726,13.4172302342122));
#7805=CARTESIAN_POINT('Ctrl Pts',(-9.7,4.87241561920726,13.4172302342122));
#7806=CARTESIAN_POINT('Ctrl Pts',(-10.,4.71672834932563,13.5496304972618));
#7807=CARTESIAN_POINT('Ctrl Pts',(-9.7,4.71672834932563,13.5496304972618));
#7808=CARTESIAN_POINT('Ctrl Pts',(-10.,4.63863911147502,13.6160394955095));
#7809=CARTESIAN_POINT('Ctrl Pts',(-9.7,4.63863911147502,13.6160394955095));
#7810=CARTESIAN_POINT('',(-10.,4.90637453313258,13.1129697370942));
#7811=CARTESIAN_POINT('',(-10.,4.63863911147502,13.6160394955095));
#7812=CARTESIAN_POINT('Ctrl Pts',(-10.,4.90637453313258,13.1129697370942));
#7813=CARTESIAN_POINT('Ctrl Pts',(-10.,4.89507872980116,13.2141763523742));
#7814=CARTESIAN_POINT('Ctrl Pts',(-10.,4.87241561920726,13.4172302342122));
#7815=CARTESIAN_POINT('Ctrl Pts',(-10.,4.71672834932563,13.5496304972618));
#7816=CARTESIAN_POINT('Ctrl Pts',(-10.,4.63863911147502,13.6160394955095));
#7817=CARTESIAN_POINT('',(-9.7,4.90637453313258,13.1129697370942));
#7818=CARTESIAN_POINT('',(-10.,4.90637453313258,13.1129697370942));
#7819=CARTESIAN_POINT('',(-9.7,4.63863911147502,13.6160394955095));
#7820=CARTESIAN_POINT('Ctrl Pts',(-9.7,4.90637453313258,13.1129697370942));
#7821=CARTESIAN_POINT('Ctrl Pts',(-9.7,4.89507872980116,13.2141763523742));
#7822=CARTESIAN_POINT('Ctrl Pts',(-9.7,4.87241561920726,13.4172302342122));
#7823=CARTESIAN_POINT('Ctrl Pts',(-9.7,4.71672834932563,13.5496304972618));
#7824=CARTESIAN_POINT('Ctrl Pts',(-9.7,4.63863911147502,13.6160394955095));
#7825=CARTESIAN_POINT('',(-10.,4.63863911147502,13.6160394955095));
#7826=CARTESIAN_POINT('Ctrl Pts',(-10.,4.65228172059443,12.5604460049089));
#7827=CARTESIAN_POINT('Ctrl Pts',(-9.7,4.65228172059443,12.5604460049089));
#7828=CARTESIAN_POINT('Ctrl Pts',(-10.,4.72638549807148,12.6400435323032));
#7829=CARTESIAN_POINT('Ctrl Pts',(-9.7,4.72638549807148,12.6400435323032));
#7830=CARTESIAN_POINT('Ctrl Pts',(-10.,4.87202502856061,12.7964801798331));
#7831=CARTESIAN_POINT('Ctrl Pts',(-9.7,4.87202502856061,12.7964801798331));
#7832=CARTESIAN_POINT('Ctrl Pts',(-10.,4.89506008870993,13.008720678757));
#7833=CARTESIAN_POINT('Ctrl Pts',(-9.7,4.89506008870993,13.008720678757));
#7834=CARTESIAN_POINT('Ctrl Pts',(-10.,4.90637453313258,13.1129697370942));
#7835=CARTESIAN_POINT('Ctrl Pts',(-9.7,4.90637453313258,13.1129697370942));
#7836=CARTESIAN_POINT('',(-10.,4.65228172059443,12.5604460049089));
#7837=CARTESIAN_POINT('Ctrl Pts',(-10.,4.65228172059443,12.5604460049089));
#7838=CARTESIAN_POINT('Ctrl Pts',(-10.,4.72638549807148,12.6400435323032));
#7839=CARTESIAN_POINT('Ctrl Pts',(-10.,4.87202502856061,12.7964801798331));
#7840=CARTESIAN_POINT('Ctrl Pts',(-10.,4.89506008870993,13.008720678757));
#7841=CARTESIAN_POINT('Ctrl Pts',(-10.,4.90637453313258,13.1129697370942));
#7842=CARTESIAN_POINT('',(-9.7,4.65228172059443,12.5604460049089));
#7843=CARTESIAN_POINT('',(-10.,4.65228172059443,12.5604460049089));
#7844=CARTESIAN_POINT('Ctrl Pts',(-9.7,4.65228172059443,12.5604460049089));
#7845=CARTESIAN_POINT('Ctrl Pts',(-9.7,4.72638549807148,12.6400435323032));
#7846=CARTESIAN_POINT('Ctrl Pts',(-9.7,4.87202502856061,12.7964801798331));
#7847=CARTESIAN_POINT('Ctrl Pts',(-9.7,4.89506008870993,13.008720678757));
#7848=CARTESIAN_POINT('Ctrl Pts',(-9.7,4.90637453313258,13.1129697370942));
#7849=CARTESIAN_POINT('Ctrl Pts',(-10.,3.93263625021365,12.3302278328355));
#7850=CARTESIAN_POINT('Ctrl Pts',(-9.7,3.93263625021365,12.3302278328355));
#7851=CARTESIAN_POINT('Ctrl Pts',(-10.,4.07467137296353,12.3361598344763));
#7852=CARTESIAN_POINT('Ctrl Pts',(-9.7,4.07467137296353,12.3361598344763));
#7853=CARTESIAN_POINT('Ctrl Pts',(-10.,4.33675727929729,12.3471056765772));
#7854=CARTESIAN_POINT('Ctrl Pts',(-9.7,4.33675727929729,12.3471056765772));
#7855=CARTESIAN_POINT('Ctrl Pts',(-10.,4.55315761810181,12.4934237213595));
#7856=CARTESIAN_POINT('Ctrl Pts',(-9.7,4.55315761810181,12.4934237213595));
#7857=CARTESIAN_POINT('Ctrl Pts',(-10.,4.65228172059443,12.5604460049089));
#7858=CARTESIAN_POINT('Ctrl Pts',(-9.7,4.65228172059443,12.5604460049089));
#7859=CARTESIAN_POINT('',(-10.,3.93263625021365,12.3302278328355));
#7860=CARTESIAN_POINT('Ctrl Pts',(-10.,3.93263625021365,12.3302278328355));
#7861=CARTESIAN_POINT('Ctrl Pts',(-10.,4.07467137296353,12.3361598344763));
#7862=CARTESIAN_POINT('Ctrl Pts',(-10.,4.33675727929729,12.3471056765772));
#7863=CARTESIAN_POINT('Ctrl Pts',(-10.,4.55315761810181,12.4934237213595));
#7864=CARTESIAN_POINT('Ctrl Pts',(-10.,4.65228172059443,12.5604460049089));
#7865=CARTESIAN_POINT('',(-9.7,3.93263625021365,12.3302278328355));
#7866=CARTESIAN_POINT('',(-10.,3.93263625021365,12.3302278328355));
#7867=CARTESIAN_POINT('Ctrl Pts',(-9.7,3.93263625021365,12.3302278328355));
#7868=CARTESIAN_POINT('Ctrl Pts',(-9.7,4.07467137296353,12.3361598344763));
#7869=CARTESIAN_POINT('Ctrl Pts',(-9.7,4.33675727929729,12.3471056765772));
#7870=CARTESIAN_POINT('Ctrl Pts',(-9.7,4.55315761810181,12.4934237213595));
#7871=CARTESIAN_POINT('Ctrl Pts',(-9.7,4.65228172059443,12.5604460049089));
#7872=CARTESIAN_POINT('Ctrl Pts',(-10.,3.56428699608233,12.3847982693132));
#7873=CARTESIAN_POINT('Ctrl Pts',(-9.7,3.56428699608233,12.3847982693132));
#7874=CARTESIAN_POINT('Ctrl Pts',(-10.,3.62334867062051,12.3688836813422));
#7875=CARTESIAN_POINT('Ctrl Pts',(-9.7,3.62334867062051,12.3688836813422));
#7876=CARTESIAN_POINT('Ctrl Pts',(-10.,3.74398718723858,12.3363767756301));
#7877=CARTESIAN_POINT('Ctrl Pts',(-9.7,3.74398718723858,12.3363767756301));
#7878=CARTESIAN_POINT('Ctrl Pts',(-10.,3.86888523799195,12.3323057722701));
#7879=CARTESIAN_POINT('Ctrl Pts',(-9.7,3.86888523799195,12.3323057722701));
#7880=CARTESIAN_POINT('Ctrl Pts',(-10.,3.93263625021365,12.3302278328355));
#7881=CARTESIAN_POINT('Ctrl Pts',(-9.7,3.93263625021365,12.3302278328355));
#7882=CARTESIAN_POINT('',(-10.,3.56428699608233,12.3847982693132));
#7883=CARTESIAN_POINT('Ctrl Pts',(-10.,3.56428699608233,12.3847982693132));
#7884=CARTESIAN_POINT('Ctrl Pts',(-10.,3.62334867062051,12.3688836813422));
#7885=CARTESIAN_POINT('Ctrl Pts',(-10.,3.74398718723858,12.3363767756301));
#7886=CARTESIAN_POINT('Ctrl Pts',(-10.,3.86888523799195,12.3323057722701));
#7887=CARTESIAN_POINT('Ctrl Pts',(-10.,3.93263625021365,12.3302278328355));
#7888=CARTESIAN_POINT('',(-9.7,3.56428699608233,12.3847982693132));
#7889=CARTESIAN_POINT('',(-10.,3.56428699608233,12.3847982693132));
#7890=CARTESIAN_POINT('Ctrl Pts',(-9.7,3.56428699608233,12.3847982693132));
#7891=CARTESIAN_POINT('Ctrl Pts',(-9.7,3.62334867062051,12.3688836813422));
#7892=CARTESIAN_POINT('Ctrl Pts',(-9.7,3.74398718723858,12.3363767756301));
#7893=CARTESIAN_POINT('Ctrl Pts',(-9.7,3.86888523799195,12.3323057722701));
#7894=CARTESIAN_POINT('Ctrl Pts',(-9.7,3.93263625021365,12.3302278328355));
#7895=CARTESIAN_POINT('Ctrl Pts',(-10.,3.27011914964107,12.5357190180238));
#7896=CARTESIAN_POINT('Ctrl Pts',(-9.7,3.27011914964107,12.5357190180238));
#7897=CARTESIAN_POINT('Ctrl Pts',(-10.,3.31388866291599,12.5050234140357));
#7898=CARTESIAN_POINT('Ctrl Pts',(-9.7,3.31388866291599,12.5050234140357));
#7899=CARTESIAN_POINT('Ctrl Pts',(-10.,3.40493560368386,12.4411721022658));
#7900=CARTESIAN_POINT('Ctrl Pts',(-9.7,3.40493560368386,12.4411721022658));
#7901=CARTESIAN_POINT('Ctrl Pts',(-10.,3.50982281168198,12.4040660948845));
#7902=CARTESIAN_POINT('Ctrl Pts',(-9.7,3.50982281168198,12.4040660948845));
#7903=CARTESIAN_POINT('Ctrl Pts',(-10.,3.56428699608233,12.3847982693132));
#7904=CARTESIAN_POINT('Ctrl Pts',(-9.7,3.56428699608233,12.3847982693132));
#7905=CARTESIAN_POINT('',(-10.,3.27011914964107,12.5357190180238));
#7906=CARTESIAN_POINT('Ctrl Pts',(-10.,3.27011914964107,12.5357190180238));
#7907=CARTESIAN_POINT('Ctrl Pts',(-10.,3.31388866291599,12.5050234140357));
#7908=CARTESIAN_POINT('Ctrl Pts',(-10.,3.40493560368386,12.4411721022658));
#7909=CARTESIAN_POINT('Ctrl Pts',(-10.,3.50982281168198,12.4040660948845));
#7910=CARTESIAN_POINT('Ctrl Pts',(-10.,3.56428699608233,12.3847982693132));
#7911=CARTESIAN_POINT('',(-9.7,3.27011914964107,12.5357190180238));
#7912=CARTESIAN_POINT('',(-10.,3.27011914964107,12.5357190180238));
#7913=CARTESIAN_POINT('Ctrl Pts',(-9.7,3.27011914964107,12.5357190180238));
#7914=CARTESIAN_POINT('Ctrl Pts',(-9.7,3.31388866291599,12.5050234140357));
#7915=CARTESIAN_POINT('Ctrl Pts',(-9.7,3.40493560368386,12.4411721022658));
#7916=CARTESIAN_POINT('Ctrl Pts',(-9.7,3.50982281168198,12.4040660948845));
#7917=CARTESIAN_POINT('Ctrl Pts',(-9.7,3.56428699608233,12.3847982693132));
#7918=CARTESIAN_POINT('Ctrl Pts',(-10.,3.08082850690272,12.7812853861268));
#7919=CARTESIAN_POINT('Ctrl Pts',(-9.7,3.08082850690272,12.7812853861268));
#7920=CARTESIAN_POINT('Ctrl Pts',(-10.,3.10527266460906,12.733974699917));
#7921=CARTESIAN_POINT('Ctrl Pts',(-9.7,3.10527266460906,12.733974699917));
#7922=CARTESIAN_POINT('Ctrl Pts',(-10.,3.15350539056765,12.6406221945746));
#7923=CARTESIAN_POINT('Ctrl Pts',(-9.7,3.15350539056765,12.6406221945746));
#7924=CARTESIAN_POINT('Ctrl Pts',(-10.,3.23160173062956,12.5703684422337));
#7925=CARTESIAN_POINT('Ctrl Pts',(-9.7,3.23160173062956,12.5703684422337));
#7926=CARTESIAN_POINT('Ctrl Pts',(-10.,3.27011914964107,12.5357190180238));
#7927=CARTESIAN_POINT('Ctrl Pts',(-9.7,3.27011914964107,12.5357190180238));
#7928=CARTESIAN_POINT('',(-10.,3.08082850690272,12.7812853861268));
#7929=CARTESIAN_POINT('Ctrl Pts',(-10.,3.08082850690272,12.7812853861268));
#7930=CARTESIAN_POINT('Ctrl Pts',(-10.,3.10527266460906,12.733974699917));
#7931=CARTESIAN_POINT('Ctrl Pts',(-10.,3.15350539056765,12.6406221945746));
#7932=CARTESIAN_POINT('Ctrl Pts',(-10.,3.23160173062956,12.5703684422337));
#7933=CARTESIAN_POINT('Ctrl Pts',(-10.,3.27011914964107,12.5357190180238));
#7934=CARTESIAN_POINT('',(-9.7,3.08082850690272,12.7812853861268));
#7935=CARTESIAN_POINT('',(-10.,3.08082850690272,12.7812853861268));
#7936=CARTESIAN_POINT('Ctrl Pts',(-9.7,3.08082850690272,12.7812853861268));
#7937=CARTESIAN_POINT('Ctrl Pts',(-9.7,3.10527266460906,12.733974699917));
#7938=CARTESIAN_POINT('Ctrl Pts',(-9.7,3.15350539056765,12.6406221945746));
#7939=CARTESIAN_POINT('Ctrl Pts',(-9.7,3.23160173062956,12.5703684422337));
#7940=CARTESIAN_POINT('Ctrl Pts',(-9.7,3.27011914964107,12.5357190180238));
#7941=CARTESIAN_POINT('Ctrl Pts',(-10.,3.01346840377238,13.097622137111));
#7942=CARTESIAN_POINT('Ctrl Pts',(-9.7,3.01346840377238,13.097622137111));
#7943=CARTESIAN_POINT('Ctrl Pts',(-10.,3.01621484253283,13.0427949473261));
#7944=CARTESIAN_POINT('Ctrl Pts',(-9.7,3.01621484253283,13.0427949473261));
#7945=CARTESIAN_POINT('Ctrl Pts',(-10.,3.02167862186918,12.9337214551623));
#7946=CARTESIAN_POINT('Ctrl Pts',(-9.7,3.02167862186918,12.9337214551623));
#7947=CARTESIAN_POINT('Ctrl Pts',(-10.,3.06118200564308,12.8319166835608));
#7948=CARTESIAN_POINT('Ctrl Pts',(-9.7,3.06118200564308,12.8319166835608));
#7949=CARTESIAN_POINT('Ctrl Pts',(-10.,3.08082850690272,12.7812853861268));
#7950=CARTESIAN_POINT('Ctrl Pts',(-9.7,3.08082850690272,12.7812853861268));
#7951=CARTESIAN_POINT('',(-10.,3.01346840377238,13.097622137111));
#7952=CARTESIAN_POINT('Ctrl Pts',(-10.,3.01346840377238,13.097622137111));
#7953=CARTESIAN_POINT('Ctrl Pts',(-10.,3.01621484253283,13.0427949473261));
#7954=CARTESIAN_POINT('Ctrl Pts',(-10.,3.02167862186918,12.9337214551623));
#7955=CARTESIAN_POINT('Ctrl Pts',(-10.,3.06118200564308,12.8319166835608));
#7956=CARTESIAN_POINT('Ctrl Pts',(-10.,3.08082850690272,12.7812853861268));
#7957=CARTESIAN_POINT('',(-9.7,3.01346840377238,13.097622137111));
#7958=CARTESIAN_POINT('',(-10.,3.01346840377238,13.097622137111));
#7959=CARTESIAN_POINT('Ctrl Pts',(-9.7,3.01346840377238,13.097622137111));
#7960=CARTESIAN_POINT('Ctrl Pts',(-9.7,3.01621484253283,13.0427949473261));
#7961=CARTESIAN_POINT('Ctrl Pts',(-9.7,3.02167862186918,12.9337214551623));
#7962=CARTESIAN_POINT('Ctrl Pts',(-9.7,3.06118200564308,12.8319166835608));
#7963=CARTESIAN_POINT('Ctrl Pts',(-9.7,3.08082850690272,12.7812853861268));
#7964=CARTESIAN_POINT('Ctrl Pts',(-10.,3.25732918496516,13.5938704419549));
#7965=CARTESIAN_POINT('Ctrl Pts',(-9.7,3.25732918496516,13.5938704419549));
#7966=CARTESIAN_POINT('Ctrl Pts',(-10.,3.1862049426472,13.5250787354921));
#7967=CARTESIAN_POINT('Ctrl Pts',(-9.7,3.1862049426472,13.5250787354921));
#7968=CARTESIAN_POINT('Ctrl Pts',(-10.,3.0452967852732,13.388791693488));
#7969=CARTESIAN_POINT('Ctrl Pts',(-9.7,3.0452967852732,13.388791693488));
#7970=CARTESIAN_POINT('Ctrl Pts',(-10.,3.0240103717041,13.1940612264169));
#7971=CARTESIAN_POINT('Ctrl Pts',(-9.7,3.0240103717041,13.1940612264169));
#7972=CARTESIAN_POINT('Ctrl Pts',(-10.,3.01346840377238,13.097622137111));
#7973=CARTESIAN_POINT('Ctrl Pts',(-9.7,3.01346840377238,13.097622137111));
#7974=CARTESIAN_POINT('',(-10.,3.25732918496516,13.5938704419549));
#7975=CARTESIAN_POINT('Ctrl Pts',(-10.,3.25732918496516,13.5938704419549));
#7976=CARTESIAN_POINT('Ctrl Pts',(-10.,3.1862049426472,13.5250787354921));
#7977=CARTESIAN_POINT('Ctrl Pts',(-10.,3.0452967852732,13.388791693488));
#7978=CARTESIAN_POINT('Ctrl Pts',(-10.,3.0240103717041,13.1940612264169));
#7979=CARTESIAN_POINT('Ctrl Pts',(-10.,3.01346840377238,13.097622137111));
#7980=CARTESIAN_POINT('',(-9.7,3.25732918496516,13.5938704419549));
#7981=CARTESIAN_POINT('',(-10.,3.25732918496516,13.5938704419549));
#7982=CARTESIAN_POINT('Ctrl Pts',(-9.7,3.25732918496516,13.5938704419549));
#7983=CARTESIAN_POINT('Ctrl Pts',(-9.7,3.1862049426472,13.5250787354921));
#7984=CARTESIAN_POINT('Ctrl Pts',(-9.7,3.0452967852732,13.388791693488));
#7985=CARTESIAN_POINT('Ctrl Pts',(-9.7,3.0240103717041,13.1940612264169));
#7986=CARTESIAN_POINT('Ctrl Pts',(-9.7,3.01346840377238,13.097622137111));
#7987=CARTESIAN_POINT('Origin',(-10.,2.36544670577434,13.5938704419549));
#7988=CARTESIAN_POINT('',(-10.,2.36544670577434,13.5938704419549));
#7989=CARTESIAN_POINT('',(-10.,1.18272335288717,13.5938704419549));
#7990=CARTESIAN_POINT('',(-9.7,2.36544670577434,13.5938704419549));
#7991=CARTESIAN_POINT('',(-10.,2.36544670577434,13.5938704419549));
#7992=CARTESIAN_POINT('',(-9.7,2.36544670577434,13.5938704419549));
#7993=CARTESIAN_POINT('Origin',(-10.,2.36544670577434,13.9008281040605));
#7994=CARTESIAN_POINT('',(-10.,2.36544670577434,13.9008281040605));
#7995=CARTESIAN_POINT('',(-10.,2.36544670577434,6.95041405203024));
#7996=CARTESIAN_POINT('',(-9.7,2.36544670577434,13.9008281040605));
#7997=CARTESIAN_POINT('',(-10.,2.36544670577434,13.9008281040605));
#7998=CARTESIAN_POINT('',(-9.7,2.36544670577434,13.9008281040605));
#7999=CARTESIAN_POINT('Origin',(-10.,4.86544670577434,13.9008281040605));
#8000=CARTESIAN_POINT('',(-10.,4.86544670577434,13.9008281040605));
#8001=CARTESIAN_POINT('',(-10.,2.43272335288717,13.9008281040605));
#8002=CARTESIAN_POINT('',(-9.7,4.86544670577434,13.9008281040605));
#8003=CARTESIAN_POINT('',(-10.,4.86544670577434,13.9008281040605));
#8004=CARTESIAN_POINT('',(-9.7,4.86544670577434,13.9008281040605));
#8005=CARTESIAN_POINT('Origin',(-10.,4.86544670577434,13.6160394955095));
#8006=CARTESIAN_POINT('',(-10.,4.86544670577434,13.6160394955095));
#8007=CARTESIAN_POINT('',(-10.,4.86544670577434,6.80801974775473));
#8008=CARTESIAN_POINT('',(-9.7,4.86544670577434,13.6160394955095));
#8009=CARTESIAN_POINT('',(-10.,4.86544670577434,13.6160394955095));
#8010=CARTESIAN_POINT('',(-9.7,4.86544670577434,13.6160394955095));
#8011=CARTESIAN_POINT('Origin',(-10.,4.63863911147502,13.6160394955095));
#8012=CARTESIAN_POINT('',(-10.,2.31931955573751,13.6160394955095));
#8013=CARTESIAN_POINT('',(-9.7,4.63863911147502,13.6160394955095));
#8014=CARTESIAN_POINT('Origin',(-9.7,3.63676326389697,11.4417551677342));
#8015=CARTESIAN_POINT('Ctrl Pts',(-10.,4.4442326020756,16.6429834473546));
#8016=CARTESIAN_POINT('Ctrl Pts',(-9.7,4.4442326020756,16.6429834473546));
#8017=CARTESIAN_POINT('Ctrl Pts',(-10.,4.36535656462936,16.598123538091));
#8018=CARTESIAN_POINT('Ctrl Pts',(-9.7,4.36535656462936,16.598123538091));
#8019=CARTESIAN_POINT('Ctrl Pts',(-10.,4.16998192669145,16.4870062860828));
#8020=CARTESIAN_POINT('Ctrl Pts',(-9.7,4.16998192669145,16.4870062860828));
#8021=CARTESIAN_POINT('Ctrl Pts',(-10.,3.9433091054559,16.4875030910151));
#8022=CARTESIAN_POINT('Ctrl Pts',(-9.7,3.9433091054559,16.4875030910151));
#8023=CARTESIAN_POINT('Ctrl Pts',(-10.,3.80814792628673,16.4877993274148));
#8024=CARTESIAN_POINT('Ctrl Pts',(-9.7,3.80814792628673,16.4877993274148));
#8025=CARTESIAN_POINT('',(-10.,4.4442326020756,16.6429834473546));
#8026=CARTESIAN_POINT('',(-10.,3.80814792628673,16.4877993274148));
#8027=CARTESIAN_POINT('Ctrl Pts',(-10.,4.4442326020756,16.6429834473546));
#8028=CARTESIAN_POINT('Ctrl Pts',(-10.,4.36535656462936,16.598123538091));
#8029=CARTESIAN_POINT('Ctrl Pts',(-10.,4.16998192669145,16.4870062860828));
#8030=CARTESIAN_POINT('Ctrl Pts',(-10.,3.9433091054559,16.4875030910151));
#8031=CARTESIAN_POINT('Ctrl Pts',(-10.,3.80814792628673,16.4877993274148));
#8032=CARTESIAN_POINT('',(-9.7,4.4442326020756,16.6429834473546));
#8033=CARTESIAN_POINT('',(-10.,4.4442326020756,16.6429834473546));
#8034=CARTESIAN_POINT('',(-9.7,3.80814792628673,16.4877993274148));
#8035=CARTESIAN_POINT('Ctrl Pts',(-9.7,4.4442326020756,16.6429834473546));
#8036=CARTESIAN_POINT('Ctrl Pts',(-9.7,4.36535656462936,16.598123538091));
#8037=CARTESIAN_POINT('Ctrl Pts',(-9.7,4.16998192669145,16.4870062860828));
#8038=CARTESIAN_POINT('Ctrl Pts',(-9.7,3.9433091054559,16.4875030910151));
#8039=CARTESIAN_POINT('Ctrl Pts',(-9.7,3.80814792628673,16.4877993274148));
#8040=CARTESIAN_POINT('',(-10.,3.80814792628673,16.4877993274148));
#8041=CARTESIAN_POINT('Ctrl Pts',(-10.,4.60964860434916,17.1631062436517));
#8042=CARTESIAN_POINT('Ctrl Pts',(-9.7,4.60964860434916,17.1631062436517));
#8043=CARTESIAN_POINT('Ctrl Pts',(-10.,4.60721255374064,17.0549877784106));
#8044=CARTESIAN_POINT('Ctrl Pts',(-9.7,4.60721255374064,17.0549877784106));
#8045=CARTESIAN_POINT('Ctrl Pts',(-10.,4.60290737411781,16.8639123501014));
#8046=CARTESIAN_POINT('Ctrl Pts',(-9.7,4.60290737411781,16.8639123501014));
#8047=CARTESIAN_POINT('Ctrl Pts',(-10.,4.49226771623854,16.7098645585026));
#8048=CARTESIAN_POINT('Ctrl Pts',(-9.7,4.49226771623854,16.7098645585026));
#8049=CARTESIAN_POINT('Ctrl Pts',(-10.,4.4442326020756,16.6429834473546));
#8050=CARTESIAN_POINT('Ctrl Pts',(-9.7,4.4442326020756,16.6429834473546));
#8051=CARTESIAN_POINT('',(-10.,4.60964860434916,17.1631062436517));
#8052=CARTESIAN_POINT('Ctrl Pts',(-10.,4.60964860434916,17.1631062436517));
#8053=CARTESIAN_POINT('Ctrl Pts',(-10.,4.60721255374064,17.0549877784106));
#8054=CARTESIAN_POINT('Ctrl Pts',(-10.,4.60290737411781,16.8639123501014));
#8055=CARTESIAN_POINT('Ctrl Pts',(-10.,4.49226771623854,16.7098645585026));
#8056=CARTESIAN_POINT('Ctrl Pts',(-10.,4.4442326020756,16.6429834473546));
#8057=CARTESIAN_POINT('',(-9.7,4.60964860434916,17.1631062436517));
#8058=CARTESIAN_POINT('',(-10.,4.60964860434916,17.1631062436517));
#8059=CARTESIAN_POINT('Ctrl Pts',(-9.7,4.60964860434916,17.1631062436517));
#8060=CARTESIAN_POINT('Ctrl Pts',(-9.7,4.60721255374064,17.0549877784106));
#8061=CARTESIAN_POINT('Ctrl Pts',(-9.7,4.60290737411781,16.8639123501014));
#8062=CARTESIAN_POINT('Ctrl Pts',(-9.7,4.49226771623854,16.7098645585026));
#8063=CARTESIAN_POINT('Ctrl Pts',(-9.7,4.4442326020756,16.6429834473546));
#8064=CARTESIAN_POINT('Ctrl Pts',(-10.,4.52608795876887,17.5237815487798));
#8065=CARTESIAN_POINT('Ctrl Pts',(-9.7,4.52608795876887,17.5237815487798));
#8066=CARTESIAN_POINT('Ctrl Pts',(-10.,4.55043620893536,17.4699699431941));
#8067=CARTESIAN_POINT('Ctrl Pts',(-9.7,4.55043620893536,17.4699699431941));
#8068=CARTESIAN_POINT('Ctrl Pts',(-10.,4.60223521557477,17.3554899417175));
#8069=CARTESIAN_POINT('Ctrl Pts',(-9.7,4.60223521557477,17.3554899417175));
#8070=CARTESIAN_POINT('Ctrl Pts',(-10.,4.60708073383583,17.2297446516111));
#8071=CARTESIAN_POINT('Ctrl Pts',(-9.7,4.60708073383583,17.2297446516111));
#8072=CARTESIAN_POINT('Ctrl Pts',(-10.,4.60964860434916,17.1631062436517));
#8073=CARTESIAN_POINT('Ctrl Pts',(-9.7,4.60964860434916,17.1631062436517));
#8074=CARTESIAN_POINT('',(-10.,4.52608795876887,17.5237815487798));
#8075=CARTESIAN_POINT('Ctrl Pts',(-10.,4.52608795876887,17.5237815487798));
#8076=CARTESIAN_POINT('Ctrl Pts',(-10.,4.55043620893536,17.4699699431941));
#8077=CARTESIAN_POINT('Ctrl Pts',(-10.,4.60223521557477,17.3554899417175));
#8078=CARTESIAN_POINT('Ctrl Pts',(-10.,4.60708073383583,17.2297446516111));
#8079=CARTESIAN_POINT('Ctrl Pts',(-10.,4.60964860434916,17.1631062436517));
#8080=CARTESIAN_POINT('',(-9.7,4.52608795876887,17.5237815487798));
#8081=CARTESIAN_POINT('',(-10.,4.52608795876887,17.5237815487798));
#8082=CARTESIAN_POINT('Ctrl Pts',(-9.7,4.52608795876887,17.5237815487798));
#8083=CARTESIAN_POINT('Ctrl Pts',(-9.7,4.55043620893536,17.4699699431941));
#8084=CARTESIAN_POINT('Ctrl Pts',(-9.7,4.60223521557477,17.3554899417175));
#8085=CARTESIAN_POINT('Ctrl Pts',(-9.7,4.60708073383583,17.2297446516111));
#8086=CARTESIAN_POINT('Ctrl Pts',(-9.7,4.60964860434916,17.1631062436517));
#8087=CARTESIAN_POINT('Ctrl Pts',(-10.,4.28819568868068,17.7318306672986));
#8088=CARTESIAN_POINT('Ctrl Pts',(-9.7,4.28819568868068,17.7318306672986));
#8089=CARTESIAN_POINT('Ctrl Pts',(-10.,4.3367745838666,17.707878609993));
#8090=CARTESIAN_POINT('Ctrl Pts',(-9.7,4.3367745838666,17.707878609993));
#8091=CARTESIAN_POINT('Ctrl Pts',(-10.,4.4345294459882,17.6596801062914));
#8092=CARTESIAN_POINT('Ctrl Pts',(-9.7,4.4345294459882,17.6596801062914));
#8093=CARTESIAN_POINT('Ctrl Pts',(-10.,4.49544443469656,17.5692651481964));
#8094=CARTESIAN_POINT('Ctrl Pts',(-9.7,4.49544443469656,17.5692651481964));
#8095=CARTESIAN_POINT('Ctrl Pts',(-10.,4.52608795876887,17.5237815487798));
#8096=CARTESIAN_POINT('Ctrl Pts',(-9.7,4.52608795876887,17.5237815487798));
#8097=CARTESIAN_POINT('',(-10.,4.28819568868068,17.7318306672986));
#8098=CARTESIAN_POINT('Ctrl Pts',(-10.,4.28819568868068,17.7318306672986));
#8099=CARTESIAN_POINT('Ctrl Pts',(-10.,4.3367745838666,17.707878609993));
#8100=CARTESIAN_POINT('Ctrl Pts',(-10.,4.4345294459882,17.6596801062914));
#8101=CARTESIAN_POINT('Ctrl Pts',(-10.,4.49544443469656,17.5692651481964));
#8102=CARTESIAN_POINT('Ctrl Pts',(-10.,4.52608795876887,17.5237815487798));
#8103=CARTESIAN_POINT('',(-9.7,4.28819568868068,17.7318306672986));
#8104=CARTESIAN_POINT('',(-10.,4.28819568868068,17.7318306672986));
#8105=CARTESIAN_POINT('Ctrl Pts',(-9.7,4.28819568868068,17.7318306672986));
#8106=CARTESIAN_POINT('Ctrl Pts',(-9.7,4.3367745838666,17.707878609993));
#8107=CARTESIAN_POINT('Ctrl Pts',(-9.7,4.4345294459882,17.6596801062914));
#8108=CARTESIAN_POINT('Ctrl Pts',(-9.7,4.49544443469656,17.5692651481964));
#8109=CARTESIAN_POINT('Ctrl Pts',(-9.7,4.52608795876887,17.5237815487798));
#8110=CARTESIAN_POINT('Ctrl Pts',(-10.,3.80814792628673,17.7923695403751));
#8111=CARTESIAN_POINT('Ctrl Pts',(-9.7,3.80814792628673,17.7923695403751));
#8112=CARTESIAN_POINT('Ctrl Pts',(-10.,3.90310097159682,17.7920332753513));
#8113=CARTESIAN_POINT('Ctrl Pts',(-9.7,3.90310097159682,17.7920332753513));
#8114=CARTESIAN_POINT('Ctrl Pts',(-10.,4.06587719175048,17.7914568225438));
#8115=CARTESIAN_POINT('Ctrl Pts',(-9.7,4.06587719175048,17.7914568225438));
#8116=CARTESIAN_POINT('Ctrl Pts',(-10.,4.22280806574942,17.7493677261122));
#8117=CARTESIAN_POINT('Ctrl Pts',(-9.7,4.22280806574942,17.7493677261122));
#8118=CARTESIAN_POINT('Ctrl Pts',(-10.,4.28819568868068,17.7318306672986));
#8119=CARTESIAN_POINT('Ctrl Pts',(-9.7,4.28819568868068,17.7318306672986));
#8120=CARTESIAN_POINT('',(-10.,3.80814792628673,17.7923695403751));
#8121=CARTESIAN_POINT('Ctrl Pts',(-10.,3.80814792628673,17.7923695403751));
#8122=CARTESIAN_POINT('Ctrl Pts',(-10.,3.90310097159682,17.7920332753513));
#8123=CARTESIAN_POINT('Ctrl Pts',(-10.,4.06587719175048,17.7914568225438));
#8124=CARTESIAN_POINT('Ctrl Pts',(-10.,4.22280806574942,17.7493677261122));
#8125=CARTESIAN_POINT('Ctrl Pts',(-10.,4.28819568868068,17.7318306672986));
#8126=CARTESIAN_POINT('',(-9.7,3.80814792628673,17.7923695403751));
#8127=CARTESIAN_POINT('',(-10.,3.80814792628673,17.7923695403751));
#8128=CARTESIAN_POINT('Ctrl Pts',(-9.7,3.80814792628673,17.7923695403751));
#8129=CARTESIAN_POINT('Ctrl Pts',(-9.7,3.90310097159682,17.7920332753513));
#8130=CARTESIAN_POINT('Ctrl Pts',(-9.7,4.06587719175048,17.7914568225438));
#8131=CARTESIAN_POINT('Ctrl Pts',(-9.7,4.22280806574942,17.7493677261122));
#8132=CARTESIAN_POINT('Ctrl Pts',(-9.7,4.28819568868068,17.7318306672986));
#8133=CARTESIAN_POINT('Origin',(-10.,2.36544670577434,17.7923695403751));
#8134=CARTESIAN_POINT('',(-10.,2.36544670577434,17.7923695403751));
#8135=CARTESIAN_POINT('',(-10.,1.18272335288717,17.7923695403751));
#8136=CARTESIAN_POINT('',(-9.7,2.36544670577434,17.7923695403751));
#8137=CARTESIAN_POINT('',(-10.,2.36544670577434,17.7923695403751));
#8138=CARTESIAN_POINT('',(-9.7,2.36544670577434,17.7923695403751));
#8139=CARTESIAN_POINT('Origin',(-10.,2.36544670577434,18.1232017311867));
#8140=CARTESIAN_POINT('',(-10.,2.36544670577434,18.1232017311867));
#8141=CARTESIAN_POINT('',(-10.,2.36544670577434,9.06160086559335));
#8142=CARTESIAN_POINT('',(-9.7,2.36544670577434,18.1232017311867));
#8143=CARTESIAN_POINT('',(-10.,2.36544670577434,18.1232017311867));
#8144=CARTESIAN_POINT('',(-9.7,2.36544670577434,18.1232017311867));
#8145=CARTESIAN_POINT('Origin',(-10.,3.80985321517375,18.1232017311867));
#8146=CARTESIAN_POINT('',(-10.,3.80985321517375,18.1232017311867));
#8147=CARTESIAN_POINT('',(-10.,1.90492660758687,18.1232017311867));
#8148=CARTESIAN_POINT('',(-9.7,3.80985321517375,18.1232017311867));
#8149=CARTESIAN_POINT('',(-10.,3.80985321517375,18.1232017311867));
#8150=CARTESIAN_POINT('',(-9.7,3.80985321517375,18.1232017311867));
#8151=CARTESIAN_POINT('Ctrl Pts',(-10.,4.43655850406077,18.027703765374));
#8152=CARTESIAN_POINT('Ctrl Pts',(-9.7,4.43655850406077,18.027703765374));
#8153=CARTESIAN_POINT('Ctrl Pts',(-10.,4.34674172122929,18.0554573415322));
#8154=CARTESIAN_POINT('Ctrl Pts',(-9.7,4.34674172122929,18.0554573415322));
#8155=CARTESIAN_POINT('Ctrl Pts',(-10.,4.14294755644812,18.1184301701567));
#8156=CARTESIAN_POINT('Ctrl Pts',(-9.7,4.14294755644812,18.1184301701567));
#8157=CARTESIAN_POINT('Ctrl Pts',(-10.,3.9293265328804,18.1214902814373));
#8158=CARTESIAN_POINT('Ctrl Pts',(-9.7,3.9293265328804,18.1214902814373));
#8159=CARTESIAN_POINT('Ctrl Pts',(-10.,3.80985321517375,18.1232017311867));
#8160=CARTESIAN_POINT('Ctrl Pts',(-9.7,3.80985321517375,18.1232017311867));
#8161=CARTESIAN_POINT('',(-10.,4.43655850406077,18.027703765374));
#8162=CARTESIAN_POINT('Ctrl Pts',(-10.,4.43655850406077,18.027703765374));
#8163=CARTESIAN_POINT('Ctrl Pts',(-10.,4.34674172122929,18.0554573415322));
#8164=CARTESIAN_POINT('Ctrl Pts',(-10.,4.14294755644812,18.1184301701567));
#8165=CARTESIAN_POINT('Ctrl Pts',(-10.,3.9293265328804,18.1214902814373));
#8166=CARTESIAN_POINT('Ctrl Pts',(-10.,3.80985321517375,18.1232017311867));
#8167=CARTESIAN_POINT('',(-9.7,4.43655850406077,18.027703765374));
#8168=CARTESIAN_POINT('',(-10.,4.43655850406077,18.027703765374));
#8169=CARTESIAN_POINT('Ctrl Pts',(-9.7,4.43655850406077,18.027703765374));
#8170=CARTESIAN_POINT('Ctrl Pts',(-9.7,4.34674172122929,18.0554573415322));
#8171=CARTESIAN_POINT('Ctrl Pts',(-9.7,4.14294755644812,18.1184301701567));
#8172=CARTESIAN_POINT('Ctrl Pts',(-9.7,3.9293265328804,18.1214902814373));
#8173=CARTESIAN_POINT('Ctrl Pts',(-9.7,3.80985321517375,18.1232017311867));
#8174=CARTESIAN_POINT('Ctrl Pts',(-10.,4.78700192685512,17.708808820289));
#8175=CARTESIAN_POINT('Ctrl Pts',(-9.7,4.78700192685512,17.708808820289));
#8176=CARTESIAN_POINT('Ctrl Pts',(-10.,4.74236749771385,17.7778462235526));
#8177=CARTESIAN_POINT('Ctrl Pts',(-9.7,4.74236749771385,17.7778462235526));
#8178=CARTESIAN_POINT('Ctrl Pts',(-10.,4.65364236984815,17.9150800260216));
#8179=CARTESIAN_POINT('Ctrl Pts',(-9.7,4.65364236984815,17.9150800260216));
#8180=CARTESIAN_POINT('Ctrl Pts',(-10.,4.50862355511756,17.9903162078179));
#8181=CARTESIAN_POINT('Ctrl Pts',(-9.7,4.50862355511756,17.9903162078179));
#8182=CARTESIAN_POINT('Ctrl Pts',(-10.,4.43655850406077,18.027703765374));
#8183=CARTESIAN_POINT('Ctrl Pts',(-9.7,4.43655850406077,18.027703765374));
#8184=CARTESIAN_POINT('',(-10.,4.78700192685512,17.708808820289));
#8185=CARTESIAN_POINT('Ctrl Pts',(-10.,4.78700192685512,17.708808820289));
#8186=CARTESIAN_POINT('Ctrl Pts',(-10.,4.74236749771385,17.7778462235526));
#8187=CARTESIAN_POINT('Ctrl Pts',(-10.,4.65364236984815,17.9150800260216));
#8188=CARTESIAN_POINT('Ctrl Pts',(-10.,4.50862355511756,17.9903162078179));
#8189=CARTESIAN_POINT('Ctrl Pts',(-10.,4.43655850406077,18.027703765374));
#8190=CARTESIAN_POINT('',(-9.7,4.78700192685512,17.708808820289));
#8191=CARTESIAN_POINT('',(-10.,4.78700192685512,17.708808820289));
#8192=CARTESIAN_POINT('Ctrl Pts',(-9.7,4.78700192685512,17.708808820289));
#8193=CARTESIAN_POINT('Ctrl Pts',(-9.7,4.74236749771385,17.7778462235526));
#8194=CARTESIAN_POINT('Ctrl Pts',(-9.7,4.65364236984815,17.9150800260216));
#8195=CARTESIAN_POINT('Ctrl Pts',(-9.7,4.50862355511756,17.9903162078179));
#8196=CARTESIAN_POINT('Ctrl Pts',(-9.7,4.43655850406077,18.027703765374));
#8197=CARTESIAN_POINT('Ctrl Pts',(-10.,4.90807982201961,17.1341157365258));
#8198=CARTESIAN_POINT('Ctrl Pts',(-9.7,4.90807982201961,17.1341157365258));
#8199=CARTESIAN_POINT('Ctrl Pts',(-10.,4.90496334216225,17.242101503326));
#8200=CARTESIAN_POINT('Ctrl Pts',(-9.7,4.90496334216225,17.242101503326));
#8201=CARTESIAN_POINT('Ctrl Pts',(-10.,4.8992134310697,17.4413354425084));
#8202=CARTESIAN_POINT('Ctrl Pts',(-9.7,4.8992134310697,17.4413354425084));
#8203=CARTESIAN_POINT('Ctrl Pts',(-10.,4.82225055068496,17.6247883043546));
#8204=CARTESIAN_POINT('Ctrl Pts',(-9.7,4.82225055068496,17.6247883043546));
#8205=CARTESIAN_POINT('Ctrl Pts',(-10.,4.78700192685512,17.708808820289));
#8206=CARTESIAN_POINT('Ctrl Pts',(-9.7,4.78700192685512,17.708808820289));
#8207=CARTESIAN_POINT('',(-10.,4.90807982201961,17.1341157365258));
#8208=CARTESIAN_POINT('Ctrl Pts',(-10.,4.90807982201961,17.1341157365258));
#8209=CARTESIAN_POINT('Ctrl Pts',(-10.,4.90496334216225,17.242101503326));
#8210=CARTESIAN_POINT('Ctrl Pts',(-10.,4.8992134310697,17.4413354425084));
#8211=CARTESIAN_POINT('Ctrl Pts',(-10.,4.82225055068496,17.6247883043546));
#8212=CARTESIAN_POINT('Ctrl Pts',(-10.,4.78700192685512,17.708808820289));
#8213=CARTESIAN_POINT('',(-9.7,4.90807982201961,17.1341157365258));
#8214=CARTESIAN_POINT('',(-10.,4.90807982201961,17.1341157365258));
#8215=CARTESIAN_POINT('Ctrl Pts',(-9.7,4.90807982201961,17.1341157365258));
#8216=CARTESIAN_POINT('Ctrl Pts',(-9.7,4.90496334216225,17.242101503326));
#8217=CARTESIAN_POINT('Ctrl Pts',(-9.7,4.8992134310697,17.4413354425084));
#8218=CARTESIAN_POINT('Ctrl Pts',(-9.7,4.82225055068496,17.6247883043546));
#8219=CARTESIAN_POINT('Ctrl Pts',(-9.7,4.78700192685512,17.708808820289));
#8220=CARTESIAN_POINT('Ctrl Pts',(-10.,4.76909609551814,16.5500435638841));
#8221=CARTESIAN_POINT('Ctrl Pts',(-9.7,4.76909609551814,16.5500435638841));
#8222=CARTESIAN_POINT('Ctrl Pts',(-10.,4.80955734951872,16.6343754375008));
#8223=CARTESIAN_POINT('Ctrl Pts',(-9.7,4.80955734951872,16.6343754375008));
#8224=CARTESIAN_POINT('Ctrl Pts',(-10.,4.89791614546303,16.8185383606864));
#8225=CARTESIAN_POINT('Ctrl Pts',(-9.7,4.89791614546303,16.8185383606864));
#8226=CARTESIAN_POINT('Ctrl Pts',(-10.,4.90450703317384,17.0231823235922));
#8227=CARTESIAN_POINT('Ctrl Pts',(-9.7,4.90450703317384,17.0231823235922));
#8228=CARTESIAN_POINT('Ctrl Pts',(-10.,4.90807982201961,17.1341157365258));
#8229=CARTESIAN_POINT('Ctrl Pts',(-9.7,4.90807982201961,17.1341157365258));
#8230=CARTESIAN_POINT('',(-10.,4.76909609551814,16.5500435638841));
#8231=CARTESIAN_POINT('Ctrl Pts',(-10.,4.76909609551814,16.5500435638841));
#8232=CARTESIAN_POINT('Ctrl Pts',(-10.,4.80955734951872,16.6343754375008));
#8233=CARTESIAN_POINT('Ctrl Pts',(-10.,4.89791614546303,16.8185383606864));
#8234=CARTESIAN_POINT('Ctrl Pts',(-10.,4.90450703317384,17.0231823235922));
#8235=CARTESIAN_POINT('Ctrl Pts',(-10.,4.90807982201961,17.1341157365258));
#8236=CARTESIAN_POINT('',(-9.7,4.76909609551814,16.5500435638841));
#8237=CARTESIAN_POINT('',(-10.,4.76909609551814,16.5500435638841));
#8238=CARTESIAN_POINT('Ctrl Pts',(-9.7,4.76909609551814,16.5500435638841));
#8239=CARTESIAN_POINT('Ctrl Pts',(-9.7,4.80955734951872,16.6343754375008));
#8240=CARTESIAN_POINT('Ctrl Pts',(-9.7,4.89791614546303,16.8185383606864));
#8241=CARTESIAN_POINT('Ctrl Pts',(-9.7,4.90450703317384,17.0231823235922));
#8242=CARTESIAN_POINT('Ctrl Pts',(-9.7,4.90807982201961,17.1341157365258));
#8243=CARTESIAN_POINT('Ctrl Pts',(-10.,4.40842064137843,16.2422331083234));
#8244=CARTESIAN_POINT('Ctrl Pts',(-9.7,4.40842064137843,16.2422331083234));
#8245=CARTESIAN_POINT('Ctrl Pts',(-10.,4.4794570509269,16.2773280356024));
#8246=CARTESIAN_POINT('Ctrl Pts',(-9.7,4.4794570509269,16.2773280356024));
#8247=CARTESIAN_POINT('Ctrl Pts',(-10.,4.62545471858399,16.3494569278408));
#8248=CARTESIAN_POINT('Ctrl Pts',(-9.7,4.62545471858399,16.3494569278408));
#8249=CARTESIAN_POINT('Ctrl Pts',(-10.,4.72036514566344,16.4819936919657));
#8250=CARTESIAN_POINT('Ctrl Pts',(-9.7,4.72036514566344,16.4819936919657));
#8251=CARTESIAN_POINT('Ctrl Pts',(-10.,4.76909609551814,16.5500435638841));
#8252=CARTESIAN_POINT('Ctrl Pts',(-9.7,4.76909609551814,16.5500435638841));
#8253=CARTESIAN_POINT('',(-10.,4.40842064137843,16.2422331083234));
#8254=CARTESIAN_POINT('Ctrl Pts',(-10.,4.40842064137843,16.2422331083234));
#8255=CARTESIAN_POINT('Ctrl Pts',(-10.,4.4794570509269,16.2773280356024));
#8256=CARTESIAN_POINT('Ctrl Pts',(-10.,4.62545471858399,16.3494569278408));
#8257=CARTESIAN_POINT('Ctrl Pts',(-10.,4.72036514566344,16.4819936919657));
#8258=CARTESIAN_POINT('Ctrl Pts',(-10.,4.76909609551814,16.5500435638841));
#8259=CARTESIAN_POINT('',(-9.7,4.40842064137843,16.2422331083234));
#8260=CARTESIAN_POINT('',(-10.,4.40842064137843,16.2422331083234));
#8261=CARTESIAN_POINT('Ctrl Pts',(-9.7,4.40842064137843,16.2422331083234));
#8262=CARTESIAN_POINT('Ctrl Pts',(-9.7,4.4794570509269,16.2773280356024));
#8263=CARTESIAN_POINT('Ctrl Pts',(-9.7,4.62545471858399,16.3494569278408));
#8264=CARTESIAN_POINT('Ctrl Pts',(-9.7,4.72036514566344,16.4819936919657));
#8265=CARTESIAN_POINT('Ctrl Pts',(-9.7,4.76909609551814,16.5500435638841));
#8266=CARTESIAN_POINT('Ctrl Pts',(-10.,3.80985321517375,16.1569671738561));
#8267=CARTESIAN_POINT('Ctrl Pts',(-9.7,3.80985321517375,16.1569671738561));
#8268=CARTESIAN_POINT('Ctrl Pts',(-10.,3.92339273663466,16.1585430262671));
#8269=CARTESIAN_POINT('Ctrl Pts',(-9.7,3.92339273663466,16.1585430262671));
#8270=CARTESIAN_POINT('Ctrl Pts',(-10.,4.12683256177889,16.1613666346003));
#8271=CARTESIAN_POINT('Ctrl Pts',(-9.7,4.12683256177889,16.1613666346003));
#8272=CARTESIAN_POINT('Ctrl Pts',(-10.,4.32212200242037,16.2174498624219));
#8273=CARTESIAN_POINT('Ctrl Pts',(-9.7,4.32212200242037,16.2174498624219));
#8274=CARTESIAN_POINT('Ctrl Pts',(-10.,4.40842064137843,16.2422331083234));
#8275=CARTESIAN_POINT('Ctrl Pts',(-9.7,4.40842064137843,16.2422331083234));
#8276=CARTESIAN_POINT('',(-10.,3.80985321517375,16.1569671738561));
#8277=CARTESIAN_POINT('Ctrl Pts',(-10.,3.80985321517375,16.1569671738561));
#8278=CARTESIAN_POINT('Ctrl Pts',(-10.,3.92339273663466,16.1585430262671));
#8279=CARTESIAN_POINT('Ctrl Pts',(-10.,4.12683256177889,16.1613666346003));
#8280=CARTESIAN_POINT('Ctrl Pts',(-10.,4.32212200242037,16.2174498624219));
#8281=CARTESIAN_POINT('Ctrl Pts',(-10.,4.40842064137843,16.2422331083234));
#8282=CARTESIAN_POINT('',(-9.7,3.80985321517375,16.1569671738561));
#8283=CARTESIAN_POINT('',(-10.,3.80985321517375,16.1569671738561));
#8284=CARTESIAN_POINT('Ctrl Pts',(-9.7,3.80985321517375,16.1569671738561));
#8285=CARTESIAN_POINT('Ctrl Pts',(-9.7,3.92339273663466,16.1585430262671));
#8286=CARTESIAN_POINT('Ctrl Pts',(-9.7,4.12683256177889,16.1613666346003));
#8287=CARTESIAN_POINT('Ctrl Pts',(-9.7,4.32212200242037,16.2174498624219));
#8288=CARTESIAN_POINT('Ctrl Pts',(-9.7,4.40842064137843,16.2422331083234));
#8289=CARTESIAN_POINT('Origin',(-10.,2.36544670577434,16.1569671738561));
#8290=CARTESIAN_POINT('',(-10.,2.36544670577434,16.1569671738561));
#8291=CARTESIAN_POINT('',(-10.,1.18272335288717,16.1569671738561));
#8292=CARTESIAN_POINT('',(-9.7,2.36544670577434,16.1569671738561));
#8293=CARTESIAN_POINT('',(-10.,2.36544670577434,16.1569671738561));
#8294=CARTESIAN_POINT('',(-9.7,2.36544670577434,16.1569671738561));
#8295=CARTESIAN_POINT('Origin',(-10.,2.36544670577434,16.4877993274148));
#8296=CARTESIAN_POINT('',(-10.,2.36544670577434,16.4877993274148));
#8297=CARTESIAN_POINT('',(-10.,2.36544670577434,8.24389966370741));
#8298=CARTESIAN_POINT('',(-9.7,2.36544670577434,16.4877993274148));
#8299=CARTESIAN_POINT('',(-10.,2.36544670577434,16.4877993274148));
#8300=CARTESIAN_POINT('',(-9.7,2.36544670577434,16.4877993274148));
#8301=CARTESIAN_POINT('Origin',(-10.,3.80814792628673,16.4877993274148));
#8302=CARTESIAN_POINT('',(-10.,1.90407396314336,16.4877993274148));
#8303=CARTESIAN_POINT('',(-9.7,3.80814792628673,16.4877993274148));
#8304=CARTESIAN_POINT('Origin',(-9.7,3.63676326389697,11.4417551677342));
#8305=CARTESIAN_POINT('Origin',(-10.,0.,0.));
#8306=CARTESIAN_POINT('Origin',(-10.,0.,0.));
#8307=CARTESIAN_POINT('Origin',(-10.,4.03447216957965,26.3428507823531));
#8308=CARTESIAN_POINT('',(-10.,4.03447216957965,26.3428507823531));
#8309=CARTESIAN_POINT('',(-10.,4.98263037413516,26.3428507823531));
#8310=CARTESIAN_POINT('',(-10.,2.01723608478982,26.3428507823531));
#8311=CARTESIAN_POINT('',(-9.7,4.03447216957965,26.3428507823531));
#8312=CARTESIAN_POINT('',(-10.,4.03447216957965,26.3428507823531));
#8313=CARTESIAN_POINT('',(-9.7,4.98263037413516,26.3428507823531));
#8314=CARTESIAN_POINT('',(-9.7,4.03447216957965,26.3428507823531));
#8315=CARTESIAN_POINT('',(-10.,4.98263037413516,26.3428507823531));
#8316=CARTESIAN_POINT('Ctrl Pts',(-10.,3.67635479778209,26.2916912216727));
#8317=CARTESIAN_POINT('Ctrl Pts',(-9.7,3.67635479778209,26.2916912216727));
#8318=CARTESIAN_POINT('Ctrl Pts',(-10.,3.73317389029692,26.3066085412955));
#8319=CARTESIAN_POINT('Ctrl Pts',(-9.7,3.73317389029692,26.3066085412955));
#8320=CARTESIAN_POINT('Ctrl Pts',(-10.,3.85054636921499,26.3374235843636));
#8321=CARTESIAN_POINT('Ctrl Pts',(-9.7,3.85054636921499,26.3374235843636));
#8322=CARTESIAN_POINT('Ctrl Pts',(-10.,3.97187682944238,26.3410037478236));
#8323=CARTESIAN_POINT('Ctrl Pts',(-9.7,3.97187682944238,26.3410037478236));
#8324=CARTESIAN_POINT('Ctrl Pts',(-10.,4.03447216957965,26.3428507823531));
#8325=CARTESIAN_POINT('Ctrl Pts',(-9.7,4.03447216957965,26.3428507823531));
#8326=CARTESIAN_POINT('',(-10.,3.67635479778209,26.2916912216727));
#8327=CARTESIAN_POINT('Ctrl Pts',(-10.,3.67635479778209,26.2916912216727));
#8328=CARTESIAN_POINT('Ctrl Pts',(-10.,3.73317389029692,26.3066085412955));
#8329=CARTESIAN_POINT('Ctrl Pts',(-10.,3.85054636921499,26.3374235843636));
#8330=CARTESIAN_POINT('Ctrl Pts',(-10.,3.97187682944238,26.3410037478236));
#8331=CARTESIAN_POINT('Ctrl Pts',(-10.,4.03447216957965,26.3428507823531));
#8332=CARTESIAN_POINT('',(-9.7,3.67635479778209,26.2916912216727));
#8333=CARTESIAN_POINT('',(-10.,3.67635479778209,26.2916912216727));
#8334=CARTESIAN_POINT('Ctrl Pts',(-9.7,3.67635479778209,26.2916912216727));
#8335=CARTESIAN_POINT('Ctrl Pts',(-9.7,3.73317389029692,26.3066085412955));
#8336=CARTESIAN_POINT('Ctrl Pts',(-9.7,3.85054636921499,26.3374235843636));
#8337=CARTESIAN_POINT('Ctrl Pts',(-9.7,3.97187682944238,26.3410037478236));
#8338=CARTESIAN_POINT('Ctrl Pts',(-9.7,4.03447216957965,26.3428507823531));
#8339=CARTESIAN_POINT('Ctrl Pts',(-10.,3.50838071316638,26.1774347800795));
#8340=CARTESIAN_POINT('Ctrl Pts',(-9.7,3.50838071316638,26.1774347800795));
#8341=CARTESIAN_POINT('Ctrl Pts',(-10.,3.53103849532536,26.2023945459303));
#8342=CARTESIAN_POINT('Ctrl Pts',(-9.7,3.53103849532536,26.2023945459303));
#8343=CARTESIAN_POINT('Ctrl Pts',(-10.,3.57780005653913,26.2539069848144));
#8344=CARTESIAN_POINT('Ctrl Pts',(-9.7,3.57780005653913,26.2539069848144));
#8345=CARTESIAN_POINT('Ctrl Pts',(-10.,3.64283288567781,26.2788394821124));
#8346=CARTESIAN_POINT('Ctrl Pts',(-9.7,3.64283288567781,26.2788394821124));
#8347=CARTESIAN_POINT('Ctrl Pts',(-10.,3.67635479778209,26.2916912216727));
#8348=CARTESIAN_POINT('Ctrl Pts',(-9.7,3.67635479778209,26.2916912216727));
#8349=CARTESIAN_POINT('',(-10.,3.50838071316638,26.1774347800795));
#8350=CARTESIAN_POINT('Ctrl Pts',(-10.,3.50838071316638,26.1774347800795));
#8351=CARTESIAN_POINT('Ctrl Pts',(-10.,3.53103849532536,26.2023945459303));
#8352=CARTESIAN_POINT('Ctrl Pts',(-10.,3.57780005653913,26.2539069848144));
#8353=CARTESIAN_POINT('Ctrl Pts',(-10.,3.64283288567781,26.2788394821124));
#8354=CARTESIAN_POINT('Ctrl Pts',(-10.,3.67635479778209,26.2916912216727));
#8355=CARTESIAN_POINT('',(-9.7,3.50838071316638,26.1774347800795));
#8356=CARTESIAN_POINT('',(-10.,3.50838071316638,26.1774347800795));
#8357=CARTESIAN_POINT('Ctrl Pts',(-9.7,3.50838071316638,26.1774347800795));
#8358=CARTESIAN_POINT('Ctrl Pts',(-9.7,3.53103849532536,26.2023945459303));
#8359=CARTESIAN_POINT('Ctrl Pts',(-9.7,3.57780005653913,26.2539069848144));
#8360=CARTESIAN_POINT('Ctrl Pts',(-9.7,3.64283288567781,26.2788394821124));
#8361=CARTESIAN_POINT('Ctrl Pts',(-9.7,3.67635479778209,26.2916912216727));
#8362=CARTESIAN_POINT('Ctrl Pts',(-10.,3.44784176558413,25.9966705817763));
#8363=CARTESIAN_POINT('Ctrl Pts',(-9.7,3.44784176558413,25.9966705817763));
#8364=CARTESIAN_POINT('Ctrl Pts',(-10.,3.45035964917547,26.0293497765813));
#8365=CARTESIAN_POINT('Ctrl Pts',(-9.7,3.45035964917547,26.0293497765813));
#8366=CARTESIAN_POINT('Ctrl Pts',(-10.,3.4553931182498,26.0946783394231));
#8367=CARTESIAN_POINT('Ctrl Pts',(-9.7,3.4553931182498,26.0946783394231));
#8368=CARTESIAN_POINT('Ctrl Pts',(-10.,3.49072355841427,26.1498576975246));
#8369=CARTESIAN_POINT('Ctrl Pts',(-9.7,3.49072355841427,26.1498576975246));
#8370=CARTESIAN_POINT('Ctrl Pts',(-10.,3.50838071316638,26.1774347800795));
#8371=CARTESIAN_POINT('Ctrl Pts',(-9.7,3.50838071316638,26.1774347800795));
#8372=CARTESIAN_POINT('',(-10.,3.44784176558413,25.9966705817763));
#8373=CARTESIAN_POINT('Ctrl Pts',(-10.,3.44784176558413,25.9966705817763));
#8374=CARTESIAN_POINT('Ctrl Pts',(-10.,3.45035964917547,26.0293497765813));
#8375=CARTESIAN_POINT('Ctrl Pts',(-10.,3.4553931182498,26.0946783394231));
#8376=CARTESIAN_POINT('Ctrl Pts',(-10.,3.49072355841427,26.1498576975246));
#8377=CARTESIAN_POINT('Ctrl Pts',(-10.,3.50838071316638,26.1774347800795));
#8378=CARTESIAN_POINT('',(-9.7,3.44784176558413,25.9966705817763));
#8379=CARTESIAN_POINT('',(-10.,3.44784176558413,25.9966705817763));
#8380=CARTESIAN_POINT('Ctrl Pts',(-9.7,3.44784176558413,25.9966705817763));
#8381=CARTESIAN_POINT('Ctrl Pts',(-9.7,3.45035964917547,26.0293497765813));
#8382=CARTESIAN_POINT('Ctrl Pts',(-9.7,3.4553931182498,26.0946783394231));
#8383=CARTESIAN_POINT('Ctrl Pts',(-9.7,3.49072355841427,26.1498576975246));
#8384=CARTESIAN_POINT('Ctrl Pts',(-9.7,3.50838071316638,26.1774347800795));
#8385=CARTESIAN_POINT('Ctrl Pts',(-10.,3.51434937328257,25.771568276364));
#8386=CARTESIAN_POINT('Ctrl Pts',(-9.7,3.51434937328257,25.771568276364));
#8387=CARTESIAN_POINT('Ctrl Pts',(-10.,3.4949603413143,25.8082853136118));
#8388=CARTESIAN_POINT('Ctrl Pts',(-9.7,3.4949603413143,25.8082853136118));
#8389=CARTESIAN_POINT('Ctrl Pts',(-10.,3.45765270752995,25.8789348324494));
#8390=CARTESIAN_POINT('Ctrl Pts',(-9.7,3.45765270752995,25.8789348324494));
#8391=CARTESIAN_POINT('Ctrl Pts',(-10.,3.45102500558332,25.9584702592526));
#8392=CARTESIAN_POINT('Ctrl Pts',(-9.7,3.45102500558332,25.9584702592526));
#8393=CARTESIAN_POINT('Ctrl Pts',(-10.,3.44784176558413,25.9966705817763));
#8394=CARTESIAN_POINT('Ctrl Pts',(-9.7,3.44784176558413,25.9966705817763));
#8395=CARTESIAN_POINT('',(-10.,3.51434937328257,25.771568276364));
#8396=CARTESIAN_POINT('Ctrl Pts',(-10.,3.51434937328257,25.771568276364));
#8397=CARTESIAN_POINT('Ctrl Pts',(-10.,3.4949603413143,25.8082853136118));
#8398=CARTESIAN_POINT('Ctrl Pts',(-10.,3.45765270752995,25.8789348324494));
#8399=CARTESIAN_POINT('Ctrl Pts',(-10.,3.45102500558332,25.9584702592526));
#8400=CARTESIAN_POINT('Ctrl Pts',(-10.,3.44784176558413,25.9966705817763));
#8401=CARTESIAN_POINT('',(-9.7,3.51434937328257,25.771568276364));
#8402=CARTESIAN_POINT('',(-10.,3.51434937328257,25.771568276364));
#8403=CARTESIAN_POINT('Ctrl Pts',(-9.7,3.51434937328257,25.771568276364));
#8404=CARTESIAN_POINT('Ctrl Pts',(-9.7,3.4949603413143,25.8082853136118));
#8405=CARTESIAN_POINT('Ctrl Pts',(-9.7,3.45765270752995,25.8789348324494));
#8406=CARTESIAN_POINT('Ctrl Pts',(-9.7,3.45102500558332,25.9584702592526));
#8407=CARTESIAN_POINT('Ctrl Pts',(-9.7,3.44784176558413,25.9966705817763));
#8408=CARTESIAN_POINT('Origin',(-10.,3.22956076473155,25.6658385772292));
#8409=CARTESIAN_POINT('',(-10.,3.22956076473155,25.6658385772292));
#8410=CARTESIAN_POINT('',(-10.,-2.37679487972884,23.5844410854281));
#8411=CARTESIAN_POINT('',(-9.7,3.22956076473155,25.6658385772292));
#8412=CARTESIAN_POINT('',(-10.,3.22956076473155,25.6658385772292));
#8413=CARTESIAN_POINT('',(-9.7,3.22956076473155,25.6658385772292));
#8414=CARTESIAN_POINT('Ctrl Pts',(-10.,3.13065222114482,25.9813226837699));
#8415=CARTESIAN_POINT('Ctrl Pts',(-9.7,3.13065222114482,25.9813226837699));
#8416=CARTESIAN_POINT('Ctrl Pts',(-10.,3.13555462059453,25.9281475337922));
#8417=CARTESIAN_POINT('Ctrl Pts',(-9.7,3.13555462059453,25.9281475337922));
#8418=CARTESIAN_POINT('Ctrl Pts',(-10.,3.14588763208047,25.8160678387117));
#8419=CARTESIAN_POINT('Ctrl Pts',(-9.7,3.14588763208047,25.8160678387117));
#8420=CARTESIAN_POINT('Ctrl Pts',(-10.,3.20073513839982,25.7175929745892));
#8421=CARTESIAN_POINT('Ctrl Pts',(-9.7,3.20073513839982,25.7175929745892));
#8422=CARTESIAN_POINT('Ctrl Pts',(-10.,3.22956076473155,25.6658385772292));
#8423=CARTESIAN_POINT('Ctrl Pts',(-9.7,3.22956076473155,25.6658385772292));
#8424=CARTESIAN_POINT('',(-10.,3.13065222114482,25.9813226837699));
#8425=CARTESIAN_POINT('Ctrl Pts',(-10.,3.13065222114482,25.9813226837699));
#8426=CARTESIAN_POINT('Ctrl Pts',(-10.,3.13555462059453,25.9281475337922));
#8427=CARTESIAN_POINT('Ctrl Pts',(-10.,3.14588763208047,25.8160678387117));
#8428=CARTESIAN_POINT('Ctrl Pts',(-10.,3.20073513839982,25.7175929745892));
#8429=CARTESIAN_POINT('Ctrl Pts',(-10.,3.22956076473155,25.6658385772292));
#8430=CARTESIAN_POINT('',(-9.7,3.13065222114482,25.9813226837699));
#8431=CARTESIAN_POINT('',(-10.,3.13065222114482,25.9813226837699));
#8432=CARTESIAN_POINT('Ctrl Pts',(-9.7,3.13065222114482,25.9813226837699));
#8433=CARTESIAN_POINT('Ctrl Pts',(-9.7,3.13555462059453,25.9281475337922));
#8434=CARTESIAN_POINT('Ctrl Pts',(-9.7,3.14588763208047,25.8160678387117));
#8435=CARTESIAN_POINT('Ctrl Pts',(-9.7,3.20073513839982,25.7175929745892));
#8436=CARTESIAN_POINT('Ctrl Pts',(-9.7,3.22956076473155,25.6658385772292));
#8437=CARTESIAN_POINT('Ctrl Pts',(-10.,3.19204366415896,26.178287424523));
#8438=CARTESIAN_POINT('Ctrl Pts',(-9.7,3.19204366415896,26.178287424523));
#8439=CARTESIAN_POINT('Ctrl Pts',(-10.,3.17413788480034,26.1477482381334));
#8440=CARTESIAN_POINT('Ctrl Pts',(-9.7,3.17413788480034,26.1477482381334));
#8441=CARTESIAN_POINT('Ctrl Pts',(-10.,3.13842545374036,26.0868389324435));
#8442=CARTESIAN_POINT('Ctrl Pts',(-9.7,3.13842545374036,26.0868389324435));
#8443=CARTESIAN_POINT('Ctrl Pts',(-10.,3.13323849950164,26.016429621184));
#8444=CARTESIAN_POINT('Ctrl Pts',(-9.7,3.13323849950164,26.016429621184));
#8445=CARTESIAN_POINT('Ctrl Pts',(-10.,3.13065222114482,25.9813226837699));
#8446=CARTESIAN_POINT('Ctrl Pts',(-9.7,3.13065222114482,25.9813226837699));
#8447=CARTESIAN_POINT('',(-10.,3.19204366415896,26.178287424523));
#8448=CARTESIAN_POINT('Ctrl Pts',(-10.,3.19204366415896,26.178287424523));
#8449=CARTESIAN_POINT('Ctrl Pts',(-10.,3.17413788480034,26.1477482381334));
#8450=CARTESIAN_POINT('Ctrl Pts',(-10.,3.13842545374036,26.0868389324435));
#8451=CARTESIAN_POINT('Ctrl Pts',(-10.,3.13323849950164,26.016429621184));
#8452=CARTESIAN_POINT('Ctrl Pts',(-10.,3.13065222114482,25.9813226837699));
#8453=CARTESIAN_POINT('',(-9.7,3.19204366415896,26.178287424523));
#8454=CARTESIAN_POINT('',(-10.,3.19204366415896,26.178287424523));
#8455=CARTESIAN_POINT('Ctrl Pts',(-9.7,3.19204366415896,26.178287424523));
#8456=CARTESIAN_POINT('Ctrl Pts',(-9.7,3.17413788480034,26.1477482381334));
#8457=CARTESIAN_POINT('Ctrl Pts',(-9.7,3.13842545374036,26.0868389324435));
#8458=CARTESIAN_POINT('Ctrl Pts',(-9.7,3.13323849950164,26.016429621184));
#8459=CARTESIAN_POINT('Ctrl Pts',(-9.7,3.13065222114482,25.9813226837699));
#8460=CARTESIAN_POINT('Ctrl Pts',(-10.,3.44613647669711,26.373546578366));
#8461=CARTESIAN_POINT('Ctrl Pts',(-9.7,3.44613647669711,26.373546578366));
#8462=CARTESIAN_POINT('Ctrl Pts',(-10.,3.39035202543712,26.3427730241079));
#8463=CARTESIAN_POINT('Ctrl Pts',(-9.7,3.39035202543712,26.3427730241079));
#8464=CARTESIAN_POINT('Ctrl Pts',(-10.,3.29546956956171,26.2904310123453));
#8465=CARTESIAN_POINT('Ctrl Pts',(-9.7,3.29546956956171,26.2904310123453));
#8466=CARTESIAN_POINT('Ctrl Pts',(-10.,3.22222527804487,26.2110130212123));
#8467=CARTESIAN_POINT('Ctrl Pts',(-9.7,3.22222527804487,26.2110130212123));
#8468=CARTESIAN_POINT('Ctrl Pts',(-10.,3.19204366415896,26.178287424523));
#8469=CARTESIAN_POINT('Ctrl Pts',(-9.7,3.19204366415896,26.178287424523));
#8470=CARTESIAN_POINT('',(-10.,3.44613647669711,26.373546578366));
#8471=CARTESIAN_POINT('Ctrl Pts',(-10.,3.44613647669711,26.373546578366));
#8472=CARTESIAN_POINT('Ctrl Pts',(-10.,3.39035202543712,26.3427730241079));
#8473=CARTESIAN_POINT('Ctrl Pts',(-10.,3.29546956956171,26.2904310123453));
#8474=CARTESIAN_POINT('Ctrl Pts',(-10.,3.22222527804487,26.2110130212123));
#8475=CARTESIAN_POINT('Ctrl Pts',(-10.,3.19204366415896,26.178287424523));
#8476=CARTESIAN_POINT('',(-9.7,3.44613647669711,26.373546578366));
#8477=CARTESIAN_POINT('',(-10.,3.44613647669711,26.373546578366));
#8478=CARTESIAN_POINT('Ctrl Pts',(-9.7,3.44613647669711,26.373546578366));
#8479=CARTESIAN_POINT('Ctrl Pts',(-9.7,3.39035202543712,26.3427730241079));
#8480=CARTESIAN_POINT('Ctrl Pts',(-9.7,3.29546956956171,26.2904310123453));
#8481=CARTESIAN_POINT('Ctrl Pts',(-9.7,3.22222527804487,26.2110130212123));
#8482=CARTESIAN_POINT('Ctrl Pts',(-9.7,3.19204366415896,26.178287424523));
#8483=CARTESIAN_POINT('Origin',(-10.,3.17157989949145,26.373546578366));
#8484=CARTESIAN_POINT('',(-10.,3.17157989949145,26.373546578366));
#8485=CARTESIAN_POINT('',(-10.,1.58578994974573,26.373546578366));
#8486=CARTESIAN_POINT('',(-9.7,3.17157989949145,26.373546578366));
#8487=CARTESIAN_POINT('',(-10.,3.17157989949145,26.373546578366));
#8488=CARTESIAN_POINT('',(-9.7,3.17157989949145,26.373546578366));
#8489=CARTESIAN_POINT('Origin',(-10.,3.17157989949145,26.6498084444587));
#8490=CARTESIAN_POINT('',(-10.,3.17157989949145,26.6498084444587));
#8491=CARTESIAN_POINT('',(-10.,3.17157989949145,13.3249042222293));
#8492=CARTESIAN_POINT('',(-9.7,3.17157989949145,26.6498084444587));
#8493=CARTESIAN_POINT('',(-10.,3.17157989949145,26.6498084444587));
#8494=CARTESIAN_POINT('',(-9.7,3.17157989949145,26.6498084444587));
#8495=CARTESIAN_POINT('Origin',(-10.,4.98263037413516,26.6498084444587));
#8496=CARTESIAN_POINT('',(-10.,4.98263037413516,26.6498084444587));
#8497=CARTESIAN_POINT('',(-10.,2.49131518706758,26.6498084444587));
#8498=CARTESIAN_POINT('',(-9.7,4.98263037413516,26.6498084444587));
#8499=CARTESIAN_POINT('',(-10.,4.98263037413516,26.6498084444587));
#8500=CARTESIAN_POINT('',(-9.7,4.98263037413516,26.6498084444587));
#8501=CARTESIAN_POINT('Origin',(-10.,4.98263037413516,26.3428507823531));
#8502=CARTESIAN_POINT('',(-10.,4.98263037413516,13.1714253911765));
#8503=CARTESIAN_POINT('',(-9.7,4.98263037413516,26.3428507823531));
#8504=CARTESIAN_POINT('Origin',(-9.7,3.75309428781428,24.1753879081492));
#8505=CARTESIAN_POINT('Origin',(-10.,2.48263037413516,19.5522634763305));
#8506=CARTESIAN_POINT('',(-10.,2.48263037413516,19.5522634763305));
#8507=CARTESIAN_POINT('',(-10.,4.98263037413516,19.5522634763305));
#8508=CARTESIAN_POINT('',(-10.,1.24131518706758,19.5522634763305));
#8509=CARTESIAN_POINT('',(-9.7,2.48263037413516,19.5522634763305));
#8510=CARTESIAN_POINT('',(-10.,2.48263037413516,19.5522634763305));
#8511=CARTESIAN_POINT('',(-9.7,4.98263037413516,19.5522634763305));
#8512=CARTESIAN_POINT('',(-9.7,2.48263037413516,19.5522634763305));
#8513=CARTESIAN_POINT('',(-10.,4.98263037413516,19.5522634763305));
#8514=CARTESIAN_POINT('Origin',(-10.,2.48263037413516,19.8592214364592));
#8515=CARTESIAN_POINT('',(-10.,2.48263037413516,19.8592214364592));
#8516=CARTESIAN_POINT('',(-10.,2.48263037413516,9.92961071822962));
#8517=CARTESIAN_POINT('',(-9.7,2.48263037413516,19.8592214364592));
#8518=CARTESIAN_POINT('',(-10.,2.48263037413516,19.8592214364592));
#8519=CARTESIAN_POINT('',(-9.7,2.48263037413516,19.8592214364592));
#8520=CARTESIAN_POINT('Origin',(-10.,4.98263037413516,19.8592214364592));
#8521=CARTESIAN_POINT('',(-10.,4.98263037413516,19.8592214364592));
#8522=CARTESIAN_POINT('',(-10.,2.49131518706758,19.8592214364592));
#8523=CARTESIAN_POINT('',(-9.7,4.98263037413516,19.8592214364592));
#8524=CARTESIAN_POINT('',(-10.,4.98263037413516,19.8592214364592));
#8525=CARTESIAN_POINT('',(-9.7,4.98263037413516,19.8592214364592));
#8526=CARTESIAN_POINT('Origin',(-10.,4.98263037413516,19.5522634763305));
#8527=CARTESIAN_POINT('',(-10.,4.98263037413516,9.77613173816523));
#8528=CARTESIAN_POINT('',(-9.7,4.98263037413516,19.5522634763305));
#8529=CARTESIAN_POINT('Origin',(-9.7,3.75309428781428,24.1753879081492));
#8530=CARTESIAN_POINT('Ctrl Pts',(-10.,3.38303959578433,21.0478298444335));
#8531=CARTESIAN_POINT('Ctrl Pts',(-9.7,3.38303959578433,21.0478298444335));
#8532=CARTESIAN_POINT('Ctrl Pts',(-10.,3.38862851197063,21.1151926158675));
#8533=CARTESIAN_POINT('Ctrl Pts',(-9.7,3.38862851197063,21.1151926158675));
#8534=CARTESIAN_POINT('Ctrl Pts',(-10.,3.39966469304078,21.2482108466213));
#8535=CARTESIAN_POINT('Ctrl Pts',(-9.7,3.39966469304078,21.2482108466213));
#8536=CARTESIAN_POINT('Ctrl Pts',(-10.,3.48330022696321,21.3521077484135));
#8537=CARTESIAN_POINT('Ctrl Pts',(-9.7,3.48330022696321,21.3521077484135));
#8538=CARTESIAN_POINT('Ctrl Pts',(-10.,3.52458125561633,21.4033894319121));
#8539=CARTESIAN_POINT('Ctrl Pts',(-9.7,3.52458125561633,21.4033894319121));
#8540=CARTESIAN_POINT('',(-10.,3.38303959578433,21.0478298444335));
#8541=CARTESIAN_POINT('',(-10.,3.52458125561633,21.4033894319121));
#8542=CARTESIAN_POINT('Ctrl Pts',(-10.,3.38303959578433,21.0478298444335));
#8543=CARTESIAN_POINT('Ctrl Pts',(-10.,3.38862851197063,21.1151926158675));
#8544=CARTESIAN_POINT('Ctrl Pts',(-10.,3.39966469304078,21.2482108466213));
#8545=CARTESIAN_POINT('Ctrl Pts',(-10.,3.48330022696321,21.3521077484135));
#8546=CARTESIAN_POINT('Ctrl Pts',(-10.,3.52458125561633,21.4033894319121));
#8547=CARTESIAN_POINT('',(-9.7,3.38303959578433,21.0478298444335));
#8548=CARTESIAN_POINT('',(-10.,3.38303959578433,21.0478298444335));
#8549=CARTESIAN_POINT('',(-9.7,3.52458125561633,21.4033894319121));
#8550=CARTESIAN_POINT('Ctrl Pts',(-9.7,3.38303959578433,21.0478298444335));
#8551=CARTESIAN_POINT('Ctrl Pts',(-9.7,3.38862851197063,21.1151926158675));
#8552=CARTESIAN_POINT('Ctrl Pts',(-9.7,3.39966469304078,21.2482108466213));
#8553=CARTESIAN_POINT('Ctrl Pts',(-9.7,3.48330022696321,21.3521077484135));
#8554=CARTESIAN_POINT('Ctrl Pts',(-9.7,3.52458125561633,21.4033894319121));
#8555=CARTESIAN_POINT('',(-10.,3.52458125561633,21.4033894319121));
#8556=CARTESIAN_POINT('Ctrl Pts',(-10.,3.56039291829028,20.6675438661162));
#8557=CARTESIAN_POINT('Ctrl Pts',(-9.7,3.56039291829028,20.6675438661162));
#8558=CARTESIAN_POINT('Ctrl Pts',(-10.,3.50866518276311,20.7202217052737));
#8559=CARTESIAN_POINT('Ctrl Pts',(-9.7,3.50866518276311,20.7202217052737));
#8560=CARTESIAN_POINT('Ctrl Pts',(-10.,3.40475667579022,20.8260387405958));
#8561=CARTESIAN_POINT('Ctrl Pts',(-9.7,3.40475667579022,20.8260387405958));
#8562=CARTESIAN_POINT('Ctrl Pts',(-10.,3.39029963311512,20.9736848998524));
#8563=CARTESIAN_POINT('Ctrl Pts',(-9.7,3.39029963311512,20.9736848998524));
#8564=CARTESIAN_POINT('Ctrl Pts',(-10.,3.38303959578433,21.0478298444335));
#8565=CARTESIAN_POINT('Ctrl Pts',(-9.7,3.38303959578433,21.0478298444335));
#8566=CARTESIAN_POINT('',(-10.,3.56039291829028,20.6675438661162));
#8567=CARTESIAN_POINT('Ctrl Pts',(-10.,3.56039291829028,20.6675438661162));
#8568=CARTESIAN_POINT('Ctrl Pts',(-10.,3.50866518276311,20.7202217052737));
#8569=CARTESIAN_POINT('Ctrl Pts',(-10.,3.40475667579022,20.8260387405958));
#8570=CARTESIAN_POINT('Ctrl Pts',(-10.,3.39029963311512,20.9736848998524));
#8571=CARTESIAN_POINT('Ctrl Pts',(-10.,3.38303959578433,21.0478298444335));
#8572=CARTESIAN_POINT('',(-9.7,3.56039291829028,20.6675438661162));
#8573=CARTESIAN_POINT('',(-10.,3.56039291829028,20.6675438661162));
#8574=CARTESIAN_POINT('Ctrl Pts',(-9.7,3.56039291829028,20.6675438661162));
#8575=CARTESIAN_POINT('Ctrl Pts',(-9.7,3.50866518276311,20.7202217052737));
#8576=CARTESIAN_POINT('Ctrl Pts',(-9.7,3.40475667579022,20.8260387405958));
#8577=CARTESIAN_POINT('Ctrl Pts',(-9.7,3.39029963311512,20.9736848998524));
#8578=CARTESIAN_POINT('Ctrl Pts',(-9.7,3.38303959578433,21.0478298444335));
#8579=CARTESIAN_POINT('Ctrl Pts',(-10.,3.9031623920814,20.5515818376128));
#8580=CARTESIAN_POINT('Ctrl Pts',(-9.7,3.9031623920814,20.5515818376128));
#8581=CARTESIAN_POINT('Ctrl Pts',(-10.,3.83461391396245,20.5593450291572));
#8582=CARTESIAN_POINT('Ctrl Pts',(-9.7,3.83461391396245,20.5593450291572));
#8583=CARTESIAN_POINT('Ctrl Pts',(-10.,3.71152127729317,20.5732854074469));
#8584=CARTESIAN_POINT('Ctrl Pts',(-9.7,3.71152127729317,20.5732854074469));
#8585=CARTESIAN_POINT('Ctrl Pts',(-10.,3.60679754501592,20.6386013921878));
#8586=CARTESIAN_POINT('Ctrl Pts',(-9.7,3.60679754501592,20.6386013921878));
#8587=CARTESIAN_POINT('Ctrl Pts',(-10.,3.56039291829028,20.6675438661162));
#8588=CARTESIAN_POINT('Ctrl Pts',(-9.7,3.56039291829028,20.6675438661162));
#8589=CARTESIAN_POINT('',(-10.,3.9031623920814,20.5515818376128));
#8590=CARTESIAN_POINT('Ctrl Pts',(-10.,3.9031623920814,20.5515818376128));
#8591=CARTESIAN_POINT('Ctrl Pts',(-10.,3.83461391396245,20.5593450291572));
#8592=CARTESIAN_POINT('Ctrl Pts',(-10.,3.71152127729317,20.5732854074469));
#8593=CARTESIAN_POINT('Ctrl Pts',(-10.,3.60679754501592,20.6386013921878));
#8594=CARTESIAN_POINT('Ctrl Pts',(-10.,3.56039291829028,20.6675438661162));
#8595=CARTESIAN_POINT('',(-9.7,3.9031623920814,20.5515818376128));
#8596=CARTESIAN_POINT('',(-10.,3.9031623920814,20.5515818376128));
#8597=CARTESIAN_POINT('Ctrl Pts',(-9.7,3.9031623920814,20.5515818376128));
#8598=CARTESIAN_POINT('Ctrl Pts',(-9.7,3.83461391396245,20.5593450291572));
#8599=CARTESIAN_POINT('Ctrl Pts',(-9.7,3.71152127729317,20.5732854074469));
#8600=CARTESIAN_POINT('Ctrl Pts',(-9.7,3.60679754501592,20.6386013921878));
#8601=CARTESIAN_POINT('Ctrl Pts',(-9.7,3.56039291829028,20.6675438661162));
#8602=CARTESIAN_POINT('Origin',(-10.,3.9031623920814,21.5628372211043));
#8603=CARTESIAN_POINT('',(-10.,3.9031623920814,21.5628372211043));
#8604=CARTESIAN_POINT('',(-10.,3.9031623920814,10.7814186105522));
#8605=CARTESIAN_POINT('',(-9.7,3.9031623920814,21.5628372211043));
#8606=CARTESIAN_POINT('',(-10.,3.9031623920814,21.5628372211043));
#8607=CARTESIAN_POINT('',(-9.7,3.9031623920814,21.5628372211043));
#8608=CARTESIAN_POINT('Ctrl Pts',(-10.,3.52458125561633,21.4033894319121));
#8609=CARTESIAN_POINT('Ctrl Pts',(-9.7,3.52458125561633,21.4033894319121));
#8610=CARTESIAN_POINT('Ctrl Pts',(-10.,3.57737049351443,21.4461420821161));
#8611=CARTESIAN_POINT('Ctrl Pts',(-9.7,3.57737049351443,21.4461420821161));
#8612=CARTESIAN_POINT('Ctrl Pts',(-10.,3.68788758931254,21.5356470442325));
#8613=CARTESIAN_POINT('Ctrl Pts',(-9.7,3.68788758931254,21.5356470442325));
#8614=CARTESIAN_POINT('Ctrl Pts',(-10.,3.82929775037577,21.5535077842788));
#8615=CARTESIAN_POINT('Ctrl Pts',(-9.7,3.82929775037577,21.5535077842788));
#8616=CARTESIAN_POINT('Ctrl Pts',(-10.,3.9031623920814,21.5628372211043));
#8617=CARTESIAN_POINT('Ctrl Pts',(-9.7,3.9031623920814,21.5628372211043));
#8618=CARTESIAN_POINT('Ctrl Pts',(-10.,3.52458125561633,21.4033894319121));
#8619=CARTESIAN_POINT('Ctrl Pts',(-10.,3.57737049351443,21.4461420821161));
#8620=CARTESIAN_POINT('Ctrl Pts',(-10.,3.68788758931254,21.5356470442325));
#8621=CARTESIAN_POINT('Ctrl Pts',(-10.,3.82929775037577,21.5535077842788));
#8622=CARTESIAN_POINT('Ctrl Pts',(-10.,3.9031623920814,21.5628372211043));
#8623=CARTESIAN_POINT('Ctrl Pts',(-9.7,3.52458125561633,21.4033894319121));
#8624=CARTESIAN_POINT('Ctrl Pts',(-9.7,3.57737049351443,21.4461420821161));
#8625=CARTESIAN_POINT('Ctrl Pts',(-9.7,3.68788758931254,21.5356470442325));
#8626=CARTESIAN_POINT('Ctrl Pts',(-9.7,3.82929775037577,21.5535077842788));
#8627=CARTESIAN_POINT('Ctrl Pts',(-9.7,3.9031623920814,21.5628372211043));
#8628=CARTESIAN_POINT('Ctrl Pts',(-10.,4.77117067784228,21.0324822444503));
#8629=CARTESIAN_POINT('Ctrl Pts',(-9.7,4.77117067784228,21.0324822444503));
#8630=CARTESIAN_POINT('Ctrl Pts',(-10.,4.76800811307835,20.9790011586228));
#8631=CARTESIAN_POINT('Ctrl Pts',(-9.7,4.76800811307835,20.9790011586228));
#8632=CARTESIAN_POINT('Ctrl Pts',(-10.,4.76189217571335,20.8755765663856));
#8633=CARTESIAN_POINT('Ctrl Pts',(-9.7,4.76189217571335,20.8755765663856));
#8634=CARTESIAN_POINT('Ctrl Pts',(-10.,4.70834950474268,20.787038091468));
#8635=CARTESIAN_POINT('Ctrl Pts',(-9.7,4.70834950474268,20.787038091468));
#8636=CARTESIAN_POINT('Ctrl Pts',(-10.,4.6824938675777,20.7442830581252));
#8637=CARTESIAN_POINT('Ctrl Pts',(-9.7,4.6824938675777,20.7442830581252));
#8638=CARTESIAN_POINT('',(-10.,4.77117067784228,21.0324822444503));
#8639=CARTESIAN_POINT('',(-10.,4.6824938675777,20.7442830581252));
#8640=CARTESIAN_POINT('Ctrl Pts',(-10.,4.77117067784228,21.0324822444503));
#8641=CARTESIAN_POINT('Ctrl Pts',(-10.,4.76800811307835,20.9790011586228));
#8642=CARTESIAN_POINT('Ctrl Pts',(-10.,4.76189217571335,20.8755765663856));
#8643=CARTESIAN_POINT('Ctrl Pts',(-10.,4.70834950474268,20.787038091468));
#8644=CARTESIAN_POINT('Ctrl Pts',(-10.,4.6824938675777,20.7442830581252));
#8645=CARTESIAN_POINT('',(-9.7,4.77117067784228,21.0324822444503));
#8646=CARTESIAN_POINT('',(-10.,4.77117067784228,21.0324822444503));
#8647=CARTESIAN_POINT('',(-9.7,4.6824938675777,20.7442830581252));
#8648=CARTESIAN_POINT('Ctrl Pts',(-9.7,4.77117067784228,21.0324822444503));
#8649=CARTESIAN_POINT('Ctrl Pts',(-9.7,4.76800811307835,20.9790011586228));
#8650=CARTESIAN_POINT('Ctrl Pts',(-9.7,4.76189217571335,20.8755765663856));
#8651=CARTESIAN_POINT('Ctrl Pts',(-9.7,4.70834950474268,20.787038091468));
#8652=CARTESIAN_POINT('Ctrl Pts',(-9.7,4.6824938675777,20.7442830581252));
#8653=CARTESIAN_POINT('',(-10.,4.6824938675777,20.7442830581252));
#8654=CARTESIAN_POINT('Ctrl Pts',(-10.,4.61257583111682,21.4110635299269));
#8655=CARTESIAN_POINT('Ctrl Pts',(-9.7,4.61257583111682,21.4110635299269));
#8656=CARTESIAN_POINT('Ctrl Pts',(-10.,4.65883154454762,21.3570025001967));
#8657=CARTESIAN_POINT('Ctrl Pts',(-9.7,4.65883154454762,21.3570025001967));
#8658=CARTESIAN_POINT('Ctrl Pts',(-10.,4.75220528892959,21.2478726133859));
#8659=CARTESIAN_POINT('Ctrl Pts',(-9.7,4.75220528892959,21.2478726133859));
#8660=CARTESIAN_POINT('Ctrl Pts',(-10.,4.76481007929714,21.1047197120602));
#8661=CARTESIAN_POINT('Ctrl Pts',(-9.7,4.76481007929714,21.1047197120602));
#8662=CARTESIAN_POINT('Ctrl Pts',(-10.,4.77117067784228,21.0324822444503));
#8663=CARTESIAN_POINT('Ctrl Pts',(-9.7,4.77117067784228,21.0324822444503));
#8664=CARTESIAN_POINT('',(-10.,4.61257583111682,21.4110635299269));
#8665=CARTESIAN_POINT('Ctrl Pts',(-10.,4.61257583111682,21.4110635299269));
#8666=CARTESIAN_POINT('Ctrl Pts',(-10.,4.65883154454762,21.3570025001967));
#8667=CARTESIAN_POINT('Ctrl Pts',(-10.,4.75220528892959,21.2478726133859));
#8668=CARTESIAN_POINT('Ctrl Pts',(-10.,4.76481007929714,21.1047197120602));
#8669=CARTESIAN_POINT('Ctrl Pts',(-10.,4.77117067784228,21.0324822444503));
#8670=CARTESIAN_POINT('',(-9.7,4.61257583111682,21.4110635299269));
#8671=CARTESIAN_POINT('',(-10.,4.61257583111682,21.4110635299269));
#8672=CARTESIAN_POINT('Ctrl Pts',(-9.7,4.61257583111682,21.4110635299269));
#8673=CARTESIAN_POINT('Ctrl Pts',(-9.7,4.65883154454762,21.3570025001967));
#8674=CARTESIAN_POINT('Ctrl Pts',(-9.7,4.75220528892959,21.2478726133859));
#8675=CARTESIAN_POINT('Ctrl Pts',(-9.7,4.76481007929714,21.1047197120602));
#8676=CARTESIAN_POINT('Ctrl Pts',(-9.7,4.77117067784228,21.0324822444503));
#8677=CARTESIAN_POINT('Ctrl Pts',(-10.,4.15554976672091,21.5798901099746));
#8678=CARTESIAN_POINT('Ctrl Pts',(-9.7,4.15554976672091,21.5798901099746));
#8679=CARTESIAN_POINT('Ctrl Pts',(-10.,4.24648365585061,21.571019992629));
#8680=CARTESIAN_POINT('Ctrl Pts',(-9.7,4.24648365585061,21.571019992629));
#8681=CARTESIAN_POINT('Ctrl Pts',(-10.,4.4142607760575,21.554654226704));
#8682=CARTESIAN_POINT('Ctrl Pts',(-9.7,4.4142607760575,21.554654226704));
#8683=CARTESIAN_POINT('Ctrl Pts',(-10.,4.55027860391551,21.4561700512571));
#8684=CARTESIAN_POINT('Ctrl Pts',(-9.7,4.55027860391551,21.4561700512571));
#8685=CARTESIAN_POINT('Ctrl Pts',(-10.,4.61257583111682,21.4110635299269));
#8686=CARTESIAN_POINT('Ctrl Pts',(-9.7,4.61257583111682,21.4110635299269));
#8687=CARTESIAN_POINT('',(-10.,4.15554976672091,21.5798901099746));
#8688=CARTESIAN_POINT('Ctrl Pts',(-10.,4.15554976672091,21.5798901099746));
#8689=CARTESIAN_POINT('Ctrl Pts',(-10.,4.24648365585061,21.571019992629));
#8690=CARTESIAN_POINT('Ctrl Pts',(-10.,4.4142607760575,21.554654226704));
#8691=CARTESIAN_POINT('Ctrl Pts',(-10.,4.55027860391551,21.4561700512571));
#8692=CARTESIAN_POINT('Ctrl Pts',(-10.,4.61257583111682,21.4110635299269));
#8693=CARTESIAN_POINT('',(-9.7,4.15554976672091,21.5798901099746));
#8694=CARTESIAN_POINT('',(-10.,4.15554976672091,21.5798901099746));
#8695=CARTESIAN_POINT('Ctrl Pts',(-9.7,4.15554976672091,21.5798901099746));
#8696=CARTESIAN_POINT('Ctrl Pts',(-9.7,4.24648365585061,21.571019992629));
#8697=CARTESIAN_POINT('Ctrl Pts',(-9.7,4.4142607760575,21.554654226704));
#8698=CARTESIAN_POINT('Ctrl Pts',(-9.7,4.55027860391551,21.4561700512571));
#8699=CARTESIAN_POINT('Ctrl Pts',(-9.7,4.61257583111682,21.4110635299269));
#8700=CARTESIAN_POINT('Origin',(-10.,4.15554976672091,20.2292762775008));
#8701=CARTESIAN_POINT('',(-10.,4.15554976672091,20.2292762775008));
#8702=CARTESIAN_POINT('',(-10.,4.15554976672091,10.1146381387504));
#8703=CARTESIAN_POINT('',(-9.7,4.15554976672091,20.2292762775008));
#8704=CARTESIAN_POINT('',(-10.,4.15554976672091,20.2292762775008));
#8705=CARTESIAN_POINT('',(-9.7,4.15554976672091,20.2292762775008));
#8706=CARTESIAN_POINT('Ctrl Pts',(-10.,4.07369441002765,20.2275709886138));
#8707=CARTESIAN_POINT('Ctrl Pts',(-9.7,4.07369441002765,20.2275709886138));
#8708=CARTESIAN_POINT('Ctrl Pts',(-10.,4.08506386572866,20.2276792169584));
#8709=CARTESIAN_POINT('Ctrl Pts',(-9.7,4.08506386572866,20.2276792169584));
#8710=CARTESIAN_POINT('Ctrl Pts',(-10.,4.11235504656277,20.2279390076998));
#8711=CARTESIAN_POINT('Ctrl Pts',(-9.7,4.11235504656277,20.2279390076998));
#8712=CARTESIAN_POINT('Ctrl Pts',(-10.,4.13963474211967,20.228783562611));
#8713=CARTESIAN_POINT('Ctrl Pts',(-9.7,4.13963474211967,20.228783562611));
#8714=CARTESIAN_POINT('Ctrl Pts',(-10.,4.15554976672091,20.2292762775008));
#8715=CARTESIAN_POINT('Ctrl Pts',(-9.7,4.15554976672091,20.2292762775008));
#8716=CARTESIAN_POINT('',(-10.,4.07369441002765,20.2275709886138));
#8717=CARTESIAN_POINT('Ctrl Pts',(-10.,4.07369441002765,20.2275709886138));
#8718=CARTESIAN_POINT('Ctrl Pts',(-10.,4.08506386572866,20.2276792169584));
#8719=CARTESIAN_POINT('Ctrl Pts',(-10.,4.11235504656277,20.2279390076998));
#8720=CARTESIAN_POINT('Ctrl Pts',(-10.,4.13963474211967,20.228783562611));
#8721=CARTESIAN_POINT('Ctrl Pts',(-10.,4.15554976672091,20.2292762775008));
#8722=CARTESIAN_POINT('',(-9.7,4.07369441002765,20.2275709886138));
#8723=CARTESIAN_POINT('',(-10.,4.07369441002765,20.2275709886138));
#8724=CARTESIAN_POINT('Ctrl Pts',(-9.7,4.07369441002765,20.2275709886138));
#8725=CARTESIAN_POINT('Ctrl Pts',(-9.7,4.08506386572866,20.2276792169584));
#8726=CARTESIAN_POINT('Ctrl Pts',(-9.7,4.11235504656277,20.2279390076998));
#8727=CARTESIAN_POINT('Ctrl Pts',(-9.7,4.13963474211967,20.228783562611));
#8728=CARTESIAN_POINT('Ctrl Pts',(-9.7,4.15554976672091,20.2292762775008));
#8729=CARTESIAN_POINT('Ctrl Pts',(-10.,3.37792372912326,20.4577891606871));
#8730=CARTESIAN_POINT('Ctrl Pts',(-9.7,3.37792372912326,20.4577891606871));
#8731=CARTESIAN_POINT('Ctrl Pts',(-10.,3.47381869517154,20.3907505775573));
#8732=CARTESIAN_POINT('Ctrl Pts',(-9.7,3.47381869517154,20.3907505775573));
#8733=CARTESIAN_POINT('Ctrl Pts',(-10.,3.68185490822038,20.2453159052568));
#8734=CARTESIAN_POINT('Ctrl Pts',(-9.7,3.68185490822038,20.2453159052568));
#8735=CARTESIAN_POINT('Ctrl Pts',(-10.,3.93645373621517,20.2337860953235));
#8736=CARTESIAN_POINT('Ctrl Pts',(-9.7,3.93645373621517,20.2337860953235));
#8737=CARTESIAN_POINT('Ctrl Pts',(-10.,4.07369441002765,20.2275709886138));
#8738=CARTESIAN_POINT('Ctrl Pts',(-9.7,4.07369441002765,20.2275709886138));
#8739=CARTESIAN_POINT('',(-10.,3.37792372912326,20.4577891606871));
#8740=CARTESIAN_POINT('Ctrl Pts',(-10.,3.37792372912326,20.4577891606871));
#8741=CARTESIAN_POINT('Ctrl Pts',(-10.,3.47381869517154,20.3907505775573));
#8742=CARTESIAN_POINT('Ctrl Pts',(-10.,3.68185490822038,20.2453159052568));
#8743=CARTESIAN_POINT('Ctrl Pts',(-10.,3.93645373621517,20.2337860953235));
#8744=CARTESIAN_POINT('Ctrl Pts',(-10.,4.07369441002765,20.2275709886138));
#8745=CARTESIAN_POINT('',(-9.7,3.37792372912326,20.4577891606871));
#8746=CARTESIAN_POINT('',(-10.,3.37792372912326,20.4577891606871));
#8747=CARTESIAN_POINT('Ctrl Pts',(-9.7,3.37792372912326,20.4577891606871));
#8748=CARTESIAN_POINT('Ctrl Pts',(-9.7,3.47381869517154,20.3907505775573));
#8749=CARTESIAN_POINT('Ctrl Pts',(-9.7,3.68185490822038,20.2453159052568));
#8750=CARTESIAN_POINT('Ctrl Pts',(-9.7,3.93645373621517,20.2337860953235));
#8751=CARTESIAN_POINT('Ctrl Pts',(-9.7,4.07369441002765,20.2275709886138));
#8752=CARTESIAN_POINT('Ctrl Pts',(-10.,3.13065222114482,21.051241018254));
#8753=CARTESIAN_POINT('Ctrl Pts',(-9.7,3.13065222114482,21.051241018254));
#8754=CARTESIAN_POINT('Ctrl Pts',(-10.,3.14008136331792,20.9365318591103));
#8755=CARTESIAN_POINT('Ctrl Pts',(-9.7,3.14008136331792,20.9365318591103));
#8756=CARTESIAN_POINT('Ctrl Pts',(-10.,3.15855979047819,20.7117346503146));
#8757=CARTESIAN_POINT('Ctrl Pts',(-9.7,3.15855979047819,20.7117346503146));
#8758=CARTESIAN_POINT('Ctrl Pts',(-10.,3.3058114233103,20.5412695855963));
#8759=CARTESIAN_POINT('Ctrl Pts',(-9.7,3.3058114233103,20.5412695855963));
#8760=CARTESIAN_POINT('Ctrl Pts',(-10.,3.37792372912326,20.4577891606871));
#8761=CARTESIAN_POINT('Ctrl Pts',(-9.7,3.37792372912326,20.4577891606871));
#8762=CARTESIAN_POINT('',(-10.,3.13065222114482,21.051241018254));
#8763=CARTESIAN_POINT('Ctrl Pts',(-10.,3.13065222114482,21.051241018254));
#8764=CARTESIAN_POINT('Ctrl Pts',(-10.,3.14008136331792,20.9365318591103));
#8765=CARTESIAN_POINT('Ctrl Pts',(-10.,3.15855979047819,20.7117346503146));
#8766=CARTESIAN_POINT('Ctrl Pts',(-10.,3.3058114233103,20.5412695855963));
#8767=CARTESIAN_POINT('Ctrl Pts',(-10.,3.37792372912326,20.4577891606871));
#8768=CARTESIAN_POINT('',(-9.7,3.13065222114482,21.051241018254));
#8769=CARTESIAN_POINT('',(-10.,3.13065222114482,21.051241018254));
#8770=CARTESIAN_POINT('Ctrl Pts',(-9.7,3.13065222114482,21.051241018254));
#8771=CARTESIAN_POINT('Ctrl Pts',(-9.7,3.14008136331792,20.9365318591103));
#8772=CARTESIAN_POINT('Ctrl Pts',(-9.7,3.15855979047819,20.7117346503146));
#8773=CARTESIAN_POINT('Ctrl Pts',(-9.7,3.3058114233103,20.5412695855963));
#8774=CARTESIAN_POINT('Ctrl Pts',(-9.7,3.37792372912326,20.4577891606871));
#8775=CARTESIAN_POINT('Ctrl Pts',(-10.,3.38303959578433,21.661745764691));
#8776=CARTESIAN_POINT('Ctrl Pts',(-9.7,3.38303959578433,21.661745764691));
#8777=CARTESIAN_POINT('Ctrl Pts',(-10.,3.30943817979406,21.5760539044902));
#8778=CARTESIAN_POINT('Ctrl Pts',(-9.7,3.30943817979406,21.5760539044902));
#8779=CARTESIAN_POINT('Ctrl Pts',(-10.,3.15866037604837,21.400507954645));
#8780=CARTESIAN_POINT('Ctrl Pts',(-9.7,3.15866037604837,21.400507954645));
#8781=CARTESIAN_POINT('Ctrl Pts',(-10.,3.14013468869199,21.1694891642326));
#8782=CARTESIAN_POINT('Ctrl Pts',(-9.7,3.14013468869199,21.1694891642326));
#8783=CARTESIAN_POINT('Ctrl Pts',(-10.,3.13065222114482,21.051241018254));
#8784=CARTESIAN_POINT('Ctrl Pts',(-9.7,3.13065222114482,21.051241018254));
#8785=CARTESIAN_POINT('',(-10.,3.38303959578433,21.661745764691));
#8786=CARTESIAN_POINT('Ctrl Pts',(-10.,3.38303959578433,21.661745764691));
#8787=CARTESIAN_POINT('Ctrl Pts',(-10.,3.30943817979406,21.5760539044902));
#8788=CARTESIAN_POINT('Ctrl Pts',(-10.,3.15866037604837,21.400507954645));
#8789=CARTESIAN_POINT('Ctrl Pts',(-10.,3.14013468869199,21.1694891642326));
#8790=CARTESIAN_POINT('Ctrl Pts',(-10.,3.13065222114482,21.051241018254));
#8791=CARTESIAN_POINT('',(-9.7,3.38303959578433,21.661745764691));
#8792=CARTESIAN_POINT('',(-10.,3.38303959578433,21.661745764691));
#8793=CARTESIAN_POINT('Ctrl Pts',(-9.7,3.38303959578433,21.661745764691));
#8794=CARTESIAN_POINT('Ctrl Pts',(-9.7,3.30943817979406,21.5760539044902));
#8795=CARTESIAN_POINT('Ctrl Pts',(-9.7,3.15866037604837,21.400507954645));
#8796=CARTESIAN_POINT('Ctrl Pts',(-9.7,3.14013468869199,21.1694891642326));
#8797=CARTESIAN_POINT('Ctrl Pts',(-9.7,3.13065222114482,21.051241018254));
#8798=CARTESIAN_POINT('Ctrl Pts',(-10.,4.09245303481975,21.8970798034255));
#8799=CARTESIAN_POINT('Ctrl Pts',(-9.7,4.09245303481975,21.8970798034255));
#8800=CARTESIAN_POINT('Ctrl Pts',(-10.,3.95255495296757,21.8906955450758));
#8801=CARTESIAN_POINT('Ctrl Pts',(-9.7,3.95255495296757,21.8906955450758));
#8802=CARTESIAN_POINT('Ctrl Pts',(-10.,3.69287738121924,21.8788451416698));
#8803=CARTESIAN_POINT('Ctrl Pts',(-9.7,3.69287738121924,21.8788451416698));
#8804=CARTESIAN_POINT('Ctrl Pts',(-10.,3.48084305140882,21.7302753962615));
#8805=CARTESIAN_POINT('Ctrl Pts',(-9.7,3.48084305140882,21.7302753962615));
#8806=CARTESIAN_POINT('Ctrl Pts',(-10.,3.38303959578433,21.661745764691));
#8807=CARTESIAN_POINT('Ctrl Pts',(-9.7,3.38303959578433,21.661745764691));
#8808=CARTESIAN_POINT('',(-10.,4.09245303481975,21.8970798034255));
#8809=CARTESIAN_POINT('Ctrl Pts',(-10.,4.09245303481975,21.8970798034255));
#8810=CARTESIAN_POINT('Ctrl Pts',(-10.,3.95255495296757,21.8906955450758));
#8811=CARTESIAN_POINT('Ctrl Pts',(-10.,3.69287738121924,21.8788451416698));
#8812=CARTESIAN_POINT('Ctrl Pts',(-10.,3.48084305140882,21.7302753962615));
#8813=CARTESIAN_POINT('Ctrl Pts',(-10.,3.38303959578433,21.661745764691));
#8814=CARTESIAN_POINT('',(-9.7,4.09245303481975,21.8970798034255));
#8815=CARTESIAN_POINT('',(-10.,4.09245303481975,21.8970798034255));
#8816=CARTESIAN_POINT('Ctrl Pts',(-9.7,4.09245303481975,21.8970798034255));
#8817=CARTESIAN_POINT('Ctrl Pts',(-9.7,3.95255495296757,21.8906955450758));
#8818=CARTESIAN_POINT('Ctrl Pts',(-9.7,3.69287738121924,21.8788451416698));
#8819=CARTESIAN_POINT('Ctrl Pts',(-9.7,3.48084305140882,21.7302753962615));
#8820=CARTESIAN_POINT('Ctrl Pts',(-9.7,3.38303959578433,21.661745764691));
#8821=CARTESIAN_POINT('Ctrl Pts',(-10.,4.77884447783389,21.6643033999984));
#8822=CARTESIAN_POINT('Ctrl Pts',(-9.7,4.77884447783389,21.6643033999984));
#8823=CARTESIAN_POINT('Ctrl Pts',(-10.,4.68427230648241,21.7320971218795));
#8824=CARTESIAN_POINT('Ctrl Pts',(-9.7,4.68427230648241,21.7320971218795));
#8825=CARTESIAN_POINT('Ctrl Pts',(-10.,4.47995870361101,21.878558595394));
#8826=CARTESIAN_POINT('Ctrl Pts',(-9.7,4.47995870361101,21.878558595394));
#8827=CARTESIAN_POINT('Ctrl Pts',(-10.,4.22786059769374,21.890607868063));
#8828=CARTESIAN_POINT('Ctrl Pts',(-9.7,4.22786059769374,21.890607868063));
#8829=CARTESIAN_POINT('Ctrl Pts',(-10.,4.09245303481975,21.8970798034255));
#8830=CARTESIAN_POINT('Ctrl Pts',(-9.7,4.09245303481975,21.8970798034255));
#8831=CARTESIAN_POINT('',(-10.,4.77884447783389,21.6643033999984));
#8832=CARTESIAN_POINT('Ctrl Pts',(-10.,4.77884447783389,21.6643033999984));
#8833=CARTESIAN_POINT('Ctrl Pts',(-10.,4.68427230648241,21.7320971218795));
#8834=CARTESIAN_POINT('Ctrl Pts',(-10.,4.47995870361101,21.878558595394));
#8835=CARTESIAN_POINT('Ctrl Pts',(-10.,4.22786059769374,21.890607868063));
#8836=CARTESIAN_POINT('Ctrl Pts',(-10.,4.09245303481975,21.8970798034255));
#8837=CARTESIAN_POINT('',(-9.7,4.77884447783389,21.6643033999984));
#8838=CARTESIAN_POINT('',(-10.,4.77884447783389,21.6643033999984));
#8839=CARTESIAN_POINT('Ctrl Pts',(-9.7,4.77884447783389,21.6643033999984));
#8840=CARTESIAN_POINT('Ctrl Pts',(-9.7,4.68427230648241,21.7320971218795));
#8841=CARTESIAN_POINT('Ctrl Pts',(-9.7,4.47995870361101,21.878558595394));
#8842=CARTESIAN_POINT('Ctrl Pts',(-9.7,4.22786059769374,21.890607868063));
#8843=CARTESIAN_POINT('Ctrl Pts',(-9.7,4.09245303481975,21.8970798034255));
#8844=CARTESIAN_POINT('Ctrl Pts',(-10.,5.02355820149341,21.0341875333373));
#8845=CARTESIAN_POINT('Ctrl Pts',(-9.7,5.02355820149341,21.0341875333373));
#8846=CARTESIAN_POINT('Ctrl Pts',(-10.,5.01536696370535,21.157797086907));
#8847=CARTESIAN_POINT('Ctrl Pts',(-9.7,5.01536696370535,21.157797086907));
#8848=CARTESIAN_POINT('Ctrl Pts',(-10.,4.99970282101592,21.3941762197059));
#8849=CARTESIAN_POINT('Ctrl Pts',(-9.7,4.99970282101592,21.3941762197059));
#8850=CARTESIAN_POINT('Ctrl Pts',(-10.,4.8501782722083,21.5770565409651));
#8851=CARTESIAN_POINT('Ctrl Pts',(-9.7,4.8501782722083,21.5770565409651));
#8852=CARTESIAN_POINT('Ctrl Pts',(-10.,4.77884447783389,21.6643033999984));
#8853=CARTESIAN_POINT('Ctrl Pts',(-9.7,4.77884447783389,21.6643033999984));
#8854=CARTESIAN_POINT('',(-10.,5.02355820149341,21.0341875333373));
#8855=CARTESIAN_POINT('Ctrl Pts',(-10.,5.02355820149341,21.0341875333373));
#8856=CARTESIAN_POINT('Ctrl Pts',(-10.,5.01536696370535,21.157797086907));
#8857=CARTESIAN_POINT('Ctrl Pts',(-10.,4.99970282101592,21.3941762197059));
#8858=CARTESIAN_POINT('Ctrl Pts',(-10.,4.8501782722083,21.5770565409651));
#8859=CARTESIAN_POINT('Ctrl Pts',(-10.,4.77884447783389,21.6643033999984));
#8860=CARTESIAN_POINT('',(-9.7,5.02355820149341,21.0341875333373));
#8861=CARTESIAN_POINT('',(-10.,5.02355820149341,21.0341875333373));
#8862=CARTESIAN_POINT('Ctrl Pts',(-9.7,5.02355820149341,21.0341875333373));
#8863=CARTESIAN_POINT('Ctrl Pts',(-9.7,5.01536696370535,21.157797086907));
#8864=CARTESIAN_POINT('Ctrl Pts',(-9.7,4.99970282101592,21.3941762197059));
#8865=CARTESIAN_POINT('Ctrl Pts',(-9.7,4.8501782722083,21.5770565409651));
#8866=CARTESIAN_POINT('Ctrl Pts',(-9.7,4.77884447783389,21.6643033999984));
#8867=CARTESIAN_POINT('Ctrl Pts',(-10.,4.87007922142901,20.5157701749389));
#8868=CARTESIAN_POINT('Ctrl Pts',(-9.7,4.87007922142901,20.5157701749389));
#8869=CARTESIAN_POINT('Ctrl Pts',(-10.,4.914803295139,20.5908457212252));
#8870=CARTESIAN_POINT('Ctrl Pts',(-9.7,4.914803295139,20.5908457212252));
#8871=CARTESIAN_POINT('Ctrl Pts',(-10.,5.00975076157261,20.7502281817145));
#8872=CARTESIAN_POINT('Ctrl Pts',(-9.7,5.00975076157261,20.7502281817145));
#8873=CARTESIAN_POINT('Ctrl Pts',(-10.,5.01878137175171,20.9359487950885));
#8874=CARTESIAN_POINT('Ctrl Pts',(-9.7,5.01878137175171,20.9359487950885));
#8875=CARTESIAN_POINT('Ctrl Pts',(-10.,5.02355820149341,21.0341875333373));
#8876=CARTESIAN_POINT('Ctrl Pts',(-9.7,5.02355820149341,21.0341875333373));
#8877=CARTESIAN_POINT('',(-10.,4.87007922142901,20.5157701749389));
#8878=CARTESIAN_POINT('Ctrl Pts',(-10.,4.87007922142901,20.5157701749389));
#8879=CARTESIAN_POINT('Ctrl Pts',(-10.,4.914803295139,20.5908457212252));
#8880=CARTESIAN_POINT('Ctrl Pts',(-10.,5.00975076157261,20.7502281817145));
#8881=CARTESIAN_POINT('Ctrl Pts',(-10.,5.01878137175171,20.9359487950885));
#8882=CARTESIAN_POINT('Ctrl Pts',(-10.,5.02355820149341,21.0341875333373));
#8883=CARTESIAN_POINT('',(-9.7,4.87007922142901,20.5157701749389));
#8884=CARTESIAN_POINT('',(-10.,4.87007922142901,20.5157701749389));
#8885=CARTESIAN_POINT('Ctrl Pts',(-9.7,4.87007922142901,20.5157701749389));
#8886=CARTESIAN_POINT('Ctrl Pts',(-9.7,4.914803295139,20.5908457212252));
#8887=CARTESIAN_POINT('Ctrl Pts',(-9.7,5.00975076157261,20.7502281817145));
#8888=CARTESIAN_POINT('Ctrl Pts',(-9.7,5.01878137175171,20.9359487950885));
#8889=CARTESIAN_POINT('Ctrl Pts',(-9.7,5.02355820149341,21.0341875333373));
#8890=CARTESIAN_POINT('Ctrl Pts',(-10.,4.43863308638492,20.2378027219359));
#8891=CARTESIAN_POINT('Ctrl Pts',(-9.7,4.43863308638492,20.2378027219359));
#8892=CARTESIAN_POINT('Ctrl Pts',(-10.,4.52517362624573,20.266944473093));
#8893=CARTESIAN_POINT('Ctrl Pts',(-9.7,4.52517362624573,20.266944473093));
#8894=CARTESIAN_POINT('Ctrl Pts',(-10.,4.69264532618737,20.3233390670416));
#8895=CARTESIAN_POINT('Ctrl Pts',(-9.7,4.69264532618737,20.3233390670416));
#8896=CARTESIAN_POINT('Ctrl Pts',(-10.,4.81227018099258,20.4530749515571));
#8897=CARTESIAN_POINT('Ctrl Pts',(-9.7,4.81227018099258,20.4530749515571));
#8898=CARTESIAN_POINT('Ctrl Pts',(-10.,4.87007922142901,20.5157701749389));
#8899=CARTESIAN_POINT('Ctrl Pts',(-9.7,4.87007922142901,20.5157701749389));
#8900=CARTESIAN_POINT('',(-10.,4.43863308638492,20.2378027219359));
#8901=CARTESIAN_POINT('Ctrl Pts',(-10.,4.43863308638492,20.2378027219359));
#8902=CARTESIAN_POINT('Ctrl Pts',(-10.,4.52517362624573,20.266944473093));
#8903=CARTESIAN_POINT('Ctrl Pts',(-10.,4.69264532618737,20.3233390670416));
#8904=CARTESIAN_POINT('Ctrl Pts',(-10.,4.81227018099258,20.4530749515571));
#8905=CARTESIAN_POINT('Ctrl Pts',(-10.,4.87007922142901,20.5157701749389));
#8906=CARTESIAN_POINT('',(-9.7,4.43863308638492,20.2378027219359));
#8907=CARTESIAN_POINT('',(-10.,4.43863308638492,20.2378027219359));
#8908=CARTESIAN_POINT('Ctrl Pts',(-9.7,4.43863308638492,20.2378027219359));
#8909=CARTESIAN_POINT('Ctrl Pts',(-9.7,4.52517362624573,20.266944473093));
#8910=CARTESIAN_POINT('Ctrl Pts',(-9.7,4.69264532618737,20.3233390670416));
#8911=CARTESIAN_POINT('Ctrl Pts',(-9.7,4.81227018099258,20.4530749515571));
#8912=CARTESIAN_POINT('Ctrl Pts',(-9.7,4.87007922142901,20.5157701749389));
#8913=CARTESIAN_POINT('Origin',(-10.,4.39941054791369,20.5549924153868));
#8914=CARTESIAN_POINT('',(-10.,4.39941054791369,20.5549924153868));
#8915=CARTESIAN_POINT('',(-10.,5.61801969313991,10.7001926936809));
#8916=CARTESIAN_POINT('',(-9.7,4.39941054791369,20.5549924153868));
#8917=CARTESIAN_POINT('',(-10.,4.39941054791369,20.5549924153868));
#8918=CARTESIAN_POINT('',(-9.7,4.39941054791369,20.5549924153868));
#8919=CARTESIAN_POINT('Ctrl Pts',(-10.,4.6824938675777,20.7442830581252));
#8920=CARTESIAN_POINT('Ctrl Pts',(-9.7,4.6824938675777,20.7442830581252));
#8921=CARTESIAN_POINT('Ctrl Pts',(-10.,4.64610523330929,20.7057314909347));
#8922=CARTESIAN_POINT('Ctrl Pts',(-9.7,4.64610523330929,20.7057314909347));
#8923=CARTESIAN_POINT('Ctrl Pts',(-10.,4.56641005587333,20.6212992485752));
#8924=CARTESIAN_POINT('Ctrl Pts',(-9.7,4.56641005587333,20.6212992485752));
#8925=CARTESIAN_POINT('Ctrl Pts',(-10.,4.45820786688557,20.5783377777093));
#8926=CARTESIAN_POINT('Ctrl Pts',(-9.7,4.45820786688557,20.5783377777093));
#8927=CARTESIAN_POINT('Ctrl Pts',(-10.,4.39941054791369,20.5549924153868));
#8928=CARTESIAN_POINT('Ctrl Pts',(-9.7,4.39941054791369,20.5549924153868));
#8929=CARTESIAN_POINT('Ctrl Pts',(-10.,4.6824938675777,20.7442830581252));
#8930=CARTESIAN_POINT('Ctrl Pts',(-10.,4.64610523330929,20.7057314909347));
#8931=CARTESIAN_POINT('Ctrl Pts',(-10.,4.56641005587333,20.6212992485752));
#8932=CARTESIAN_POINT('Ctrl Pts',(-10.,4.45820786688557,20.5783377777093));
#8933=CARTESIAN_POINT('Ctrl Pts',(-10.,4.39941054791369,20.5549924153868));
#8934=CARTESIAN_POINT('Ctrl Pts',(-9.7,4.6824938675777,20.7442830581252));
#8935=CARTESIAN_POINT('Ctrl Pts',(-9.7,4.64610523330929,20.7057314909347));
#8936=CARTESIAN_POINT('Ctrl Pts',(-9.7,4.56641005587333,20.6212992485752));
#8937=CARTESIAN_POINT('Ctrl Pts',(-9.7,4.45820786688557,20.5783377777093));
#8938=CARTESIAN_POINT('Ctrl Pts',(-9.7,4.39941054791369,20.5549924153868));
#8939=CARTESIAN_POINT('Origin',(-9.7,3.75309428781428,24.1753879081492));
#8940=CARTESIAN_POINT('Origin',(-10.,3.17157989949145,22.0659069795195));
#8941=CARTESIAN_POINT('',(-10.,3.17157989949145,22.0659069795195));
#8942=CARTESIAN_POINT('',(-10.,4.98263037413516,22.751446225125));
#8943=CARTESIAN_POINT('',(-10.,-1.86837359842312,20.1581269550414));
#8944=CARTESIAN_POINT('',(-9.7,3.17157989949145,22.0659069795195));
#8945=CARTESIAN_POINT('',(-10.,3.17157989949145,22.0659069795195));
#8946=CARTESIAN_POINT('',(-9.7,4.98263037413516,22.751446225125));
#8947=CARTESIAN_POINT('',(-9.7,3.17157989949145,22.0659069795195));
#8948=CARTESIAN_POINT('',(-10.,4.98263037413516,22.751446225125));
#8949=CARTESIAN_POINT('Origin',(-10.,3.17157989949145,22.3813913840834));
#8950=CARTESIAN_POINT('',(-10.,3.17157989949145,22.3813913840834));
#8951=CARTESIAN_POINT('',(-10.,3.17157989949145,11.1906956920417));
#8952=CARTESIAN_POINT('',(-9.7,3.17157989949145,22.3813913840834));
#8953=CARTESIAN_POINT('',(-10.,3.17157989949145,22.3813913840834));
#8954=CARTESIAN_POINT('',(-9.7,3.17157989949145,22.3813913840834));
#8955=CARTESIAN_POINT('Origin',(-10.,4.2766276618854,22.7838473100249));
#8956=CARTESIAN_POINT('',(-10.,4.2766276618854,22.7838473100249));
#8957=CARTESIAN_POINT('',(-10.,-1.2743213622971,20.7622040784767));
#8958=CARTESIAN_POINT('',(-9.7,4.2766276618854,22.7838473100249));
#8959=CARTESIAN_POINT('',(-10.,4.2766276618854,22.7838473100249));
#8960=CARTESIAN_POINT('',(-9.7,4.2766276618854,22.7838473100249));
#8961=CARTESIAN_POINT('Ctrl Pts',(-10.,4.62110227555194,22.8981034535949));
#8962=CARTESIAN_POINT('Ctrl Pts',(-9.7,4.62110227555194,22.8981034535949));
#8963=CARTESIAN_POINT('Ctrl Pts',(-10.,4.56838535213752,22.8821739096514));
#8964=CARTESIAN_POINT('Ctrl Pts',(-9.7,4.56838535213752,22.8821739096514));
#8965=CARTESIAN_POINT('Ctrl Pts',(-10.,4.45254377543974,22.8471699039742));
#8966=CARTESIAN_POINT('Ctrl Pts',(-9.7,4.45254377543974,22.8471699039742));
#8967=CARTESIAN_POINT('Ctrl Pts',(-10.,4.3386764834773,22.8061823437823));
#8968=CARTESIAN_POINT('Ctrl Pts',(-9.7,4.3386764834773,22.8061823437823));
#8969=CARTESIAN_POINT('Ctrl Pts',(-10.,4.2766276618854,22.7838473100249));
#8970=CARTESIAN_POINT('Ctrl Pts',(-9.7,4.2766276618854,22.7838473100249));
#8971=CARTESIAN_POINT('',(-10.,4.62110227555194,22.8981034535949));
#8972=CARTESIAN_POINT('Ctrl Pts',(-10.,4.62110227555194,22.8981034535949));
#8973=CARTESIAN_POINT('Ctrl Pts',(-10.,4.56838535213752,22.8821739096514));
#8974=CARTESIAN_POINT('Ctrl Pts',(-10.,4.45254377543974,22.8471699039742));
#8975=CARTESIAN_POINT('Ctrl Pts',(-10.,4.3386764834773,22.8061823437823));
#8976=CARTESIAN_POINT('Ctrl Pts',(-10.,4.2766276618854,22.7838473100249));
#8977=CARTESIAN_POINT('',(-9.7,4.62110227555194,22.8981034535949));
#8978=CARTESIAN_POINT('',(-10.,4.62110227555194,22.8981034535949));
#8979=CARTESIAN_POINT('Ctrl Pts',(-9.7,4.62110227555194,22.8981034535949));
#8980=CARTESIAN_POINT('Ctrl Pts',(-9.7,4.56838535213752,22.8821739096514));
#8981=CARTESIAN_POINT('Ctrl Pts',(-9.7,4.45254377543974,22.8471699039742));
#8982=CARTESIAN_POINT('Ctrl Pts',(-9.7,4.3386764834773,22.8061823437823));
#8983=CARTESIAN_POINT('Ctrl Pts',(-9.7,4.2766276618854,22.7838473100249));
#8984=CARTESIAN_POINT('Ctrl Pts',(-10.,4.25616389721789,23.0140654820983));
#8985=CARTESIAN_POINT('Ctrl Pts',(-9.7,4.25616389721789,23.0140654820983));
#8986=CARTESIAN_POINT('Ctrl Pts',(-10.,4.31567925783857,22.993348517727));
#8987=CARTESIAN_POINT('Ctrl Pts',(-9.7,4.31567925783857,22.993348517727));
#8988=CARTESIAN_POINT('Ctrl Pts',(-10.,4.43626876817197,22.9513719832145));
#8989=CARTESIAN_POINT('Ctrl Pts',(-9.7,4.43626876817197,22.9513719832145));
#8990=CARTESIAN_POINT('Ctrl Pts',(-10.,4.55896244362966,22.9160119893589));
#8991=CARTESIAN_POINT('Ctrl Pts',(-9.7,4.55896244362966,22.9160119893589));
#8992=CARTESIAN_POINT('Ctrl Pts',(-10.,4.62110227555194,22.8981034535949));
#8993=CARTESIAN_POINT('Ctrl Pts',(-9.7,4.62110227555194,22.8981034535949));
#8994=CARTESIAN_POINT('',(-10.,4.25616389721789,23.0140654820983));
#8995=CARTESIAN_POINT('Ctrl Pts',(-10.,4.25616389721789,23.0140654820983));
#8996=CARTESIAN_POINT('Ctrl Pts',(-10.,4.31567925783857,22.993348517727));
#8997=CARTESIAN_POINT('Ctrl Pts',(-10.,4.43626876817197,22.9513719832145));
#8998=CARTESIAN_POINT('Ctrl Pts',(-10.,4.55896244362966,22.9160119893589));
#8999=CARTESIAN_POINT('Ctrl Pts',(-10.,4.62110227555194,22.8981034535949));
#9000=CARTESIAN_POINT('',(-9.7,4.25616389721789,23.0140654820983));
#9001=CARTESIAN_POINT('',(-10.,4.25616389721789,23.0140654820983));
#9002=CARTESIAN_POINT('Ctrl Pts',(-9.7,4.25616389721789,23.0140654820983));
#9003=CARTESIAN_POINT('Ctrl Pts',(-9.7,4.31567925783857,22.993348517727));
#9004=CARTESIAN_POINT('Ctrl Pts',(-9.7,4.43626876817197,22.9513719832145));
#9005=CARTESIAN_POINT('Ctrl Pts',(-9.7,4.55896244362966,22.9160119893589));
#9006=CARTESIAN_POINT('Ctrl Pts',(-9.7,4.62110227555194,22.8981034535949));
#9007=CARTESIAN_POINT('Origin',(-10.,3.17157989949145,23.4028785008971));
#9008=CARTESIAN_POINT('',(-10.,3.17157989949145,23.4028785008971));
#9009=CARTESIAN_POINT('',(-10.,5.48352388400967,22.5740686329674));
#9010=CARTESIAN_POINT('',(-9.7,3.17157989949145,23.4028785008971));
#9011=CARTESIAN_POINT('',(-10.,3.17157989949145,23.4028785008971));
#9012=CARTESIAN_POINT('',(-9.7,3.17157989949145,23.4028785008971));
#9013=CARTESIAN_POINT('Origin',(-10.,3.17157989949145,23.7268893498961));
#9014=CARTESIAN_POINT('',(-10.,3.17157989949145,23.7268893498961));
#9015=CARTESIAN_POINT('',(-10.,3.17157989949145,11.8634446749481));
#9016=CARTESIAN_POINT('',(-9.7,3.17157989949145,23.7268893498961));
#9017=CARTESIAN_POINT('',(-10.,3.17157989949145,23.7268893498961));
#9018=CARTESIAN_POINT('',(-9.7,3.17157989949145,23.7268893498961));
#9019=CARTESIAN_POINT('Origin',(-10.,4.98263037413516,23.0379395265166));
#9020=CARTESIAN_POINT('',(-10.,4.98263037413516,23.0379395265166));
#9021=CARTESIAN_POINT('',(-10.,6.63427939346994,22.4096283247653));
#9022=CARTESIAN_POINT('',(-9.7,4.98263037413516,23.0379395265166));
#9023=CARTESIAN_POINT('',(-10.,4.98263037413516,23.0379395265166));
#9024=CARTESIAN_POINT('',(-9.7,4.98263037413516,23.0379395265166));
#9025=CARTESIAN_POINT('Origin',(-10.,4.98263037413516,22.751446225125));
#9026=CARTESIAN_POINT('',(-10.,4.98263037413516,11.3757231125625));
#9027=CARTESIAN_POINT('',(-9.7,4.98263037413516,22.751446225125));
#9028=CARTESIAN_POINT('Origin',(-9.7,3.75309428781428,24.1753879081492));
#9029=CARTESIAN_POINT('Ctrl Pts',(-10.,4.49320322483935,24.3766157407347));
#9030=CARTESIAN_POINT('Ctrl Pts',(-9.7,4.49320322483935,24.3766157407347));
#9031=CARTESIAN_POINT('Ctrl Pts',(-10.,4.4506370612065,24.3622652150794));
#9032=CARTESIAN_POINT('Ctrl Pts',(-9.7,4.4506370612065,24.3622652150794));
#9033=CARTESIAN_POINT('Ctrl Pts',(-10.,4.35132107509132,24.3287823619139));
#9034=CARTESIAN_POINT('Ctrl Pts',(-9.7,4.35132107509132,24.3287823619139));
#9035=CARTESIAN_POINT('Ctrl Pts',(-10.,4.24627156142406,24.3277510598822));
#9036=CARTESIAN_POINT('Ctrl Pts',(-9.7,4.24627156142406,24.3277510598822));
#9037=CARTESIAN_POINT('Ctrl Pts',(-10.,4.18624556273379,24.3271617669646));
#9038=CARTESIAN_POINT('Ctrl Pts',(-9.7,4.18624556273379,24.3271617669646));
#9039=CARTESIAN_POINT('',(-10.,4.49320322483935,24.3766157407347));
#9040=CARTESIAN_POINT('',(-10.,4.18624556273379,24.3271617669646));
#9041=CARTESIAN_POINT('Ctrl Pts',(-10.,4.49320322483935,24.3766157407347));
#9042=CARTESIAN_POINT('Ctrl Pts',(-10.,4.4506370612065,24.3622652150794));
#9043=CARTESIAN_POINT('Ctrl Pts',(-10.,4.35132107509132,24.3287823619139));
#9044=CARTESIAN_POINT('Ctrl Pts',(-10.,4.24627156142406,24.3277510598822));
#9045=CARTESIAN_POINT('Ctrl Pts',(-10.,4.18624556273379,24.3271617669646));
#9046=CARTESIAN_POINT('',(-9.7,4.49320322483935,24.3766157407347));
#9047=CARTESIAN_POINT('',(-10.,4.49320322483935,24.3766157407347));
#9048=CARTESIAN_POINT('',(-9.7,4.18624556273379,24.3271617669646));
#9049=CARTESIAN_POINT('Ctrl Pts',(-9.7,4.49320322483935,24.3766157407347));
#9050=CARTESIAN_POINT('Ctrl Pts',(-9.7,4.4506370612065,24.3622652150794));
#9051=CARTESIAN_POINT('Ctrl Pts',(-9.7,4.35132107509132,24.3287823619139));
#9052=CARTESIAN_POINT('Ctrl Pts',(-9.7,4.24627156142406,24.3277510598822));
#9053=CARTESIAN_POINT('Ctrl Pts',(-9.7,4.18624556273379,24.3271617669646));
#9054=CARTESIAN_POINT('',(-10.,4.18624556273379,24.3271617669646));
#9055=CARTESIAN_POINT('Ctrl Pts',(-10.,4.70551586359897,24.5795489925925));
#9056=CARTESIAN_POINT('Ctrl Pts',(-9.7,4.70551586359897,24.5795489925925));
#9057=CARTESIAN_POINT('Ctrl Pts',(-10.,4.67763079895991,24.5367356345719));
#9058=CARTESIAN_POINT('Ctrl Pts',(-9.7,4.67763079895991,24.5367356345719));
#9059=CARTESIAN_POINT('Ctrl Pts',(-10.,4.62271542556475,24.4524212687122));
#9060=CARTESIAN_POINT('Ctrl Pts',(-9.7,4.62271542556475,24.4524212687122));
#9061=CARTESIAN_POINT('Ctrl Pts',(-10.,4.5359236547801,24.4016206802612));
#9062=CARTESIAN_POINT('Ctrl Pts',(-9.7,4.5359236547801,24.4016206802612));
#9063=CARTESIAN_POINT('Ctrl Pts',(-10.,4.49320322483935,24.3766157407347));
#9064=CARTESIAN_POINT('Ctrl Pts',(-9.7,4.49320322483935,24.3766157407347));
#9065=CARTESIAN_POINT('',(-10.,4.70551586359897,24.5795489925925));
#9066=CARTESIAN_POINT('Ctrl Pts',(-10.,4.70551586359897,24.5795489925925));
#9067=CARTESIAN_POINT('Ctrl Pts',(-10.,4.67763079895991,24.5367356345719));
#9068=CARTESIAN_POINT('Ctrl Pts',(-10.,4.62271542556475,24.4524212687122));
#9069=CARTESIAN_POINT('Ctrl Pts',(-10.,4.5359236547801,24.4016206802612));
#9070=CARTESIAN_POINT('Ctrl Pts',(-10.,4.49320322483935,24.3766157407347));
#9071=CARTESIAN_POINT('',(-9.7,4.70551586359897,24.5795489925925));
#9072=CARTESIAN_POINT('',(-10.,4.70551586359897,24.5795489925925));
#9073=CARTESIAN_POINT('Ctrl Pts',(-9.7,4.70551586359897,24.5795489925925));
#9074=CARTESIAN_POINT('Ctrl Pts',(-9.7,4.67763079895991,24.5367356345719));
#9075=CARTESIAN_POINT('Ctrl Pts',(-9.7,4.62271542556475,24.4524212687122));
#9076=CARTESIAN_POINT('Ctrl Pts',(-9.7,4.5359236547801,24.4016206802612));
#9077=CARTESIAN_POINT('Ctrl Pts',(-9.7,4.49320322483935,24.3766157407347));
#9078=CARTESIAN_POINT('Ctrl Pts',(-10.,4.78310799807467,24.8950333971564));
#9079=CARTESIAN_POINT('Ctrl Pts',(-9.7,4.78310799807467,24.8950333971564));
#9080=CARTESIAN_POINT('Ctrl Pts',(-10.,4.78027519862026,24.838275675993));
#9081=CARTESIAN_POINT('Ctrl Pts',(-9.7,4.78027519862026,24.838275675993));
#9082=CARTESIAN_POINT('Ctrl Pts',(-10.,4.77477244390637,24.7280229656589));
#9083=CARTESIAN_POINT('Ctrl Pts',(-9.7,4.77477244390637,24.7280229656589));
#9084=CARTESIAN_POINT('Ctrl Pts',(-10.,4.72814140291798,24.6280541844537));
#9085=CARTESIAN_POINT('Ctrl Pts',(-9.7,4.72814140291798,24.6280541844537));
#9086=CARTESIAN_POINT('Ctrl Pts',(-10.,4.70551586359897,24.5795489925925));
#9087=CARTESIAN_POINT('Ctrl Pts',(-9.7,4.70551586359897,24.5795489925925));
#9088=CARTESIAN_POINT('',(-10.,4.78310799807467,24.8950333971564));
#9089=CARTESIAN_POINT('Ctrl Pts',(-10.,4.78310799807467,24.8950333971564));
#9090=CARTESIAN_POINT('Ctrl Pts',(-10.,4.78027519862026,24.838275675993));
#9091=CARTESIAN_POINT('Ctrl Pts',(-10.,4.77477244390637,24.7280229656589));
#9092=CARTESIAN_POINT('Ctrl Pts',(-10.,4.72814140291798,24.6280541844537));
#9093=CARTESIAN_POINT('Ctrl Pts',(-10.,4.70551586359897,24.5795489925925));
#9094=CARTESIAN_POINT('',(-9.7,4.78310799807467,24.8950333971564));
#9095=CARTESIAN_POINT('',(-10.,4.78310799807467,24.8950333971564));
#9096=CARTESIAN_POINT('Ctrl Pts',(-9.7,4.78310799807467,24.8950333971564));
#9097=CARTESIAN_POINT('Ctrl Pts',(-9.7,4.78027519862026,24.838275675993));
#9098=CARTESIAN_POINT('Ctrl Pts',(-9.7,4.77477244390637,24.7280229656589));
#9099=CARTESIAN_POINT('Ctrl Pts',(-9.7,4.72814140291798,24.6280541844537));
#9100=CARTESIAN_POINT('Ctrl Pts',(-9.7,4.70551586359897,24.5795489925925));
#9101=CARTESIAN_POINT('Ctrl Pts',(-10.,4.70125234335818,25.1670320410315));
#9102=CARTESIAN_POINT('Ctrl Pts',(-9.7,4.70125234335818,25.1670320410315));
#9103=CARTESIAN_POINT('Ctrl Pts',(-10.,4.72506462094145,25.1299506802165));
#9104=CARTESIAN_POINT('Ctrl Pts',(-9.7,4.72506462094145,25.1299506802165));
#9105=CARTESIAN_POINT('Ctrl Pts',(-10.,4.77799798559993,25.0475208837727));
#9106=CARTESIAN_POINT('Ctrl Pts',(-9.7,4.77799798559993,25.0475208837727));
#9107=CARTESIAN_POINT('Ctrl Pts',(-10.,4.78129445700422,24.9491511358264));
#9108=CARTESIAN_POINT('Ctrl Pts',(-9.7,4.78129445700422,24.9491511358264));
#9109=CARTESIAN_POINT('Ctrl Pts',(-10.,4.78310799807467,24.8950333971564));
#9110=CARTESIAN_POINT('Ctrl Pts',(-9.7,4.78310799807467,24.8950333971564));
#9111=CARTESIAN_POINT('',(-10.,4.70125234335818,25.1670320410315));
#9112=CARTESIAN_POINT('Ctrl Pts',(-10.,4.70125234335818,25.1670320410315));
#9113=CARTESIAN_POINT('Ctrl Pts',(-10.,4.72506462094145,25.1299506802165));
#9114=CARTESIAN_POINT('Ctrl Pts',(-10.,4.77799798559993,25.0475208837727));
#9115=CARTESIAN_POINT('Ctrl Pts',(-10.,4.78129445700422,24.9491511358264));
#9116=CARTESIAN_POINT('Ctrl Pts',(-10.,4.78310799807467,24.8950333971564));
#9117=CARTESIAN_POINT('',(-9.7,4.70125234335818,25.1670320410315));
#9118=CARTESIAN_POINT('',(-10.,4.70125234335818,25.1670320410315));
#9119=CARTESIAN_POINT('Ctrl Pts',(-9.7,4.70125234335818,25.1670320410315));
#9120=CARTESIAN_POINT('Ctrl Pts',(-9.7,4.72506462094145,25.1299506802165));
#9121=CARTESIAN_POINT('Ctrl Pts',(-9.7,4.77799798559993,25.0475208837727));
#9122=CARTESIAN_POINT('Ctrl Pts',(-9.7,4.78129445700422,24.9491511358264));
#9123=CARTESIAN_POINT('Ctrl Pts',(-9.7,4.78310799807467,24.8950333971564));
#9124=CARTESIAN_POINT('Ctrl Pts',(-10.,4.49661410063662,25.2599720735137));
#9125=CARTESIAN_POINT('Ctrl Pts',(-9.7,4.49661410063662,25.2599720735137));
#9126=CARTESIAN_POINT('Ctrl Pts',(-10.,4.53586989333229,25.2560613684073));
#9127=CARTESIAN_POINT('Ctrl Pts',(-9.7,4.53586989333229,25.2560613684073));
#9128=CARTESIAN_POINT('Ctrl Pts',(-10.,4.61457612705333,25.2482205671144));
#9129=CARTESIAN_POINT('Ctrl Pts',(-9.7,4.61457612705333,25.2482205671144));
#9130=CARTESIAN_POINT('Ctrl Pts',(-10.,4.67231267518475,25.1941394657034));
#9131=CARTESIAN_POINT('Ctrl Pts',(-9.7,4.67231267518475,25.1941394657034));
#9132=CARTESIAN_POINT('Ctrl Pts',(-10.,4.70125234335818,25.1670320410315));
#9133=CARTESIAN_POINT('Ctrl Pts',(-9.7,4.70125234335818,25.1670320410315));
#9134=CARTESIAN_POINT('',(-10.,4.49661410063662,25.2599720735137));
#9135=CARTESIAN_POINT('Ctrl Pts',(-10.,4.49661410063662,25.2599720735137));
#9136=CARTESIAN_POINT('Ctrl Pts',(-10.,4.53586989333229,25.2560613684073));
#9137=CARTESIAN_POINT('Ctrl Pts',(-10.,4.61457612705333,25.2482205671144));
#9138=CARTESIAN_POINT('Ctrl Pts',(-10.,4.67231267518475,25.1941394657034));
#9139=CARTESIAN_POINT('Ctrl Pts',(-10.,4.70125234335818,25.1670320410315));
#9140=CARTESIAN_POINT('',(-9.7,4.49661410063662,25.2599720735137));
#9141=CARTESIAN_POINT('',(-10.,4.49661410063662,25.2599720735137));
#9142=CARTESIAN_POINT('Ctrl Pts',(-9.7,4.49661410063662,25.2599720735137));
#9143=CARTESIAN_POINT('Ctrl Pts',(-9.7,4.53586989333229,25.2560613684073));
#9144=CARTESIAN_POINT('Ctrl Pts',(-9.7,4.61457612705333,25.2482205671144));
#9145=CARTESIAN_POINT('Ctrl Pts',(-9.7,4.67231267518475,25.1941394657034));
#9146=CARTESIAN_POINT('Ctrl Pts',(-9.7,4.70125234335818,25.1670320410315));
#9147=CARTESIAN_POINT('Ctrl Pts',(-10.,4.35080892056384,25.2173389572684));
#9148=CARTESIAN_POINT('Ctrl Pts',(-9.7,4.35080892056384,25.2173389572684));
#9149=CARTESIAN_POINT('Ctrl Pts',(-10.,4.37338068192398,25.2297735143223));
#9150=CARTESIAN_POINT('Ctrl Pts',(-9.7,4.37338068192398,25.2297735143223));
#9151=CARTESIAN_POINT('Ctrl Pts',(-10.,4.41880919577561,25.2547996271875));
#9152=CARTESIAN_POINT('Ctrl Pts',(-9.7,4.41880919577561,25.2547996271875));
#9153=CARTESIAN_POINT('Ctrl Pts',(-10.,4.47057089178251,25.2582407289384));
#9154=CARTESIAN_POINT('Ctrl Pts',(-9.7,4.47057089178251,25.2582407289384));
#9155=CARTESIAN_POINT('Ctrl Pts',(-10.,4.49661410063662,25.2599720735137));
#9156=CARTESIAN_POINT('Ctrl Pts',(-9.7,4.49661410063662,25.2599720735137));
#9157=CARTESIAN_POINT('',(-10.,4.35080892056384,25.2173389572684));
#9158=CARTESIAN_POINT('Ctrl Pts',(-10.,4.35080892056384,25.2173389572684));
#9159=CARTESIAN_POINT('Ctrl Pts',(-10.,4.37338068192398,25.2297735143223));
#9160=CARTESIAN_POINT('Ctrl Pts',(-10.,4.41880919577561,25.2547996271875));
#9161=CARTESIAN_POINT('Ctrl Pts',(-10.,4.47057089178251,25.2582407289384));
#9162=CARTESIAN_POINT('Ctrl Pts',(-10.,4.49661410063662,25.2599720735137));
#9163=CARTESIAN_POINT('',(-9.7,4.35080892056384,25.2173389572684));
#9164=CARTESIAN_POINT('',(-10.,4.35080892056384,25.2173389572684));
#9165=CARTESIAN_POINT('Ctrl Pts',(-9.7,4.35080892056384,25.2173389572684));
#9166=CARTESIAN_POINT('Ctrl Pts',(-9.7,4.37338068192398,25.2297735143223));
#9167=CARTESIAN_POINT('Ctrl Pts',(-9.7,4.41880919577561,25.2547996271875));
#9168=CARTESIAN_POINT('Ctrl Pts',(-9.7,4.47057089178251,25.2582407289384));
#9169=CARTESIAN_POINT('Ctrl Pts',(-9.7,4.49661410063662,25.2599720735137));
#9170=CARTESIAN_POINT('Ctrl Pts',(-10.,4.2510477325336,25.0962610621039));
#9171=CARTESIAN_POINT('Ctrl Pts',(-9.7,4.2510477325336,25.0962610621039));
#9172=CARTESIAN_POINT('Ctrl Pts',(-10.,4.26346166202357,25.1207395420754));
#9173=CARTESIAN_POINT('Ctrl Pts',(-9.7,4.26346166202357,25.1207395420754));
#9174=CARTESIAN_POINT('Ctrl Pts',(-10.,4.28771671058967,25.1685670024306));
#9175=CARTESIAN_POINT('Ctrl Pts',(-9.7,4.28771671058967,25.1685670024306));
#9176=CARTESIAN_POINT('Ctrl Pts',(-10.,4.33011192085781,25.2013396265213));
#9177=CARTESIAN_POINT('Ctrl Pts',(-9.7,4.33011192085781,25.2013396265213));
#9178=CARTESIAN_POINT('Ctrl Pts',(-10.,4.35080892056384,25.2173389572684));
#9179=CARTESIAN_POINT('Ctrl Pts',(-9.7,4.35080892056384,25.2173389572684));
#9180=CARTESIAN_POINT('',(-10.,4.2510477325336,25.0962610621039));
#9181=CARTESIAN_POINT('Ctrl Pts',(-10.,4.2510477325336,25.0962610621039));
#9182=CARTESIAN_POINT('Ctrl Pts',(-10.,4.26346166202357,25.1207395420754));
#9183=CARTESIAN_POINT('Ctrl Pts',(-10.,4.28771671058967,25.1685670024306));
#9184=CARTESIAN_POINT('Ctrl Pts',(-10.,4.33011192085781,25.2013396265213));
#9185=CARTESIAN_POINT('Ctrl Pts',(-10.,4.35080892056384,25.2173389572684));
#9186=CARTESIAN_POINT('',(-9.7,4.2510477325336,25.0962610621039));
#9187=CARTESIAN_POINT('',(-10.,4.2510477325336,25.0962610621039));
#9188=CARTESIAN_POINT('Ctrl Pts',(-9.7,4.2510477325336,25.0962610621039));
#9189=CARTESIAN_POINT('Ctrl Pts',(-9.7,4.26346166202357,25.1207395420754));
#9190=CARTESIAN_POINT('Ctrl Pts',(-9.7,4.28771671058967,25.1685670024306));
#9191=CARTESIAN_POINT('Ctrl Pts',(-9.7,4.33011192085781,25.2013396265213));
#9192=CARTESIAN_POINT('Ctrl Pts',(-9.7,4.35080892056384,25.2173389572684));
#9193=CARTESIAN_POINT('Ctrl Pts',(-10.,4.18965628951945,24.8285259384696));
#9194=CARTESIAN_POINT('Ctrl Pts',(-9.7,4.18965628951945,24.8285259384696));
#9195=CARTESIAN_POINT('Ctrl Pts',(-10.,4.19743722619883,24.8828400621604));
#9196=CARTESIAN_POINT('Ctrl Pts',(-9.7,4.19743722619883,24.8828400621604));
#9197=CARTESIAN_POINT('Ctrl Pts',(-10.,4.21047899060252,24.9738769172534));
#9198=CARTESIAN_POINT('Ctrl Pts',(-9.7,4.21047899060252,24.9738769172534));
#9199=CARTESIAN_POINT('Ctrl Pts',(-10.,4.2393868070866,25.061083427278));
#9200=CARTESIAN_POINT('Ctrl Pts',(-9.7,4.2393868070866,25.061083427278));
#9201=CARTESIAN_POINT('Ctrl Pts',(-10.,4.2510477325336,25.0962610621039));
#9202=CARTESIAN_POINT('Ctrl Pts',(-9.7,4.2510477325336,25.0962610621039));
#9203=CARTESIAN_POINT('',(-10.,4.18965628951945,24.8285259384696));
#9204=CARTESIAN_POINT('Ctrl Pts',(-10.,4.18965628951945,24.8285259384696));
#9205=CARTESIAN_POINT('Ctrl Pts',(-10.,4.19743722619883,24.8828400621604));
#9206=CARTESIAN_POINT('Ctrl Pts',(-10.,4.21047899060252,24.9738769172534));
#9207=CARTESIAN_POINT('Ctrl Pts',(-10.,4.2393868070866,25.061083427278));
#9208=CARTESIAN_POINT('Ctrl Pts',(-10.,4.2510477325336,25.0962610621039));
#9209=CARTESIAN_POINT('',(-9.7,4.18965628951945,24.8285259384696));
#9210=CARTESIAN_POINT('',(-10.,4.18965628951945,24.8285259384696));
#9211=CARTESIAN_POINT('Ctrl Pts',(-9.7,4.18965628951945,24.8285259384696));
#9212=CARTESIAN_POINT('Ctrl Pts',(-9.7,4.19743722619883,24.8828400621604));
#9213=CARTESIAN_POINT('Ctrl Pts',(-9.7,4.21047899060252,24.9738769172534));
#9214=CARTESIAN_POINT('Ctrl Pts',(-9.7,4.2393868070866,25.061083427278));
#9215=CARTESIAN_POINT('Ctrl Pts',(-9.7,4.2510477325336,25.0962610621039));
#9216=CARTESIAN_POINT('Ctrl Pts',(-10.,4.07369441002765,24.3271617669646));
#9217=CARTESIAN_POINT('Ctrl Pts',(-9.7,4.07369441002765,24.3271617669646));
#9218=CARTESIAN_POINT('Ctrl Pts',(-10.,4.09644009167767,24.3963835211267));
#9219=CARTESIAN_POINT('Ctrl Pts',(-9.7,4.09644009167767,24.3963835211267));
#9220=CARTESIAN_POINT('Ctrl Pts',(-10.,4.15016356200597,24.5598797360575));
#9221=CARTESIAN_POINT('Ctrl Pts',(-9.7,4.15016356200597,24.5598797360575));
#9222=CARTESIAN_POINT('Ctrl Pts',(-10.,4.17521261558131,24.730273971673));
#9223=CARTESIAN_POINT('Ctrl Pts',(-9.7,4.17521261558131,24.730273971673));
#9224=CARTESIAN_POINT('Ctrl Pts',(-10.,4.18965628951945,24.8285259384696));
#9225=CARTESIAN_POINT('Ctrl Pts',(-9.7,4.18965628951945,24.8285259384696));
#9226=CARTESIAN_POINT('',(-10.,4.07369441002765,24.3271617669646));
#9227=CARTESIAN_POINT('Ctrl Pts',(-10.,4.07369441002765,24.3271617669646));
#9228=CARTESIAN_POINT('Ctrl Pts',(-10.,4.09644009167767,24.3963835211267));
#9229=CARTESIAN_POINT('Ctrl Pts',(-10.,4.15016356200597,24.5598797360575));
#9230=CARTESIAN_POINT('Ctrl Pts',(-10.,4.17521261558131,24.730273971673));
#9231=CARTESIAN_POINT('Ctrl Pts',(-10.,4.18965628951945,24.8285259384696));
#9232=CARTESIAN_POINT('',(-9.7,4.07369441002765,24.3271617669646));
#9233=CARTESIAN_POINT('',(-10.,4.07369441002765,24.3271617669646));
#9234=CARTESIAN_POINT('Ctrl Pts',(-9.7,4.07369441002765,24.3271617669646));
#9235=CARTESIAN_POINT('Ctrl Pts',(-9.7,4.09644009167767,24.3963835211267));
#9236=CARTESIAN_POINT('Ctrl Pts',(-9.7,4.15016356200597,24.5598797360575));
#9237=CARTESIAN_POINT('Ctrl Pts',(-9.7,4.17521261558131,24.730273971673));
#9238=CARTESIAN_POINT('Ctrl Pts',(-9.7,4.18965628951945,24.8285259384696));
#9239=CARTESIAN_POINT('Origin',(-10.,4.18624556273379,24.3271617669646));
#9240=CARTESIAN_POINT('',(-10.,2.0931227813669,24.3271617669646));
#9241=CARTESIAN_POINT('',(-9.7,4.18624556273379,24.3271617669646));
#9242=CARTESIAN_POINT('Origin',(-10.,4.98263037413516,23.9195899743621));
#9243=CARTESIAN_POINT('',(-10.,4.98263037413516,23.9195899743621));
#9244=CARTESIAN_POINT('',(-10.,4.98263037413516,24.240190245587));
#9245=CARTESIAN_POINT('',(-10.,4.98263037413516,11.959794987181));
#9246=CARTESIAN_POINT('',(-9.7,4.98263037413516,23.9195899743621));
#9247=CARTESIAN_POINT('',(-10.,4.98263037413516,23.9195899743621));
#9248=CARTESIAN_POINT('',(-9.7,4.98263037413516,24.240190245587));
#9249=CARTESIAN_POINT('',(-9.7,4.98263037413516,23.9195899743621));
#9250=CARTESIAN_POINT('',(-10.,4.98263037413516,24.240190245587));
#9251=CARTESIAN_POINT('Ctrl Pts',(-10.,4.76520186871447,23.9971821088378));
#9252=CARTESIAN_POINT('Ctrl Pts',(-9.7,4.76520186871447,23.9971821088378));
#9253=CARTESIAN_POINT('Ctrl Pts',(-10.,4.80276108877854,23.9889631179082));
#9254=CARTESIAN_POINT('Ctrl Pts',(-9.7,4.80276108877854,23.9889631179082));
#9255=CARTESIAN_POINT('Ctrl Pts',(-10.,4.87854158951203,23.9723802589697));
#9256=CARTESIAN_POINT('Ctrl Pts',(-9.7,4.87854158951203,23.9723802589697));
#9257=CARTESIAN_POINT('Ctrl Pts',(-10.,4.94773261549787,23.9372889283589));
#9258=CARTESIAN_POINT('Ctrl Pts',(-9.7,4.94773261549787,23.9372889283589));
#9259=CARTESIAN_POINT('Ctrl Pts',(-10.,4.98263037413516,23.9195899743621));
#9260=CARTESIAN_POINT('Ctrl Pts',(-9.7,4.98263037413516,23.9195899743621));
#9261=CARTESIAN_POINT('',(-10.,4.76520186871447,23.9971821088378));
#9262=CARTESIAN_POINT('Ctrl Pts',(-10.,4.76520186871447,23.9971821088378));
#9263=CARTESIAN_POINT('Ctrl Pts',(-10.,4.80276108877854,23.9889631179082));
#9264=CARTESIAN_POINT('Ctrl Pts',(-10.,4.87854158951203,23.9723802589697));
#9265=CARTESIAN_POINT('Ctrl Pts',(-10.,4.94773261549787,23.9372889283589));
#9266=CARTESIAN_POINT('Ctrl Pts',(-10.,4.98263037413516,23.9195899743621));
#9267=CARTESIAN_POINT('',(-9.7,4.76520186871447,23.9971821088378));
#9268=CARTESIAN_POINT('',(-10.,4.76520186871447,23.9971821088378));
#9269=CARTESIAN_POINT('Ctrl Pts',(-9.7,4.76520186871447,23.9971821088378));
#9270=CARTESIAN_POINT('Ctrl Pts',(-9.7,4.80276108877854,23.9889631179082));
#9271=CARTESIAN_POINT('Ctrl Pts',(-9.7,4.87854158951203,23.9723802589697));
#9272=CARTESIAN_POINT('Ctrl Pts',(-9.7,4.94773261549787,23.9372889283589));
#9273=CARTESIAN_POINT('Ctrl Pts',(-9.7,4.98263037413516,23.9195899743621));
#9274=CARTESIAN_POINT('Ctrl Pts',(-10.,4.22376266330638,24.0167932290618));
#9275=CARTESIAN_POINT('Ctrl Pts',(-9.7,4.22376266330638,24.0167932290618));
#9276=CARTESIAN_POINT('Ctrl Pts',(-10.,4.34032774760764,24.0174987062775));
#9277=CARTESIAN_POINT('Ctrl Pts',(-9.7,4.34032774760764,24.0174987062775));
#9278=CARTESIAN_POINT('Ctrl Pts',(-10.,4.52115290385953,24.0185930994102));
#9279=CARTESIAN_POINT('Ctrl Pts',(-9.7,4.52115290385953,24.0185930994102));
#9280=CARTESIAN_POINT('Ctrl Pts',(-10.,4.70121349962315,24.0027959591902));
#9281=CARTESIAN_POINT('Ctrl Pts',(-9.7,4.70121349962315,24.0027959591902));
#9282=CARTESIAN_POINT('Ctrl Pts',(-10.,4.76520186871447,23.9971821088378));
#9283=CARTESIAN_POINT('Ctrl Pts',(-9.7,4.76520186871447,23.9971821088378));
#9284=CARTESIAN_POINT('',(-10.,4.22376266330638,24.0167932290618));
#9285=CARTESIAN_POINT('Ctrl Pts',(-10.,4.22376266330638,24.0167932290618));
#9286=CARTESIAN_POINT('Ctrl Pts',(-10.,4.34032774760764,24.0174987062775));
#9287=CARTESIAN_POINT('Ctrl Pts',(-10.,4.52115290385953,24.0185930994102));
#9288=CARTESIAN_POINT('Ctrl Pts',(-10.,4.70121349962315,24.0027959591902));
#9289=CARTESIAN_POINT('Ctrl Pts',(-10.,4.76520186871447,23.9971821088378));
#9290=CARTESIAN_POINT('',(-9.7,4.22376266330638,24.0167932290618));
#9291=CARTESIAN_POINT('',(-10.,4.22376266330638,24.0167932290618));
#9292=CARTESIAN_POINT('Ctrl Pts',(-9.7,4.22376266330638,24.0167932290618));
#9293=CARTESIAN_POINT('Ctrl Pts',(-9.7,4.34032774760764,24.0174987062775));
#9294=CARTESIAN_POINT('Ctrl Pts',(-9.7,4.52115290385953,24.0185930994102));
#9295=CARTESIAN_POINT('Ctrl Pts',(-9.7,4.70121349962315,24.0027959591902));
#9296=CARTESIAN_POINT('Ctrl Pts',(-9.7,4.76520186871447,23.9971821088378));
#9297=CARTESIAN_POINT('Origin',(-10.,3.81448573082843,24.0167932290618));
#9298=CARTESIAN_POINT('',(-10.,3.81448573082843,24.0167932290618));
#9299=CARTESIAN_POINT('',(-10.,1.90724286541421,24.0167932290618));
#9300=CARTESIAN_POINT('',(-9.7,3.81448573082843,24.0167932290618));
#9301=CARTESIAN_POINT('',(-10.,3.81448573082843,24.0167932290618));
#9302=CARTESIAN_POINT('',(-9.7,3.81448573082843,24.0167932290618));
#9303=CARTESIAN_POINT('Ctrl Pts',(-10.,3.53140256017604,24.0321411270682));
#9304=CARTESIAN_POINT('Ctrl Pts',(-9.7,3.53140256017604,24.0321411270682));
#9305=CARTESIAN_POINT('Ctrl Pts',(-10.,3.56802970886874,24.0277156057363));
#9306=CARTESIAN_POINT('Ctrl Pts',(-9.7,3.56802970886874,24.0277156057363));
#9307=CARTESIAN_POINT('Ctrl Pts',(-10.,3.66199591198771,24.0163620209986));
#9308=CARTESIAN_POINT('Ctrl Pts',(-9.7,3.66199591198771,24.0163620209986));
#9309=CARTESIAN_POINT('Ctrl Pts',(-10.,3.75669777181223,24.0166298172742));
#9310=CARTESIAN_POINT('Ctrl Pts',(-9.7,3.75669777181223,24.0166298172742));
#9311=CARTESIAN_POINT('Ctrl Pts',(-10.,3.81448573082843,24.0167932290618));
#9312=CARTESIAN_POINT('Ctrl Pts',(-9.7,3.81448573082843,24.0167932290618));
#9313=CARTESIAN_POINT('',(-10.,3.53140256017604,24.0321411270682));
#9314=CARTESIAN_POINT('Ctrl Pts',(-10.,3.53140256017604,24.0321411270682));
#9315=CARTESIAN_POINT('Ctrl Pts',(-10.,3.56802970886874,24.0277156057363));
#9316=CARTESIAN_POINT('Ctrl Pts',(-10.,3.66199591198771,24.0163620209986));
#9317=CARTESIAN_POINT('Ctrl Pts',(-10.,3.75669777181223,24.0166298172742));
#9318=CARTESIAN_POINT('Ctrl Pts',(-10.,3.81448573082843,24.0167932290618));
#9319=CARTESIAN_POINT('',(-9.7,3.53140256017604,24.0321411270682));
#9320=CARTESIAN_POINT('',(-10.,3.53140256017604,24.0321411270682));
#9321=CARTESIAN_POINT('Ctrl Pts',(-9.7,3.53140256017604,24.0321411270682));
#9322=CARTESIAN_POINT('Ctrl Pts',(-9.7,3.56802970886874,24.0277156057363));
#9323=CARTESIAN_POINT('Ctrl Pts',(-9.7,3.66199591198771,24.0163620209986));
#9324=CARTESIAN_POINT('Ctrl Pts',(-9.7,3.75669777181223,24.0166298172742));
#9325=CARTESIAN_POINT('Ctrl Pts',(-9.7,3.81448573082843,24.0167932290618));
#9326=CARTESIAN_POINT('Ctrl Pts',(-10.,3.3225007972137,24.1276390928809));
#9327=CARTESIAN_POINT('Ctrl Pts',(-9.7,3.3225007972137,24.1276390928809));
#9328=CARTESIAN_POINT('Ctrl Pts',(-10.,3.35281318268126,24.1064147741743));
#9329=CARTESIAN_POINT('Ctrl Pts',(-9.7,3.35281318268126,24.1064147741743));
#9330=CARTESIAN_POINT('Ctrl Pts',(-10.,3.41651790657097,24.0618095957268));
#9331=CARTESIAN_POINT('Ctrl Pts',(-9.7,3.41651790657097,24.0618095957268));
#9332=CARTESIAN_POINT('Ctrl Pts',(-10.,3.49189294843959,24.0423443147067));
#9333=CARTESIAN_POINT('Ctrl Pts',(-9.7,3.49189294843959,24.0423443147067));
#9334=CARTESIAN_POINT('Ctrl Pts',(-10.,3.53140256017604,24.0321411270682));
#9335=CARTESIAN_POINT('Ctrl Pts',(-9.7,3.53140256017604,24.0321411270682));
#9336=CARTESIAN_POINT('',(-10.,3.3225007972137,24.1276390928809));
#9337=CARTESIAN_POINT('Ctrl Pts',(-10.,3.3225007972137,24.1276390928809));
#9338=CARTESIAN_POINT('Ctrl Pts',(-10.,3.35281318268126,24.1064147741743));
#9339=CARTESIAN_POINT('Ctrl Pts',(-10.,3.41651790657097,24.0618095957268));
#9340=CARTESIAN_POINT('Ctrl Pts',(-10.,3.49189294843959,24.0423443147067));
#9341=CARTESIAN_POINT('Ctrl Pts',(-10.,3.53140256017604,24.0321411270682));
#9342=CARTESIAN_POINT('',(-9.7,3.3225007972137,24.1276390928809));
#9343=CARTESIAN_POINT('',(-10.,3.3225007972137,24.1276390928809));
#9344=CARTESIAN_POINT('Ctrl Pts',(-9.7,3.3225007972137,24.1276390928809));
#9345=CARTESIAN_POINT('Ctrl Pts',(-9.7,3.35281318268126,24.1064147741743));
#9346=CARTESIAN_POINT('Ctrl Pts',(-9.7,3.41651790657097,24.0618095957268));
#9347=CARTESIAN_POINT('Ctrl Pts',(-9.7,3.49189294843959,24.0423443147067));
#9348=CARTESIAN_POINT('Ctrl Pts',(-9.7,3.53140256017604,24.0321411270682));
#9349=CARTESIAN_POINT('Ctrl Pts',(-10.,3.18522250861087,24.3408040780608));
#9350=CARTESIAN_POINT('Ctrl Pts',(-9.7,3.18522250861087,24.3408040780608));
#9351=CARTESIAN_POINT('Ctrl Pts',(-10.,3.203012377869,24.2970651791007));
#9352=CARTESIAN_POINT('Ctrl Pts',(-9.7,3.203012377869,24.2970651791007));
#9353=CARTESIAN_POINT('Ctrl Pts',(-10.,3.23548765974818,24.2172201250306));
#9354=CARTESIAN_POINT('Ctrl Pts',(-9.7,3.23548765974818,24.2172201250306));
#9355=CARTESIAN_POINT('Ctrl Pts',(-10.,3.29540569522942,24.1555338139845));
#9356=CARTESIAN_POINT('Ctrl Pts',(-9.7,3.29540569522942,24.1555338139845));
#9357=CARTESIAN_POINT('Ctrl Pts',(-10.,3.3225007972137,24.1276390928809));
#9358=CARTESIAN_POINT('Ctrl Pts',(-9.7,3.3225007972137,24.1276390928809));
#9359=CARTESIAN_POINT('',(-10.,3.18522250861087,24.3408040780608));
#9360=CARTESIAN_POINT('Ctrl Pts',(-10.,3.18522250861087,24.3408040780608));
#9361=CARTESIAN_POINT('Ctrl Pts',(-10.,3.203012377869,24.2970651791007));
#9362=CARTESIAN_POINT('Ctrl Pts',(-10.,3.23548765974818,24.2172201250306));
#9363=CARTESIAN_POINT('Ctrl Pts',(-10.,3.29540569522942,24.1555338139845));
#9364=CARTESIAN_POINT('Ctrl Pts',(-10.,3.3225007972137,24.1276390928809));
#9365=CARTESIAN_POINT('',(-9.7,3.18522250861087,24.3408040780608));
#9366=CARTESIAN_POINT('',(-10.,3.18522250861087,24.3408040780608));
#9367=CARTESIAN_POINT('Ctrl Pts',(-9.7,3.18522250861087,24.3408040780608));
#9368=CARTESIAN_POINT('Ctrl Pts',(-9.7,3.203012377869,24.2970651791007));
#9369=CARTESIAN_POINT('Ctrl Pts',(-9.7,3.23548765974818,24.2172201250306));
#9370=CARTESIAN_POINT('Ctrl Pts',(-9.7,3.29540569522942,24.1555338139845));
#9371=CARTESIAN_POINT('Ctrl Pts',(-9.7,3.3225007972137,24.1276390928809));
#9372=CARTESIAN_POINT('Ctrl Pts',(-10.,3.13065222114482,24.7176800746505));
#9373=CARTESIAN_POINT('Ctrl Pts',(-9.7,3.13065222114482,24.7176800746505));
#9374=CARTESIAN_POINT('Ctrl Pts',(-10.,3.13184063109827,24.6471025173615));
#9375=CARTESIAN_POINT('Ctrl Pts',(-9.7,3.13184063109827,24.6471025173615));
#9376=CARTESIAN_POINT('Ctrl Pts',(-10.,3.13399752812795,24.5190082320208));
#9377=CARTESIAN_POINT('Ctrl Pts',(-9.7,3.13399752812795,24.5190082320208));
#9378=CARTESIAN_POINT('Ctrl Pts',(-10.,3.1693490255775,24.3960255849837));
#9379=CARTESIAN_POINT('Ctrl Pts',(-9.7,3.1693490255775,24.3960255849837));
#9380=CARTESIAN_POINT('Ctrl Pts',(-10.,3.18522250861087,24.3408040780608));
#9381=CARTESIAN_POINT('Ctrl Pts',(-9.7,3.18522250861087,24.3408040780608));
#9382=CARTESIAN_POINT('',(-10.,3.13065222114482,24.7176800746505));
#9383=CARTESIAN_POINT('Ctrl Pts',(-10.,3.13065222114482,24.7176800746505));
#9384=CARTESIAN_POINT('Ctrl Pts',(-10.,3.13184063109827,24.6471025173615));
#9385=CARTESIAN_POINT('Ctrl Pts',(-10.,3.13399752812795,24.5190082320208));
#9386=CARTESIAN_POINT('Ctrl Pts',(-10.,3.1693490255775,24.3960255849837));
#9387=CARTESIAN_POINT('Ctrl Pts',(-10.,3.18522250861087,24.3408040780608));
#9388=CARTESIAN_POINT('',(-9.7,3.13065222114482,24.7176800746505));
#9389=CARTESIAN_POINT('',(-10.,3.13065222114482,24.7176800746505));
#9390=CARTESIAN_POINT('Ctrl Pts',(-9.7,3.13065222114482,24.7176800746505));
#9391=CARTESIAN_POINT('Ctrl Pts',(-9.7,3.13184063109827,24.6471025173615));
#9392=CARTESIAN_POINT('Ctrl Pts',(-9.7,3.13399752812795,24.5190082320208));
#9393=CARTESIAN_POINT('Ctrl Pts',(-9.7,3.1693490255775,24.3960255849837));
#9394=CARTESIAN_POINT('Ctrl Pts',(-9.7,3.18522250861087,24.3408040780608));
#9395=CARTESIAN_POINT('Ctrl Pts',(-10.,3.19460174650111,25.1286621470038));
#9396=CARTESIAN_POINT('Ctrl Pts',(-9.7,3.19460174650111,25.1286621470038));
#9397=CARTESIAN_POINT('Ctrl Pts',(-10.,3.17596491103317,25.0652797907113));
#9398=CARTESIAN_POINT('Ctrl Pts',(-9.7,3.17596491103317,25.0652797907113));
#9399=CARTESIAN_POINT('Ctrl Pts',(-10.,3.13653786324834,24.9311916192211));
#9400=CARTESIAN_POINT('Ctrl Pts',(-9.7,3.13653786324834,24.9311916192211));
#9401=CARTESIAN_POINT('Ctrl Pts',(-10.,3.13268425894838,24.7913956561338));
#9402=CARTESIAN_POINT('Ctrl Pts',(-9.7,3.13268425894838,24.7913956561338));
#9403=CARTESIAN_POINT('Ctrl Pts',(-10.,3.13065222114482,24.7176800746505));
#9404=CARTESIAN_POINT('Ctrl Pts',(-9.7,3.13065222114482,24.7176800746505));
#9405=CARTESIAN_POINT('',(-10.,3.19460174650111,25.1286621470038));
#9406=CARTESIAN_POINT('Ctrl Pts',(-10.,3.19460174650111,25.1286621470038));
#9407=CARTESIAN_POINT('Ctrl Pts',(-10.,3.17596491103317,25.0652797907113));
#9408=CARTESIAN_POINT('Ctrl Pts',(-10.,3.13653786324834,24.9311916192211));
#9409=CARTESIAN_POINT('Ctrl Pts',(-10.,3.13268425894838,24.7913956561338));
#9410=CARTESIAN_POINT('Ctrl Pts',(-10.,3.13065222114482,24.7176800746505));
#9411=CARTESIAN_POINT('',(-9.7,3.19460174650111,25.1286621470038));
#9412=CARTESIAN_POINT('',(-10.,3.19460174650111,25.1286621470038));
#9413=CARTESIAN_POINT('Ctrl Pts',(-9.7,3.19460174650111,25.1286621470038));
#9414=CARTESIAN_POINT('Ctrl Pts',(-9.7,3.17596491103317,25.0652797907113));
#9415=CARTESIAN_POINT('Ctrl Pts',(-9.7,3.13653786324834,24.9311916192211));
#9416=CARTESIAN_POINT('Ctrl Pts',(-9.7,3.13268425894838,24.7913956561338));
#9417=CARTESIAN_POINT('Ctrl Pts',(-9.7,3.13065222114482,24.7176800746505));
#9418=CARTESIAN_POINT('Ctrl Pts',(-10.,3.37707093566813,25.3998081464354));
#9419=CARTESIAN_POINT('Ctrl Pts',(-9.7,3.37707093566813,25.3998081464354));
#9420=CARTESIAN_POINT('Ctrl Pts',(-10.,3.33929987061835,25.3635066521034));
#9421=CARTESIAN_POINT('Ctrl Pts',(-9.7,3.33929987061835,25.3635066521034));
#9422=CARTESIAN_POINT('Ctrl Pts',(-10.,3.25908183982565,25.2864096894862));
#9423=CARTESIAN_POINT('Ctrl Pts',(-9.7,3.25908183982565,25.2864096894862));
#9424=CARTESIAN_POINT('Ctrl Pts',(-10.,3.21691442240497,25.1832490684638));
#9425=CARTESIAN_POINT('Ctrl Pts',(-9.7,3.21691442240497,25.1832490684638));
#9426=CARTESIAN_POINT('Ctrl Pts',(-10.,3.19460174650111,25.1286621470038));
#9427=CARTESIAN_POINT('Ctrl Pts',(-9.7,3.19460174650111,25.1286621470038));
#9428=CARTESIAN_POINT('',(-10.,3.37707093566813,25.3998081464354));
#9429=CARTESIAN_POINT('Ctrl Pts',(-10.,3.37707093566813,25.3998081464354));
#9430=CARTESIAN_POINT('Ctrl Pts',(-10.,3.33929987061835,25.3635066521034));
#9431=CARTESIAN_POINT('Ctrl Pts',(-10.,3.25908183982565,25.2864096894862));
#9432=CARTESIAN_POINT('Ctrl Pts',(-10.,3.21691442240497,25.1832490684638));
#9433=CARTESIAN_POINT('Ctrl Pts',(-10.,3.19460174650111,25.1286621470038));
#9434=CARTESIAN_POINT('',(-9.7,3.37707093566813,25.3998081464354));
#9435=CARTESIAN_POINT('',(-10.,3.37707093566813,25.3998081464354));
#9436=CARTESIAN_POINT('Ctrl Pts',(-9.7,3.37707093566813,25.3998081464354));
#9437=CARTESIAN_POINT('Ctrl Pts',(-9.7,3.33929987061835,25.3635066521034));
#9438=CARTESIAN_POINT('Ctrl Pts',(-9.7,3.25908183982565,25.2864096894862));
#9439=CARTESIAN_POINT('Ctrl Pts',(-9.7,3.21691442240497,25.1832490684638));
#9440=CARTESIAN_POINT('Ctrl Pts',(-9.7,3.19460174650111,25.1286621470038));
#9441=CARTESIAN_POINT('Ctrl Pts',(-10.,3.68829196900287,25.5345286507193));
#9442=CARTESIAN_POINT('Ctrl Pts',(-9.7,3.68829196900287,25.5345286507193));
#9443=CARTESIAN_POINT('Ctrl Pts',(-10.,3.62873231317081,25.5198894192404));
#9444=CARTESIAN_POINT('Ctrl Pts',(-9.7,3.62873231317081,25.5198894192404));
#9445=CARTESIAN_POINT('Ctrl Pts',(-10.,3.51724927756585,25.4924878847387));
#9446=CARTESIAN_POINT('Ctrl Pts',(-9.7,3.51724927756585,25.4924878847387));
#9447=CARTESIAN_POINT('Ctrl Pts',(-10.,3.42161345418223,25.4292576955125));
#9448=CARTESIAN_POINT('Ctrl Pts',(-9.7,3.42161345418223,25.4292576955125));
#9449=CARTESIAN_POINT('Ctrl Pts',(-10.,3.37707093566813,25.3998081464354));
#9450=CARTESIAN_POINT('Ctrl Pts',(-9.7,3.37707093566813,25.3998081464354));
#9451=CARTESIAN_POINT('',(-10.,3.68829196900287,25.5345286507193));
#9452=CARTESIAN_POINT('Ctrl Pts',(-10.,3.68829196900287,25.5345286507193));
#9453=CARTESIAN_POINT('Ctrl Pts',(-10.,3.62873231317081,25.5198894192404));
#9454=CARTESIAN_POINT('Ctrl Pts',(-10.,3.51724927756585,25.4924878847387));
#9455=CARTESIAN_POINT('Ctrl Pts',(-10.,3.42161345418223,25.4292576955125));
#9456=CARTESIAN_POINT('Ctrl Pts',(-10.,3.37707093566813,25.3998081464354));
#9457=CARTESIAN_POINT('',(-9.7,3.68829196900287,25.5345286507193));
#9458=CARTESIAN_POINT('',(-10.,3.68829196900287,25.5345286507193));
#9459=CARTESIAN_POINT('Ctrl Pts',(-9.7,3.68829196900287,25.5345286507193));
#9460=CARTESIAN_POINT('Ctrl Pts',(-9.7,3.62873231317081,25.5198894192404));
#9461=CARTESIAN_POINT('Ctrl Pts',(-9.7,3.51724927756585,25.4924878847387));
#9462=CARTESIAN_POINT('Ctrl Pts',(-9.7,3.42161345418223,25.4292576955125));
#9463=CARTESIAN_POINT('Ctrl Pts',(-9.7,3.37707093566813,25.3998081464354));
#9464=CARTESIAN_POINT('Origin',(-10.,3.7292196473495,25.2343921441619));
#9465=CARTESIAN_POINT('',(-10.,3.7292196473495,25.2343921441619));
#9466=CARTESIAN_POINT('',(-10.,5.38429661091011,13.0971530435308));
#9467=CARTESIAN_POINT('',(-9.7,3.7292196473495,25.2343921441619));
#9468=CARTESIAN_POINT('',(-10.,3.7292196473495,25.2343921441619));
#9469=CARTESIAN_POINT('',(-9.7,3.7292196473495,25.2343921441619));
#9470=CARTESIAN_POINT('Ctrl Pts',(-10.,3.46063173026004,25.0817661065642));
#9471=CARTESIAN_POINT('Ctrl Pts',(-9.7,3.46063173026004,25.0817661065642));
#9472=CARTESIAN_POINT('Ctrl Pts',(-10.,3.49390571025348,25.1146301007018));
#9473=CARTESIAN_POINT('Ctrl Pts',(-9.7,3.49390571025348,25.1146301007018));
#9474=CARTESIAN_POINT('Ctrl Pts',(-10.,3.56935740849054,25.1891521196796));
#9475=CARTESIAN_POINT('Ctrl Pts',(-9.7,3.56935740849054,25.1891521196796));
#9476=CARTESIAN_POINT('Ctrl Pts',(-10.,3.67189874353039,25.2181706830424));
#9477=CARTESIAN_POINT('Ctrl Pts',(-9.7,3.67189874353039,25.2181706830424));
#9478=CARTESIAN_POINT('Ctrl Pts',(-10.,3.7292196473495,25.2343921441619));
#9479=CARTESIAN_POINT('Ctrl Pts',(-9.7,3.7292196473495,25.2343921441619));
#9480=CARTESIAN_POINT('',(-10.,3.46063173026004,25.0817661065642));
#9481=CARTESIAN_POINT('Ctrl Pts',(-10.,3.46063173026004,25.0817661065642));
#9482=CARTESIAN_POINT('Ctrl Pts',(-10.,3.49390571025348,25.1146301007018));
#9483=CARTESIAN_POINT('Ctrl Pts',(-10.,3.56935740849054,25.1891521196796));
#9484=CARTESIAN_POINT('Ctrl Pts',(-10.,3.67189874353039,25.2181706830424));
#9485=CARTESIAN_POINT('Ctrl Pts',(-10.,3.7292196473495,25.2343921441619));
#9486=CARTESIAN_POINT('',(-9.7,3.46063173026004,25.0817661065642));
#9487=CARTESIAN_POINT('',(-10.,3.46063173026004,25.0817661065642));
#9488=CARTESIAN_POINT('Ctrl Pts',(-9.7,3.46063173026004,25.0817661065642));
#9489=CARTESIAN_POINT('Ctrl Pts',(-9.7,3.49390571025348,25.1146301007018));
#9490=CARTESIAN_POINT('Ctrl Pts',(-9.7,3.56935740849054,25.1891521196796));
#9491=CARTESIAN_POINT('Ctrl Pts',(-9.7,3.67189874353039,25.2181706830424));
#9492=CARTESIAN_POINT('Ctrl Pts',(-9.7,3.7292196473495,25.2343921441619));
#9493=CARTESIAN_POINT('Ctrl Pts',(-10.,3.38474488467135,24.7620181817595));
#9494=CARTESIAN_POINT('Ctrl Pts',(-9.7,3.38474488467135,24.7620181817595));
#9495=CARTESIAN_POINT('Ctrl Pts',(-10.,3.38574312953918,24.8261448448979));
#9496=CARTESIAN_POINT('Ctrl Pts',(-9.7,3.38574312953918,24.8261448448979));
#9497=CARTESIAN_POINT('Ctrl Pts',(-10.,3.38749758071614,24.9388497565328));
#9498=CARTESIAN_POINT('Ctrl Pts',(-9.7,3.38749758071614,24.9388497565328));
#9499=CARTESIAN_POINT('Ctrl Pts',(-10.,3.43860383294436,25.0387199140145));
#9500=CARTESIAN_POINT('Ctrl Pts',(-9.7,3.43860383294436,25.0387199140145));
#9501=CARTESIAN_POINT('Ctrl Pts',(-10.,3.46063173026004,25.0817661065642));
#9502=CARTESIAN_POINT('Ctrl Pts',(-9.7,3.46063173026004,25.0817661065642));
#9503=CARTESIAN_POINT('',(-10.,3.38474488467135,24.7620181817595));
#9504=CARTESIAN_POINT('Ctrl Pts',(-10.,3.38474488467135,24.7620181817595));
#9505=CARTESIAN_POINT('Ctrl Pts',(-10.,3.38574312953918,24.8261448448979));
#9506=CARTESIAN_POINT('Ctrl Pts',(-10.,3.38749758071614,24.9388497565328));
#9507=CARTESIAN_POINT('Ctrl Pts',(-10.,3.43860383294436,25.0387199140145));
#9508=CARTESIAN_POINT('Ctrl Pts',(-10.,3.46063173026004,25.0817661065642));
#9509=CARTESIAN_POINT('',(-9.7,3.38474488467135,24.7620181817595));
#9510=CARTESIAN_POINT('',(-10.,3.38474488467135,24.7620181817595));
#9511=CARTESIAN_POINT('Ctrl Pts',(-9.7,3.38474488467135,24.7620181817595));
#9512=CARTESIAN_POINT('Ctrl Pts',(-9.7,3.38574312953918,24.8261448448979));
#9513=CARTESIAN_POINT('Ctrl Pts',(-9.7,3.38749758071614,24.9388497565328));
#9514=CARTESIAN_POINT('Ctrl Pts',(-9.7,3.43860383294436,25.0387199140145));
#9515=CARTESIAN_POINT('Ctrl Pts',(-9.7,3.46063173026004,25.0817661065642));
#9516=CARTESIAN_POINT('Ctrl Pts',(-10.,3.48876944393077,24.4124277014319));
#9517=CARTESIAN_POINT('Ctrl Pts',(-9.7,3.48876944393077,24.4124277014319));
#9518=CARTESIAN_POINT('Ctrl Pts',(-10.,3.45851688264668,24.4598174596292));
#9519=CARTESIAN_POINT('Ctrl Pts',(-9.7,3.45851688264668,24.4598174596292));
#9520=CARTESIAN_POINT('Ctrl Pts',(-10.,3.39084323095886,24.5658262685923));
#9521=CARTESIAN_POINT('Ctrl Pts',(-9.7,3.39084323095886,24.5658262685923));
#9522=CARTESIAN_POINT('Ctrl Pts',(-10.,3.38691632315815,24.6921601168078));
#9523=CARTESIAN_POINT('Ctrl Pts',(-9.7,3.38691632315815,24.6921601168078));
#9524=CARTESIAN_POINT('Ctrl Pts',(-10.,3.38474488467135,24.7620181817595));
#9525=CARTESIAN_POINT('Ctrl Pts',(-9.7,3.38474488467135,24.7620181817595));
#9526=CARTESIAN_POINT('',(-10.,3.48876944393077,24.4124277014319));
#9527=CARTESIAN_POINT('Ctrl Pts',(-10.,3.48876944393077,24.4124277014319));
#9528=CARTESIAN_POINT('Ctrl Pts',(-10.,3.45851688264668,24.4598174596292));
#9529=CARTESIAN_POINT('Ctrl Pts',(-10.,3.39084323095886,24.5658262685923));
#9530=CARTESIAN_POINT('Ctrl Pts',(-10.,3.38691632315815,24.6921601168078));
#9531=CARTESIAN_POINT('Ctrl Pts',(-10.,3.38474488467135,24.7620181817595));
#9532=CARTESIAN_POINT('',(-9.7,3.48876944393077,24.4124277014319));
#9533=CARTESIAN_POINT('',(-10.,3.48876944393077,24.4124277014319));
#9534=CARTESIAN_POINT('Ctrl Pts',(-9.7,3.48876944393077,24.4124277014319));
#9535=CARTESIAN_POINT('Ctrl Pts',(-9.7,3.45851688264668,24.4598174596292));
#9536=CARTESIAN_POINT('Ctrl Pts',(-9.7,3.39084323095886,24.5658262685923));
#9537=CARTESIAN_POINT('Ctrl Pts',(-9.7,3.38691632315815,24.6921601168078));
#9538=CARTESIAN_POINT('Ctrl Pts',(-9.7,3.38474488467135,24.7620181817595));
#9539=CARTESIAN_POINT('Ctrl Pts',(-10.,3.75309413880267,24.3254561800544));
#9540=CARTESIAN_POINT('Ctrl Pts',(-9.7,3.75309413880267,24.3254561800544));
#9541=CARTESIAN_POINT('Ctrl Pts',(-10.,3.69762684098033,24.3266808221965));
#9542=CARTESIAN_POINT('Ctrl Pts',(-9.7,3.69762684098033,24.3266808221965));
#9543=CARTESIAN_POINT('Ctrl Pts',(-10.,3.59982463303063,24.3288401613055));
#9544=CARTESIAN_POINT('Ctrl Pts',(-9.7,3.59982463303063,24.3288401613055));
#9545=CARTESIAN_POINT('Ctrl Pts',(-10.,3.52231880982492,24.387176211694));
#9546=CARTESIAN_POINT('Ctrl Pts',(-9.7,3.52231880982492,24.387176211694));
#9547=CARTESIAN_POINT('Ctrl Pts',(-10.,3.48876944393077,24.4124277014319));
#9548=CARTESIAN_POINT('Ctrl Pts',(-9.7,3.48876944393077,24.4124277014319));
#9549=CARTESIAN_POINT('',(-10.,3.75309413880267,24.3254561800544));
#9550=CARTESIAN_POINT('Ctrl Pts',(-10.,3.75309413880267,24.3254561800544));
#9551=CARTESIAN_POINT('Ctrl Pts',(-10.,3.69762684098033,24.3266808221965));
#9552=CARTESIAN_POINT('Ctrl Pts',(-10.,3.59982463303063,24.3288401613055));
#9553=CARTESIAN_POINT('Ctrl Pts',(-10.,3.52231880982492,24.387176211694));
#9554=CARTESIAN_POINT('Ctrl Pts',(-10.,3.48876944393077,24.4124277014319));
#9555=CARTESIAN_POINT('',(-9.7,3.75309413880267,24.3254561800544));
#9556=CARTESIAN_POINT('',(-10.,3.75309413880267,24.3254561800544));
#9557=CARTESIAN_POINT('Ctrl Pts',(-9.7,3.75309413880267,24.3254561800544));
#9558=CARTESIAN_POINT('Ctrl Pts',(-9.7,3.69762684098033,24.3266808221965));
#9559=CARTESIAN_POINT('Ctrl Pts',(-9.7,3.59982463303063,24.3288401613055));
#9560=CARTESIAN_POINT('Ctrl Pts',(-9.7,3.52231880982492,24.387176211694));
#9561=CARTESIAN_POINT('Ctrl Pts',(-9.7,3.48876944393077,24.4124277014319));
#9562=CARTESIAN_POINT('Ctrl Pts',(-10.,3.83324420660891,24.3271617669646));
#9563=CARTESIAN_POINT('Ctrl Pts',(-9.7,3.83324420660891,24.3271617669646));
#9564=CARTESIAN_POINT('Ctrl Pts',(-10.,3.81604999805401,24.3266806264394));
#9565=CARTESIAN_POINT('Ctrl Pts',(-9.7,3.81604999805401,24.3266806264394));
#9566=CARTESIAN_POINT('Ctrl Pts',(-10.,3.78933686331109,24.3259331205777));
#9567=CARTESIAN_POINT('Ctrl Pts',(-9.7,3.78933686331109,24.3259331205777));
#9568=CARTESIAN_POINT('Ctrl Pts',(-10.,3.76261586653728,24.3255814823839));
#9569=CARTESIAN_POINT('Ctrl Pts',(-9.7,3.76261586653728,24.3255814823839));
#9570=CARTESIAN_POINT('Ctrl Pts',(-10.,3.75309413880267,24.3254561800544));
#9571=CARTESIAN_POINT('Ctrl Pts',(-9.7,3.75309413880267,24.3254561800544));
#9572=CARTESIAN_POINT('',(-10.,3.83324420660891,24.3271617669646));
#9573=CARTESIAN_POINT('Ctrl Pts',(-10.,3.83324420660891,24.3271617669646));
#9574=CARTESIAN_POINT('Ctrl Pts',(-10.,3.81604999805401,24.3266806264394));
#9575=CARTESIAN_POINT('Ctrl Pts',(-10.,3.78933686331109,24.3259331205777));
#9576=CARTESIAN_POINT('Ctrl Pts',(-10.,3.76261586653728,24.3255814823839));
#9577=CARTESIAN_POINT('Ctrl Pts',(-10.,3.75309413880267,24.3254561800544));
#9578=CARTESIAN_POINT('',(-9.7,3.83324420660891,24.3271617669646));
#9579=CARTESIAN_POINT('',(-10.,3.83324420660891,24.3271617669646));
#9580=CARTESIAN_POINT('Ctrl Pts',(-9.7,3.83324420660891,24.3271617669646));
#9581=CARTESIAN_POINT('Ctrl Pts',(-9.7,3.81604999805401,24.3266806264394));
#9582=CARTESIAN_POINT('Ctrl Pts',(-9.7,3.78933686331109,24.3259331205777));
#9583=CARTESIAN_POINT('Ctrl Pts',(-9.7,3.76261586653728,24.3255814823839));
#9584=CARTESIAN_POINT('Ctrl Pts',(-9.7,3.75309413880267,24.3254561800544));
#9585=CARTESIAN_POINT('Ctrl Pts',(-10.,3.93897420376697,24.8745696324889));
#9586=CARTESIAN_POINT('Ctrl Pts',(-9.7,3.93897420376697,24.8745696324889));
#9587=CARTESIAN_POINT('Ctrl Pts',(-10.,3.92587500558299,24.7663660931124));
#9588=CARTESIAN_POINT('Ctrl Pts',(-9.7,3.92587500558299,24.7663660931124));
#9589=CARTESIAN_POINT('Ctrl Pts',(-10.,3.90347129720869,24.58130434298));
#9590=CARTESIAN_POINT('Ctrl Pts',(-9.7,3.90347129720869,24.58130434298));
#9591=CARTESIAN_POINT('Ctrl Pts',(-10.,3.85385175599839,24.4017377695083));
#9592=CARTESIAN_POINT('Ctrl Pts',(-9.7,3.85385175599839,24.4017377695083));
#9593=CARTESIAN_POINT('Ctrl Pts',(-10.,3.83324420660891,24.3271617669646));
#9594=CARTESIAN_POINT('Ctrl Pts',(-9.7,3.83324420660891,24.3271617669646));
#9595=CARTESIAN_POINT('',(-10.,3.93897420376697,24.8745696324889));
#9596=CARTESIAN_POINT('Ctrl Pts',(-10.,3.93897420376697,24.8745696324889));
#9597=CARTESIAN_POINT('Ctrl Pts',(-10.,3.92587500558299,24.7663660931124));
#9598=CARTESIAN_POINT('Ctrl Pts',(-10.,3.90347129720869,24.58130434298));
#9599=CARTESIAN_POINT('Ctrl Pts',(-10.,3.85385175599839,24.4017377695083));
#9600=CARTESIAN_POINT('Ctrl Pts',(-10.,3.83324420660891,24.3271617669646));
#9601=CARTESIAN_POINT('',(-9.7,3.93897420376697,24.8745696324889));
#9602=CARTESIAN_POINT('',(-10.,3.93897420376697,24.8745696324889));
#9603=CARTESIAN_POINT('Ctrl Pts',(-9.7,3.93897420376697,24.8745696324889));
#9604=CARTESIAN_POINT('Ctrl Pts',(-9.7,3.92587500558299,24.7663660931124));
#9605=CARTESIAN_POINT('Ctrl Pts',(-9.7,3.90347129720869,24.58130434298));
#9606=CARTESIAN_POINT('Ctrl Pts',(-9.7,3.85385175599839,24.4017377695083));
#9607=CARTESIAN_POINT('Ctrl Pts',(-9.7,3.83324420660891,24.3271617669646));
#9608=CARTESIAN_POINT('Ctrl Pts',(-10.,3.98501789778628,25.1474206227843));
#9609=CARTESIAN_POINT('Ctrl Pts',(-9.7,3.98501789778628,25.1474206227843));
#9610=CARTESIAN_POINT('Ctrl Pts',(-10.,3.9766998857291,25.1097068271818));
#9611=CARTESIAN_POINT('Ctrl Pts',(-9.7,3.9766998857291,25.1097068271818));
#9612=CARTESIAN_POINT('Ctrl Pts',(-10.,3.95681442298141,25.0195463089748));
#9613=CARTESIAN_POINT('Ctrl Pts',(-9.7,3.95681442298141,25.0195463089748));
#9614=CARTESIAN_POINT('Ctrl Pts',(-10.,3.94553530839965,24.9278877634092));
#9615=CARTESIAN_POINT('Ctrl Pts',(-9.7,3.94553530839965,24.9278877634092));
#9616=CARTESIAN_POINT('Ctrl Pts',(-10.,3.93897420376697,24.8745696324889));
#9617=CARTESIAN_POINT('Ctrl Pts',(-9.7,3.93897420376697,24.8745696324889));
#9618=CARTESIAN_POINT('',(-10.,3.98501789778628,25.1474206227843));
#9619=CARTESIAN_POINT('Ctrl Pts',(-10.,3.98501789778628,25.1474206227843));
#9620=CARTESIAN_POINT('Ctrl Pts',(-10.,3.9766998857291,25.1097068271818));
#9621=CARTESIAN_POINT('Ctrl Pts',(-10.,3.95681442298141,25.0195463089748));
#9622=CARTESIAN_POINT('Ctrl Pts',(-10.,3.94553530839965,24.9278877634092));
#9623=CARTESIAN_POINT('Ctrl Pts',(-10.,3.93897420376697,24.8745696324889));
#9624=CARTESIAN_POINT('',(-9.7,3.98501789778628,25.1474206227843));
#9625=CARTESIAN_POINT('',(-10.,3.98501789778628,25.1474206227843));
#9626=CARTESIAN_POINT('Ctrl Pts',(-9.7,3.98501789778628,25.1474206227843));
#9627=CARTESIAN_POINT('Ctrl Pts',(-9.7,3.9766998857291,25.1097068271818));
#9628=CARTESIAN_POINT('Ctrl Pts',(-9.7,3.95681442298141,25.0195463089748));
#9629=CARTESIAN_POINT('Ctrl Pts',(-9.7,3.94553530839965,24.9278877634092));
#9630=CARTESIAN_POINT('Ctrl Pts',(-9.7,3.93897420376697,24.8745696324889));
#9631=CARTESIAN_POINT('Ctrl Pts',(-10.,4.08563173026004,25.368259705979));
#9632=CARTESIAN_POINT('Ctrl Pts',(-9.7,4.08563173026004,25.368259705979));
#9633=CARTESIAN_POINT('Ctrl Pts',(-10.,4.06471188174413,25.334177414264));
#9634=CARTESIAN_POINT('Ctrl Pts',(-9.7,4.06471188174413,25.334177414264));
#9635=CARTESIAN_POINT('Ctrl Pts',(-10.,4.02208098415644,25.2647238191985));
#9636=CARTESIAN_POINT('Ctrl Pts',(-9.7,4.02208098415644,25.2647238191985));
#9637=CARTESIAN_POINT('Ctrl Pts',(-10.,3.99752417912702,25.1870025065452));
#9638=CARTESIAN_POINT('Ctrl Pts',(-9.7,3.99752417912702,25.1870025065452));
#9639=CARTESIAN_POINT('Ctrl Pts',(-10.,3.98501789778628,25.1474206227843));
#9640=CARTESIAN_POINT('Ctrl Pts',(-9.7,3.98501789778628,25.1474206227843));
#9641=CARTESIAN_POINT('',(-10.,4.08563173026004,25.368259705979));
#9642=CARTESIAN_POINT('Ctrl Pts',(-10.,4.08563173026004,25.368259705979));
#9643=CARTESIAN_POINT('Ctrl Pts',(-10.,4.06471188174413,25.334177414264));
#9644=CARTESIAN_POINT('Ctrl Pts',(-10.,4.02208098415644,25.2647238191985));
#9645=CARTESIAN_POINT('Ctrl Pts',(-10.,3.99752417912702,25.1870025065452));
#9646=CARTESIAN_POINT('Ctrl Pts',(-10.,3.98501789778628,25.1474206227843));
#9647=CARTESIAN_POINT('',(-9.7,4.08563173026004,25.368259705979));
#9648=CARTESIAN_POINT('',(-10.,4.08563173026004,25.368259705979));
#9649=CARTESIAN_POINT('Ctrl Pts',(-9.7,4.08563173026004,25.368259705979));
#9650=CARTESIAN_POINT('Ctrl Pts',(-9.7,4.06471188174413,25.334177414264));
#9651=CARTESIAN_POINT('Ctrl Pts',(-9.7,4.02208098415644,25.2647238191985));
#9652=CARTESIAN_POINT('Ctrl Pts',(-9.7,3.99752417912702,25.1870025065452));
#9653=CARTESIAN_POINT('Ctrl Pts',(-9.7,3.98501789778628,25.1474206227843));
#9654=CARTESIAN_POINT('Ctrl Pts',(-10.,4.26213240832248,25.5268545527045));
#9655=CARTESIAN_POINT('Ctrl Pts',(-9.7,4.26213240832248,25.5268545527045));
#9656=CARTESIAN_POINT('Ctrl Pts',(-10.,4.22745323933911,25.5053653228261));
#9657=CARTESIAN_POINT('Ctrl Pts',(-9.7,4.22745323933911,25.5053653228261));
#9658=CARTESIAN_POINT('Ctrl Pts',(-10.,4.1591269601305,25.4630263866953));
#9659=CARTESIAN_POINT('Ctrl Pts',(-9.7,4.1591269601305,25.4630263866953));
#9660=CARTESIAN_POINT('Ctrl Pts',(-10.,4.10988219515299,25.3995288926702));
#9661=CARTESIAN_POINT('Ctrl Pts',(-9.7,4.10988219515299,25.3995288926702));
#9662=CARTESIAN_POINT('Ctrl Pts',(-10.,4.08563173026004,25.368259705979));
#9663=CARTESIAN_POINT('Ctrl Pts',(-9.7,4.08563173026004,25.368259705979));
#9664=CARTESIAN_POINT('',(-10.,4.26213240832248,25.5268545527045));
#9665=CARTESIAN_POINT('Ctrl Pts',(-10.,4.26213240832248,25.5268545527045));
#9666=CARTESIAN_POINT('Ctrl Pts',(-10.,4.22745323933911,25.5053653228261));
#9667=CARTESIAN_POINT('Ctrl Pts',(-10.,4.1591269601305,25.4630263866953));
#9668=CARTESIAN_POINT('Ctrl Pts',(-10.,4.10988219515299,25.3995288926702));
#9669=CARTESIAN_POINT('Ctrl Pts',(-10.,4.08563173026004,25.368259705979));
#9670=CARTESIAN_POINT('',(-9.7,4.26213240832248,25.5268545527045));
#9671=CARTESIAN_POINT('',(-10.,4.26213240832248,25.5268545527045));
#9672=CARTESIAN_POINT('Ctrl Pts',(-9.7,4.26213240832248,25.5268545527045));
#9673=CARTESIAN_POINT('Ctrl Pts',(-9.7,4.22745323933911,25.5053653228261));
#9674=CARTESIAN_POINT('Ctrl Pts',(-9.7,4.1591269601305,25.4630263866953));
#9675=CARTESIAN_POINT('Ctrl Pts',(-9.7,4.10988219515299,25.3995288926702));
#9676=CARTESIAN_POINT('Ctrl Pts',(-9.7,4.08563173026004,25.368259705979));
#9677=CARTESIAN_POINT('Ctrl Pts',(-10.,4.50514054507174,25.5873935002868));
#9678=CARTESIAN_POINT('Ctrl Pts',(-9.7,4.50514054507174,25.5873935002868));
#9679=CARTESIAN_POINT('Ctrl Pts',(-10.,4.46204786858853,25.5850272145688));
#9680=CARTESIAN_POINT('Ctrl Pts',(-9.7,4.46204786858853,25.5850272145688));
#9681=CARTESIAN_POINT('Ctrl Pts',(-10.,4.37714731190771,25.5803651932902));
#9682=CARTESIAN_POINT('Ctrl Pts',(-9.7,4.37714731190771,25.5803651932902));
#9683=CARTESIAN_POINT('Ctrl Pts',(-10.,4.30008196739284,25.5445105707726));
#9684=CARTESIAN_POINT('Ctrl Pts',(-9.7,4.30008196739284,25.5445105707726));
#9685=CARTESIAN_POINT('Ctrl Pts',(-10.,4.26213240832248,25.5268545527045));
#9686=CARTESIAN_POINT('Ctrl Pts',(-9.7,4.26213240832248,25.5268545527045));
#9687=CARTESIAN_POINT('',(-10.,4.50514054507174,25.5873935002868));
#9688=CARTESIAN_POINT('Ctrl Pts',(-10.,4.50514054507174,25.5873935002868));
#9689=CARTESIAN_POINT('Ctrl Pts',(-10.,4.46204786858853,25.5850272145688));
#9690=CARTESIAN_POINT('Ctrl Pts',(-10.,4.37714731190771,25.5803651932902));
#9691=CARTESIAN_POINT('Ctrl Pts',(-10.,4.30008196739284,25.5445105707726));
#9692=CARTESIAN_POINT('Ctrl Pts',(-10.,4.26213240832248,25.5268545527045));
#9693=CARTESIAN_POINT('',(-9.7,4.50514054507174,25.5873935002868));
#9694=CARTESIAN_POINT('',(-10.,4.50514054507174,25.5873935002868));
#9695=CARTESIAN_POINT('Ctrl Pts',(-9.7,4.50514054507174,25.5873935002868));
#9696=CARTESIAN_POINT('Ctrl Pts',(-9.7,4.46204786858853,25.5850272145688));
#9697=CARTESIAN_POINT('Ctrl Pts',(-9.7,4.37714731190771,25.5803651932902));
#9698=CARTESIAN_POINT('Ctrl Pts',(-9.7,4.30008196739284,25.5445105707726));
#9699=CARTESIAN_POINT('Ctrl Pts',(-9.7,4.26213240832248,25.5268545527045));
#9700=CARTESIAN_POINT('Ctrl Pts',(-10.,4.87775302142062,25.4270933646743));
#9701=CARTESIAN_POINT('Ctrl Pts',(-9.7,4.87775302142062,25.4270933646743));
#9702=CARTESIAN_POINT('Ctrl Pts',(-10.,4.82529639999956,25.4738454166345));
#9703=CARTESIAN_POINT('Ctrl Pts',(-9.7,4.82529639999956,25.4738454166345));
#9704=CARTESIAN_POINT('Ctrl Pts',(-10.,4.71900146657928,25.5685809546037));
#9705=CARTESIAN_POINT('Ctrl Pts',(-9.7,4.71900146657928,25.5685809546037));
#9706=CARTESIAN_POINT('Ctrl Pts',(-10.,4.5770426100452,25.5810685444581));
#9707=CARTESIAN_POINT('Ctrl Pts',(-9.7,4.5770426100452,25.5810685444581));
#9708=CARTESIAN_POINT('Ctrl Pts',(-10.,4.50514054507174,25.5873935002868));
#9709=CARTESIAN_POINT('Ctrl Pts',(-9.7,4.50514054507174,25.5873935002868));
#9710=CARTESIAN_POINT('',(-10.,4.87775302142062,25.4270933646743));
#9711=CARTESIAN_POINT('Ctrl Pts',(-10.,4.87775302142062,25.4270933646743));
#9712=CARTESIAN_POINT('Ctrl Pts',(-10.,4.82529639999956,25.4738454166345));
#9713=CARTESIAN_POINT('Ctrl Pts',(-10.,4.71900146657928,25.5685809546037));
#9714=CARTESIAN_POINT('Ctrl Pts',(-10.,4.5770426100452,25.5810685444581));
#9715=CARTESIAN_POINT('Ctrl Pts',(-10.,4.50514054507174,25.5873935002868));
#9716=CARTESIAN_POINT('',(-9.7,4.87775302142062,25.4270933646743));
#9717=CARTESIAN_POINT('',(-10.,4.87775302142062,25.4270933646743));
#9718=CARTESIAN_POINT('Ctrl Pts',(-9.7,4.87775302142062,25.4270933646743));
#9719=CARTESIAN_POINT('Ctrl Pts',(-9.7,4.82529639999956,25.4738454166345));
#9720=CARTESIAN_POINT('Ctrl Pts',(-9.7,4.71900146657928,25.5685809546037));
#9721=CARTESIAN_POINT('Ctrl Pts',(-9.7,4.5770426100452,25.5810685444581));
#9722=CARTESIAN_POINT('Ctrl Pts',(-9.7,4.50514054507174,25.5873935002868));
#9723=CARTESIAN_POINT('Ctrl Pts',(-10.,5.02355820149341,24.9683620113913));
#9724=CARTESIAN_POINT('Ctrl Pts',(-9.7,5.02355820149341,24.9683620113913));
#9725=CARTESIAN_POINT('Ctrl Pts',(-10.,5.01992299312443,25.0591913106228));
#9726=CARTESIAN_POINT('Ctrl Pts',(-9.7,5.01992299312443,25.0591913106228));
#9727=CARTESIAN_POINT('Ctrl Pts',(-10.,5.01323906786556,25.2261958357448));
#9728=CARTESIAN_POINT('Ctrl Pts',(-9.7,5.01323906786556,25.2261958357448));
#9729=CARTESIAN_POINT('Ctrl Pts',(-10.,4.92019356241954,25.3641629003436));
#9730=CARTESIAN_POINT('Ctrl Pts',(-9.7,4.92019356241954,25.3641629003436));
#9731=CARTESIAN_POINT('Ctrl Pts',(-10.,4.87775302142062,25.4270933646743));
#9732=CARTESIAN_POINT('Ctrl Pts',(-9.7,4.87775302142062,25.4270933646743));
#9733=CARTESIAN_POINT('',(-10.,5.02355820149341,24.9683620113913));
#9734=CARTESIAN_POINT('Ctrl Pts',(-10.,5.02355820149341,24.9683620113913));
#9735=CARTESIAN_POINT('Ctrl Pts',(-10.,5.01992299312443,25.0591913106228));
#9736=CARTESIAN_POINT('Ctrl Pts',(-10.,5.01323906786556,25.2261958357448));
#9737=CARTESIAN_POINT('Ctrl Pts',(-10.,4.92019356241954,25.3641629003436));
#9738=CARTESIAN_POINT('Ctrl Pts',(-10.,4.87775302142062,25.4270933646743));
#9739=CARTESIAN_POINT('',(-9.7,5.02355820149341,24.9683620113913));
#9740=CARTESIAN_POINT('',(-10.,5.02355820149341,24.9683620113913));
#9741=CARTESIAN_POINT('Ctrl Pts',(-9.7,5.02355820149341,24.9683620113913));
#9742=CARTESIAN_POINT('Ctrl Pts',(-9.7,5.01992299312443,25.0591913106228));
#9743=CARTESIAN_POINT('Ctrl Pts',(-9.7,5.01323906786556,25.2261958357448));
#9744=CARTESIAN_POINT('Ctrl Pts',(-9.7,4.92019356241954,25.3641629003436));
#9745=CARTESIAN_POINT('Ctrl Pts',(-9.7,4.87775302142062,25.4270933646743));
#9746=CARTESIAN_POINT('Ctrl Pts',(-10.,4.96387189835467,24.6298559088294));
#9747=CARTESIAN_POINT('Ctrl Pts',(-9.7,4.96387189835467,24.6298559088294));
#9748=CARTESIAN_POINT('Ctrl Pts',(-10.,4.98127893644715,24.6839127255448));
#9749=CARTESIAN_POINT('Ctrl Pts',(-9.7,4.98127893644715,24.6839127255448));
#9750=CARTESIAN_POINT('Ctrl Pts',(-10.,5.01672231456705,24.7939806293791));
#9751=CARTESIAN_POINT('Ctrl Pts',(-9.7,5.01672231456705,24.7939806293791));
#9752=CARTESIAN_POINT('Ctrl Pts',(-10.,5.02125275963126,24.9095508955257));
#9753=CARTESIAN_POINT('Ctrl Pts',(-9.7,5.02125275963126,24.9095508955257));
#9754=CARTESIAN_POINT('Ctrl Pts',(-10.,5.02355820149341,24.9683620113913));
#9755=CARTESIAN_POINT('Ctrl Pts',(-9.7,5.02355820149341,24.9683620113913));
#9756=CARTESIAN_POINT('',(-10.,4.96387189835467,24.6298559088294));
#9757=CARTESIAN_POINT('Ctrl Pts',(-10.,4.96387189835467,24.6298559088294));
#9758=CARTESIAN_POINT('Ctrl Pts',(-10.,4.98127893644715,24.6839127255448));
#9759=CARTESIAN_POINT('Ctrl Pts',(-10.,5.01672231456705,24.7939806293791));
#9760=CARTESIAN_POINT('Ctrl Pts',(-10.,5.02125275963126,24.9095508955257));
#9761=CARTESIAN_POINT('Ctrl Pts',(-10.,5.02355820149341,24.9683620113913));
#9762=CARTESIAN_POINT('',(-9.7,4.96387189835467,24.6298559088294));
#9763=CARTESIAN_POINT('',(-10.,4.96387189835467,24.6298559088294));
#9764=CARTESIAN_POINT('Ctrl Pts',(-9.7,4.96387189835467,24.6298559088294));
#9765=CARTESIAN_POINT('Ctrl Pts',(-9.7,4.98127893644715,24.6839127255448));
#9766=CARTESIAN_POINT('Ctrl Pts',(-9.7,5.01672231456705,24.7939806293791));
#9767=CARTESIAN_POINT('Ctrl Pts',(-9.7,5.02125275963126,24.9095508955257));
#9768=CARTESIAN_POINT('Ctrl Pts',(-9.7,5.02355820149341,24.9683620113913));
#9769=CARTESIAN_POINT('Ctrl Pts',(-10.,4.75923335760989,24.3015818376128));
#9770=CARTESIAN_POINT('Ctrl Pts',(-9.7,4.75923335760989,24.3015818376128));
#9771=CARTESIAN_POINT('Ctrl Pts',(-10.,4.8031336866826,24.3557068450481));
#9772=CARTESIAN_POINT('Ctrl Pts',(-9.7,4.8031336866826,24.3557068450481));
#9773=CARTESIAN_POINT('Ctrl Pts',(-10.,4.88505168309448,24.4567040871766));
#9774=CARTESIAN_POINT('Ctrl Pts',(-9.7,4.88505168309448,24.4567040871766));
#9775=CARTESIAN_POINT('Ctrl Pts',(-10.,4.93888716379245,24.5749695793684));
#9776=CARTESIAN_POINT('Ctrl Pts',(-9.7,4.93888716379245,24.5749695793684));
#9777=CARTESIAN_POINT('Ctrl Pts',(-10.,4.96387189835467,24.6298559088294));
#9778=CARTESIAN_POINT('Ctrl Pts',(-9.7,4.96387189835467,24.6298559088294));
#9779=CARTESIAN_POINT('',(-10.,4.75923335760989,24.3015818376128));
#9780=CARTESIAN_POINT('Ctrl Pts',(-10.,4.75923335760989,24.3015818376128));
#9781=CARTESIAN_POINT('Ctrl Pts',(-10.,4.8031336866826,24.3557068450481));
#9782=CARTESIAN_POINT('Ctrl Pts',(-10.,4.88505168309448,24.4567040871766));
#9783=CARTESIAN_POINT('Ctrl Pts',(-10.,4.93888716379245,24.5749695793684));
#9784=CARTESIAN_POINT('Ctrl Pts',(-10.,4.96387189835467,24.6298559088294));
#9785=CARTESIAN_POINT('',(-9.7,4.75923335760989,24.3015818376128));
#9786=CARTESIAN_POINT('',(-10.,4.75923335760989,24.3015818376128));
#9787=CARTESIAN_POINT('Ctrl Pts',(-9.7,4.75923335760989,24.3015818376128));
#9788=CARTESIAN_POINT('Ctrl Pts',(-9.7,4.8031336866826,24.3557068450481));
#9789=CARTESIAN_POINT('Ctrl Pts',(-9.7,4.88505168309448,24.4567040871766));
#9790=CARTESIAN_POINT('Ctrl Pts',(-9.7,4.93888716379245,24.5749695793684));
#9791=CARTESIAN_POINT('Ctrl Pts',(-9.7,4.96387189835467,24.6298559088294));
#9792=CARTESIAN_POINT('Ctrl Pts',(-10.,4.98263037413516,24.240190245587));
#9793=CARTESIAN_POINT('Ctrl Pts',(-9.7,4.98263037413516,24.240190245587));
#9794=CARTESIAN_POINT('Ctrl Pts',(-10.,4.9485204272046,24.2547775550679));
#9795=CARTESIAN_POINT('Ctrl Pts',(-9.7,4.9485204272046,24.2547775550679));
#9796=CARTESIAN_POINT('Ctrl Pts',(-10.,4.87689542291562,24.2854083885387));
#9797=CARTESIAN_POINT('Ctrl Pts',(-9.7,4.87689542291562,24.2854083885387));
#9798=CARTESIAN_POINT('Ctrl Pts',(-10.,4.79967771014394,24.29602248699));
#9799=CARTESIAN_POINT('Ctrl Pts',(-9.7,4.79967771014394,24.29602248699));
#9800=CARTESIAN_POINT('Ctrl Pts',(-10.,4.75923335760989,24.3015818376128));
#9801=CARTESIAN_POINT('Ctrl Pts',(-9.7,4.75923335760989,24.3015818376128));
#9802=CARTESIAN_POINT('Ctrl Pts',(-10.,4.98263037413516,24.240190245587));
#9803=CARTESIAN_POINT('Ctrl Pts',(-10.,4.9485204272046,24.2547775550679));
#9804=CARTESIAN_POINT('Ctrl Pts',(-10.,4.87689542291562,24.2854083885387));
#9805=CARTESIAN_POINT('Ctrl Pts',(-10.,4.79967771014394,24.29602248699));
#9806=CARTESIAN_POINT('Ctrl Pts',(-10.,4.75923335760989,24.3015818376128));
#9807=CARTESIAN_POINT('Ctrl Pts',(-9.7,4.98263037413516,24.240190245587));
#9808=CARTESIAN_POINT('Ctrl Pts',(-9.7,4.9485204272046,24.2547775550679));
#9809=CARTESIAN_POINT('Ctrl Pts',(-9.7,4.87689542291562,24.2854083885387));
#9810=CARTESIAN_POINT('Ctrl Pts',(-9.7,4.79967771014394,24.29602248699));
#9811=CARTESIAN_POINT('Ctrl Pts',(-9.7,4.75923335760989,24.3015818376128));
#9812=CARTESIAN_POINT('Origin',(-9.7,3.75309428781428,24.1753879081492));
#9813=CARTESIAN_POINT('Origin',(-10.,2.77765086501994,27.6440103430335));
#9814=CARTESIAN_POINT('',(-10.,2.77765086501994,27.6440103430335));
#9815=CARTESIAN_POINT('',(-10.,4.98263037413516,27.6440103430335));
#9816=CARTESIAN_POINT('',(-10.,1.38882543250997,27.6440103430335));
#9817=CARTESIAN_POINT('',(-9.7,2.77765086501994,27.6440103430335));
#9818=CARTESIAN_POINT('',(-10.,2.77765086501994,27.6440103430335));
#9819=CARTESIAN_POINT('',(-9.7,4.98263037413516,27.6440103430335));
#9820=CARTESIAN_POINT('',(-9.7,2.77765086501994,27.6440103430335));
#9821=CARTESIAN_POINT('',(-10.,4.98263037413516,27.6440103430335));
#9822=CARTESIAN_POINT('Origin',(-10.,2.77765086501994,26.8169298846309));
#9823=CARTESIAN_POINT('',(-10.,2.77765086501994,26.8169298846309));
#9824=CARTESIAN_POINT('',(-10.,2.77765086501994,13.4084649423154));
#9825=CARTESIAN_POINT('',(-9.7,2.77765086501994,26.8169298846309));
#9826=CARTESIAN_POINT('',(-10.,2.77765086501994,26.8169298846309));
#9827=CARTESIAN_POINT('',(-9.7,2.77765086501994,26.8169298846309));
#9828=CARTESIAN_POINT('Origin',(-10.,2.48263037413516,26.8169298846309));
#9829=CARTESIAN_POINT('',(-10.,2.48263037413516,26.8169298846309));
#9830=CARTESIAN_POINT('',(-10.,1.24131518706758,26.8169298846309));
#9831=CARTESIAN_POINT('',(-9.7,2.48263037413516,26.8169298846309));
#9832=CARTESIAN_POINT('',(-10.,2.48263037413516,26.8169298846309));
#9833=CARTESIAN_POINT('',(-9.7,2.48263037413516,26.8169298846309));
#9834=CARTESIAN_POINT('Origin',(-10.,2.48263037413516,28.7985123399679));
#9835=CARTESIAN_POINT('',(-10.,2.48263037413516,28.7985123399679));
#9836=CARTESIAN_POINT('',(-10.,2.48263037413516,14.3992561699839));
#9837=CARTESIAN_POINT('',(-9.7,2.48263037413516,28.7985123399679));
#9838=CARTESIAN_POINT('',(-10.,2.48263037413516,28.7985123399679));
#9839=CARTESIAN_POINT('',(-9.7,2.48263037413516,28.7985123399679));
#9840=CARTESIAN_POINT('Origin',(-10.,2.77765086501994,28.7985123399679));
#9841=CARTESIAN_POINT('',(-10.,2.77765086501994,28.7985123399679));
#9842=CARTESIAN_POINT('',(-10.,1.38882543250997,28.7985123399679));
#9843=CARTESIAN_POINT('',(-9.7,2.77765086501994,28.7985123399679));
#9844=CARTESIAN_POINT('',(-10.,2.77765086501994,28.7985123399679));
#9845=CARTESIAN_POINT('',(-9.7,2.77765086501994,28.7985123399679));
#9846=CARTESIAN_POINT('Origin',(-10.,2.77765086501994,27.9748424965922));
#9847=CARTESIAN_POINT('',(-10.,2.77765086501994,27.9748424965922));
#9848=CARTESIAN_POINT('',(-10.,2.77765086501994,13.9874212482961));
#9849=CARTESIAN_POINT('',(-9.7,2.77765086501994,27.9748424965922));
#9850=CARTESIAN_POINT('',(-10.,2.77765086501994,27.9748424965922));
#9851=CARTESIAN_POINT('',(-9.7,2.77765086501994,27.9748424965922));
#9852=CARTESIAN_POINT('Origin',(-10.,4.98263037413516,27.9748424965922));
#9853=CARTESIAN_POINT('',(-10.,4.98263037413516,27.9748424965922));
#9854=CARTESIAN_POINT('',(-10.,2.49131518706758,27.9748424965922));
#9855=CARTESIAN_POINT('',(-9.7,4.98263037413516,27.9748424965922));
#9856=CARTESIAN_POINT('',(-10.,4.98263037413516,27.9748424965922));
#9857=CARTESIAN_POINT('',(-9.7,4.98263037413516,27.9748424965922));
#9858=CARTESIAN_POINT('Origin',(-10.,4.98263037413516,27.6440103430335));
#9859=CARTESIAN_POINT('',(-10.,4.98263037413516,13.8220051715167));
#9860=CARTESIAN_POINT('',(-9.7,4.98263037413516,27.6440103430335));
#9861=CARTESIAN_POINT('Origin',(-9.7,3.75309428781428,24.1753879081492));
#9862=CARTESIAN_POINT('Origin',(-10.,0.,0.));
#9863=CARTESIAN_POINT('Origin',(-10.,0.,0.));
#9864=CARTESIAN_POINT('Origin',(68.,6.43562394879498,43.));
#9865=CARTESIAN_POINT('',(68.,6.,44.45));
#9866=CARTESIAN_POINT('Origin',(68.,6.,43.));
#9867=CARTESIAN_POINT('',(68.,6.87124789758996,43.));
#9868=CARTESIAN_POINT('',(68.,6.43562394879498,43.725));
#9869=CARTESIAN_POINT('Origin',(68.,3.,43.));
#9870=CARTESIAN_POINT('',(68.,0.,44.45));
#9871=CARTESIAN_POINT('Origin',(68.,0.,43.));
#9872=CARTESIAN_POINT('',(68.,3.,44.45));
#9873=CARTESIAN_POINT('Origin',(68.,6.43562394879498,-5.));
#9874=CARTESIAN_POINT('',(68.,6.,-3.55));
#9875=CARTESIAN_POINT('Origin',(68.,6.,-5.));
#9876=CARTESIAN_POINT('',(68.,6.87124789758996,-5.));
#9877=CARTESIAN_POINT('',(68.,6.43562394879498,-4.275));
#9878=CARTESIAN_POINT('Origin',(68.,3.,-5.));
#9879=CARTESIAN_POINT('',(68.,0.,-3.55));
#9880=CARTESIAN_POINT('Origin',(68.,0.,-5.));
#9881=CARTESIAN_POINT('',(68.,3.,-3.55));
#9882=CARTESIAN_POINT('Origin',(-5.,6.43562394879498,-5.));
#9883=CARTESIAN_POINT('',(-5.,6.,-3.55));
#9884=CARTESIAN_POINT('Origin',(-5.,6.,-5.));
#9885=CARTESIAN_POINT('',(-5.,6.87124789758996,-5.));
#9886=CARTESIAN_POINT('',(-5.,6.43562394879498,-4.275));
#9887=CARTESIAN_POINT('Origin',(-5.,3.,-5.));
#9888=CARTESIAN_POINT('',(-5.,0.,-3.55));
#9889=CARTESIAN_POINT('Origin',(-5.,0.,-5.));
#9890=CARTESIAN_POINT('',(-5.,3.,-3.55));
#9891=CARTESIAN_POINT('Origin',(-5.00000007450581,6.43562394879498,43.));
#9892=CARTESIAN_POINT('',(-5.00000007450581,6.,44.45));
#9893=CARTESIAN_POINT('Origin',(-5.00000007450581,6.,43.));
#9894=CARTESIAN_POINT('',(-5.00000007450581,6.87124789758996,43.));
#9895=CARTESIAN_POINT('',(-5.00000007450581,6.43562394879498,43.725));
#9896=CARTESIAN_POINT('Origin',(-5.00000007450581,3.,43.));
#9897=CARTESIAN_POINT('',(-5.00000007450581,0.,44.45));
#9898=CARTESIAN_POINT('Origin',(-5.00000007450581,0.,43.));
#9899=CARTESIAN_POINT('',(-5.00000007450581,3.,44.45));
#9900=CARTESIAN_POINT('Origin',(22.3,1.3,48.));
#9901=CARTESIAN_POINT('',(22.3,1.3,48.));
#9902=CARTESIAN_POINT('',(22.3,5.8,48.));
#9903=CARTESIAN_POINT('',(22.3,0.650000000000001,48.));
#9904=CARTESIAN_POINT('',(22.3,1.3,38.));
#9905=CARTESIAN_POINT('',(22.3,1.3,48.));
#9906=CARTESIAN_POINT('',(22.3,5.8,38.));
#9907=CARTESIAN_POINT('',(22.3,0.650000000000001,38.));
#9908=CARTESIAN_POINT('',(22.3,5.8,48.));
#9909=CARTESIAN_POINT('Origin',(33.7,1.3,48.));
#9910=CARTESIAN_POINT('',(33.7,1.3,48.));
#9911=CARTESIAN_POINT('',(16.85,1.3,48.));
#9912=CARTESIAN_POINT('',(33.7,1.3,38.));
#9913=CARTESIAN_POINT('',(33.7,1.3,48.));
#9914=CARTESIAN_POINT('',(16.85,1.3,38.));
#9915=CARTESIAN_POINT('Origin',(33.7,5.8,48.));
#9916=CARTESIAN_POINT('',(33.7,5.8,48.));
#9917=CARTESIAN_POINT('',(33.7,2.9,48.));
#9918=CARTESIAN_POINT('',(33.7,5.8,38.));
#9919=CARTESIAN_POINT('',(33.7,5.8,48.));
#9920=CARTESIAN_POINT('',(33.7,2.9,38.));
#9921=CARTESIAN_POINT('Origin',(22.3,5.8,48.));
#9922=CARTESIAN_POINT('',(11.15,5.8,48.));
#9923=CARTESIAN_POINT('',(11.15,5.8,38.));
#9924=CARTESIAN_POINT('Origin',(38.8,1.3,-10.));
#9925=CARTESIAN_POINT('',(38.8,1.3,-10.));
#9926=CARTESIAN_POINT('',(38.8,5.8,-10.));
#9927=CARTESIAN_POINT('',(38.8,0.650000000000001,-10.));
#9928=CARTESIAN_POINT('',(38.8,1.3,0.));
#9929=CARTESIAN_POINT('',(38.8,1.3,-10.));
#9930=CARTESIAN_POINT('',(38.8,5.8,0.));
#9931=CARTESIAN_POINT('',(38.8,0.650000000000001,0.));
#9932=CARTESIAN_POINT('',(38.8,5.8,-10.));
#9933=CARTESIAN_POINT('Origin',(21.8,1.3,-10.));
#9934=CARTESIAN_POINT('',(21.8,1.3,-10.));
#9935=CARTESIAN_POINT('',(42.4,1.3,-10.));
#9936=CARTESIAN_POINT('',(21.8,1.3,0.));
#9937=CARTESIAN_POINT('',(21.8,1.3,-10.));
#9938=CARTESIAN_POINT('',(42.4,1.3,0.));
#9939=CARTESIAN_POINT('Origin',(21.8,5.8,-10.));
#9940=CARTESIAN_POINT('',(21.8,5.8,-10.));
#9941=CARTESIAN_POINT('',(21.8,2.9,-10.));
#9942=CARTESIAN_POINT('',(21.8,5.8,0.));
#9943=CARTESIAN_POINT('',(21.8,5.8,-10.));
#9944=CARTESIAN_POINT('',(21.8,2.9,0.));
#9945=CARTESIAN_POINT('Origin',(38.8,5.8,-10.));
#9946=CARTESIAN_POINT('',(50.9,5.8,-10.));
#9947=CARTESIAN_POINT('',(50.9,5.8,0.));
#9948=CARTESIAN_POINT('Origin',(73.,1.3,29.));
#9949=CARTESIAN_POINT('',(73.,1.3,29.));
#9950=CARTESIAN_POINT('',(73.,5.8,29.));
#9951=CARTESIAN_POINT('',(73.,0.650000000000001,29.));
#9952=CARTESIAN_POINT('',(63.,1.3,29.));
#9953=CARTESIAN_POINT('',(73.,1.3,29.));
#9954=CARTESIAN_POINT('',(63.,5.8,29.));
#9955=CARTESIAN_POINT('',(63.,0.650000000000001,29.));
#9956=CARTESIAN_POINT('',(73.,5.8,29.));
#9957=CARTESIAN_POINT('Origin',(73.,1.3,16.5));
#9958=CARTESIAN_POINT('',(73.,1.3,16.5));
#9959=CARTESIAN_POINT('',(73.,1.3,27.25));
#9960=CARTESIAN_POINT('',(63.,1.3,16.5));
#9961=CARTESIAN_POINT('',(73.,1.3,16.5));
#9962=CARTESIAN_POINT('',(63.,1.3,27.25));
#9963=CARTESIAN_POINT('Origin',(73.,5.8,16.5));
#9964=CARTESIAN_POINT('',(73.,5.8,16.5));
#9965=CARTESIAN_POINT('',(73.,2.9,16.5));
#9966=CARTESIAN_POINT('',(63.,5.8,16.5));
#9967=CARTESIAN_POINT('',(73.,5.8,16.5));
#9968=CARTESIAN_POINT('',(63.,2.9,16.5));
#9969=CARTESIAN_POINT('Origin',(73.,5.8,29.));
#9970=CARTESIAN_POINT('',(73.,5.8,33.5));
#9971=CARTESIAN_POINT('',(63.,5.8,33.5));
#9972=CARTESIAN_POINT('Origin',(20.9,1.3,-10.));
#9973=CARTESIAN_POINT('',(20.9,1.3,-10.));
#9974=CARTESIAN_POINT('',(20.9,5.8,-10.));
#9975=CARTESIAN_POINT('',(20.9,0.650000000000001,-10.));
#9976=CARTESIAN_POINT('',(20.9,1.3,0.));
#9977=CARTESIAN_POINT('',(20.9,1.3,-10.));
#9978=CARTESIAN_POINT('',(20.9,5.8,0.));
#9979=CARTESIAN_POINT('',(20.9,0.650000000000001,0.));
#9980=CARTESIAN_POINT('',(20.9,5.8,-10.));
#9981=CARTESIAN_POINT('Origin',(3.9,1.3,-10.));
#9982=CARTESIAN_POINT('',(3.9,1.3,-10.));
#9983=CARTESIAN_POINT('',(33.45,1.3,-10.));
#9984=CARTESIAN_POINT('',(3.9,1.3,0.));
#9985=CARTESIAN_POINT('',(3.9,1.3,-10.));
#9986=CARTESIAN_POINT('',(33.45,1.3,0.));
#9987=CARTESIAN_POINT('Origin',(3.9,5.8,-10.));
#9988=CARTESIAN_POINT('',(3.9,5.8,-10.));
#9989=CARTESIAN_POINT('',(3.9,2.9,-10.));
#9990=CARTESIAN_POINT('',(3.9,5.8,0.));
#9991=CARTESIAN_POINT('',(3.9,5.8,-10.));
#9992=CARTESIAN_POINT('',(3.9,2.9,0.));
#9993=CARTESIAN_POINT('Origin',(20.9,5.8,-10.));
#9994=CARTESIAN_POINT('',(41.95,5.8,-10.));
#9995=CARTESIAN_POINT('',(41.95,5.8,0.));
#9996=CARTESIAN_POINT('Origin',(0.,0.,0.));
#9997=CARTESIAN_POINT('',(0.,0.,0.));
#9998=CARTESIAN_POINT('',(1.07852076885685E-31,0.,38.));
#9999=CARTESIAN_POINT('',(0.,0.,9.5));
#10000=CARTESIAN_POINT('',(0.,6.,0.));
#10001=CARTESIAN_POINT('',(0.,0.,0.));
#10002=CARTESIAN_POINT('',(0.,6.,38.));
#10003=CARTESIAN_POINT('',(1.07852076885685E-31,6.,38.));
#10004=CARTESIAN_POINT('',(1.07852076885685E-31,0.,38.));
#10005=CARTESIAN_POINT('Origin',(63.,0.,1.1170393677446E-31));
#10006=CARTESIAN_POINT('',(63.,0.,1.1170393677446E-31));
#10007=CARTESIAN_POINT('',(47.25,0.,0.));
#10008=CARTESIAN_POINT('',(63.,6.,0.));
#10009=CARTESIAN_POINT('',(63.,0.,1.1170393677446E-31));
#10010=CARTESIAN_POINT('',(0.,6.,0.));
#10011=CARTESIAN_POINT('Origin',(63.,0.,38.));
#10012=CARTESIAN_POINT('',(63.,0.,38.));
#10013=CARTESIAN_POINT('',(63.,0.,28.5));
#10014=CARTESIAN_POINT('',(63.,6.,38.));
#10015=CARTESIAN_POINT('',(63.,0.,38.));
#10016=CARTESIAN_POINT('',(63.,6.,1.1170393677446E-31));
#10017=CARTESIAN_POINT('Origin',(0.,0.,38.));
#10018=CARTESIAN_POINT('',(15.75,0.,38.));
#10019=CARTESIAN_POINT('',(63.,6.,38.));
#10020=CARTESIAN_POINT('Origin',(31.5,6.,19.));
#10021=CARTESIAN_POINT('Origin',(31.5,7.,19.));
#10022=CARTESIAN_POINT('',(63.,7.,48.));
#10023=CARTESIAN_POINT('',(73.,7.,38.));
#10024=CARTESIAN_POINT('Origin',(63.,7.,38.));
#10025=CARTESIAN_POINT('',(73.,7.,0.));
#10026=CARTESIAN_POINT('',(73.,7.,-2.832769448824E-15));
#10027=CARTESIAN_POINT('',(63.,7.,-10.));
#10028=CARTESIAN_POINT('Origin',(63.,7.,-8.88178419700125E-15));
#10029=CARTESIAN_POINT('',(0.,7.,-10.));
#10030=CARTESIAN_POINT('',(-2.22044604925031E-15,7.,-10.));
#10031=CARTESIAN_POINT('',(-10.,7.,0.));
#10032=CARTESIAN_POINT('Origin',(-9.99200722162641E-15,7.,-9.43689570931383E-15));
#10033=CARTESIAN_POINT('',(-10.,7.,38.));
#10034=CARTESIAN_POINT('',(-10.,7.,38.));
#10035=CARTESIAN_POINT('',(8.88178419700125E-15,7.,48.));
#10036=CARTESIAN_POINT('Origin',(-8.88178419700125E-15,7.,38.));
#10037=CARTESIAN_POINT('',(63.,7.,48.));
#10038=CARTESIAN_POINT('Origin',(8.88178419700125E-15,0.,48.));
#10039=CARTESIAN_POINT('',(63.,0.,48.));
#10040=CARTESIAN_POINT('',(8.26946079742755E-15,0.,48.));
#10041=CARTESIAN_POINT('',(63.,0.,48.));
#10042=CARTESIAN_POINT('',(63.,0.,48.));
#10043=CARTESIAN_POINT('',(8.26946079742755E-15,0.,48.));
#10044=CARTESIAN_POINT('Origin',(-8.88178419700125E-15,0.,38.));
#10045=CARTESIAN_POINT('',(-10.,0.,38.));
#10046=CARTESIAN_POINT('Origin',(-8.88178419700125E-15,0.,38.));
#10047=CARTESIAN_POINT('',(-10.,0.,38.));
#10048=CARTESIAN_POINT('Origin',(-10.,0.,0.));
#10049=CARTESIAN_POINT('',(-10.,0.,-5.72118872611132E-17));
#10050=CARTESIAN_POINT('',(-10.,0.,38.));
#10051=CARTESIAN_POINT('',(-10.,0.,-5.72118872611132E-17));
#10052=CARTESIAN_POINT('Origin',(-9.99200722162641E-15,0.,-9.43689570931383E-15));
#10053=CARTESIAN_POINT('',(-2.22044604925031E-15,0.,-10.));
#10054=CARTESIAN_POINT('Origin',(-9.99200722162641E-15,0.,-9.43689570931383E-15));
#10055=CARTESIAN_POINT('',(-2.22044604925031E-15,0.,-10.));
#10056=CARTESIAN_POINT('Origin',(63.,0.,-10.));
#10057=CARTESIAN_POINT('',(63.,0.,-10.));
#10058=CARTESIAN_POINT('',(-2.22044604925031E-15,0.,-10.));
#10059=CARTESIAN_POINT('',(63.,0.,-10.));
#10060=CARTESIAN_POINT('Origin',(63.,0.,-8.88178419700125E-15));
#10061=CARTESIAN_POINT('',(73.,0.,-2.832769448824E-15));
#10062=CARTESIAN_POINT('Origin',(63.,0.,-8.88178419700125E-15));
#10063=CARTESIAN_POINT('',(73.,0.,-2.832769448824E-15));
#10064=CARTESIAN_POINT('Origin',(73.,0.,38.));
#10065=CARTESIAN_POINT('',(73.,0.,38.));
#10066=CARTESIAN_POINT('',(73.,0.,-2.832769448824E-15));
#10067=CARTESIAN_POINT('',(73.,0.,38.));
#10068=CARTESIAN_POINT('Origin',(63.,0.,38.));
#10069=CARTESIAN_POINT('Origin',(63.,0.,38.));
#10070=CARTESIAN_POINT('Origin',(31.5,0.,19.));
#10071=UNCERTAINTY_MEASURE_WITH_UNIT(LENGTH_MEASURE(0.01),#10075,
'DISTANCE_ACCURACY_VALUE',
'Maximum model space distance between geometric entities at asserted c
onnectivities');
#10072=UNCERTAINTY_MEASURE_WITH_UNIT(LENGTH_MEASURE(0.01),#10075,
'DISTANCE_ACCURACY_VALUE',
'Maximum model space distance between geometric entities at asserted c
onnectivities');
#10073=(
GEOMETRIC_REPRESENTATION_CONTEXT(3)
GLOBAL_UNCERTAINTY_ASSIGNED_CONTEXT((#10071))
GLOBAL_UNIT_ASSIGNED_CONTEXT((#10075,#10077,#10078))
REPRESENTATION_CONTEXT('','3D')
);
#10074=(
GEOMETRIC_REPRESENTATION_CONTEXT(3)
GLOBAL_UNCERTAINTY_ASSIGNED_CONTEXT((#10072))
GLOBAL_UNIT_ASSIGNED_CONTEXT((#10075,#10077,#10078))
REPRESENTATION_CONTEXT('','3D')
);
#10075=(
LENGTH_UNIT()
NAMED_UNIT(*)
SI_UNIT(.MILLI.,.METRE.)
);
#10076=(
LENGTH_UNIT()
NAMED_UNIT(*)
SI_UNIT($,.METRE.)
);
#10077=(
NAMED_UNIT(*)
PLANE_ANGLE_UNIT()
SI_UNIT($,.RADIAN.)
);
#10078=(
NAMED_UNIT(*)
SI_UNIT($,.STERADIAN.)
SOLID_ANGLE_UNIT()
);
#10079=SHAPE_DEFINITION_REPRESENTATION(#10080,#10081);
#10080=PRODUCT_DEFINITION_SHAPE('',$,#10083);
#10081=SHAPE_REPRESENTATION('',(#5179),#10073);
#10082=PRODUCT_DEFINITION_CONTEXT('part definition',#10087,'design');
#10083=PRODUCT_DEFINITION('2026-06-26-14-21-11-008','bottom panel',#10084,
#10082);
#10084=PRODUCT_DEFINITION_FORMATION('',$,#10089);
#10085=PRODUCT_RELATED_PRODUCT_CATEGORY('bottom panel','bottom panel',(#10089));
#10086=APPLICATION_PROTOCOL_DEFINITION('international standard',
'automotive_design',2009,#10087);
#10087=APPLICATION_CONTEXT(
'Core Data for Automotive Mechanical Design Process');
#10088=PRODUCT_CONTEXT('part definition',#10087,'mechanical');
#10089=PRODUCT('2026-06-26-14-21-11-008','bottom panel',$,(#10088));
#10090=PRESENTATION_STYLE_ASSIGNMENT((#10092));
#10091=PRESENTATION_STYLE_ASSIGNMENT((#10093));
#10092=SURFACE_STYLE_USAGE(.BOTH.,#10094);
#10093=SURFACE_STYLE_USAGE(.BOTH.,#10095);
#10094=SURFACE_SIDE_STYLE('',(#10096));
#10095=SURFACE_SIDE_STYLE('',(#10097));
#10096=SURFACE_STYLE_FILL_AREA(#10098);
#10097=SURFACE_STYLE_FILL_AREA(#10099);
#10098=FILL_AREA_STYLE('Aluminum nitride (AlN)',(#10100));
#10099=FILL_AREA_STYLE(
'PEKK - Polyetherketoneketone Reinforced With Carbon Fibers - HT-23 (w
ith EOS P 810 3D Printer)',(#10101));
#10100=FILL_AREA_STYLE_COLOUR('Aluminum nitride (AlN)',#10102);
#10101=FILL_AREA_STYLE_COLOUR(
'PEKK - Polyetherketoneketone Reinforced With Carbon Fibers - HT-23 (w
ith EOS P 810 3D Printer)',#10103);
#10102=COLOUR_RGB('Aluminum nitride (AlN)',0.850980392156863,0.827450980392157,
0.788235294117647);
#10103=COLOUR_RGB(
'PEKK - Polyetherketoneketone Reinforced With Carbon Fibers - HT-23 (w
ith EOS P 810 3D Printer)',0.352941176470588,0.352941176470588,0.352941176470588);
ENDSEC;
END-ISO-10303-21;
