ISO-10303-21;
HEADER;
/* Generated by software containing ST-Developer
 * from STEP Tools, Inc. (www.steptools.com) 
 */

FILE_DESCRIPTION(
/* description */ (''),
/* implementation_level */ '2;1');

FILE_NAME(
/* name */ 'top anel.step',
/* time_stamp */ '2026-10-09T19:02:41+05:30',
/* author */ (''),
/* organization */ (''),
/* preprocessor_version */ 'ST-DEVELOPER v20.2',
/* originating_system */ 'Autodesk Translation Framework v15.15.0.0',
/* authorisation */ '');

FILE_SCHEMA (('AUTOMOTIVE_DESIGN { 1 0 10303 214 3 1 1 }'));
ENDSEC;

DATA;
#10=MECHANICAL_DESIGN_GEOMETRIC_PRESENTATION_REPRESENTATION('',(#13),#6662);
#11=SHAPE_REPRESENTATION_RELATIONSHIP('SRR','None',#6669,#12);
#12=ADVANCED_BREP_SHAPE_REPRESENTATION('',(#14),#6661);
#13=STYLED_ITEM('',(#6678),#14);
#14=MANIFOLD_SOLID_BREP('Body1',#3338);
#15=CYLINDRICAL_SURFACE('',#3413,1.45);
#16=CYLINDRICAL_SURFACE('',#3417,1.45);
#17=CYLINDRICAL_SURFACE('',#3421,1.45);
#18=CYLINDRICAL_SURFACE('',#3425,1.45);
#19=CYLINDRICAL_SURFACE('',#3433,9.99999999999999);
#20=CYLINDRICAL_SURFACE('',#3436,9.99999999999999);
#21=CYLINDRICAL_SURFACE('',#3439,9.99999999999998);
#22=CYLINDRICAL_SURFACE('',#3442,9.99999999999999);
#23=CIRCLE('',#3412,1.45);
#24=CIRCLE('',#3414,1.45);
#25=CIRCLE('',#3416,1.45);
#26=CIRCLE('',#3418,1.45);
#27=CIRCLE('',#3420,1.45);
#28=CIRCLE('',#3422,1.45);
#29=CIRCLE('',#3424,1.45);
#30=CIRCLE('',#3426,1.45);
#31=CIRCLE('',#3428,9.99999999999999);
#32=CIRCLE('',#3429,9.99999999999998);
#33=CIRCLE('',#3430,9.99999999999999);
#34=CIRCLE('',#3431,9.99999999999999);
#35=CIRCLE('',#3434,9.99999999999999);
#36=CIRCLE('',#3437,9.99999999999999);
#37=CIRCLE('',#3440,9.99999999999998);
#38=CIRCLE('',#3443,9.99999999999999);
#39=CONICAL_SURFACE('',#3411,0.725,1.02974425867665);
#40=CONICAL_SURFACE('',#3415,0.725,1.02974425867665);
#41=CONICAL_SURFACE('',#3419,0.725,1.02974425867665);
#42=CONICAL_SURFACE('',#3423,0.725,1.02974425867665);
#43=FACE_BOUND('',#373,.T.);
#44=FACE_BOUND('',#374,.T.);
#45=FACE_BOUND('',#445,.T.);
#46=FACE_BOUND('',#446,.T.);
#47=FACE_BOUND('',#478,.T.);
#48=FACE_BOUND('',#479,.T.);
#49=FACE_BOUND('',#480,.T.);
#50=FACE_BOUND('',#481,.T.);
#51=FACE_BOUND('',#482,.T.);
#52=FACE_BOUND('',#483,.T.);
#53=FACE_BOUND('',#484,.T.);
#54=FACE_BOUND('',#494,.T.);
#55=FACE_BOUND('',#495,.T.);
#56=FACE_BOUND('',#496,.T.);
#57=FACE_BOUND('',#497,.T.);
#58=PLANE('',#3352);
#59=PLANE('',#3353);
#60=PLANE('',#3354);
#61=PLANE('',#3355);
#62=PLANE('',#3356);
#63=PLANE('',#3357);
#64=PLANE('',#3358);
#65=PLANE('',#3359);
#66=PLANE('',#3360);
#67=PLANE('',#3361);
#68=PLANE('',#3362);
#69=PLANE('',#3363);
#70=PLANE('',#3364);
#71=PLANE('',#3365);
#72=PLANE('',#3366);
#73=PLANE('',#3367);
#74=PLANE('',#3368);
#75=PLANE('',#3369);
#76=PLANE('',#3370);
#77=PLANE('',#3371);
#78=PLANE('',#3372);
#79=PLANE('',#3373);
#80=PLANE('',#3374);
#81=PLANE('',#3375);
#82=PLANE('',#3376);
#83=PLANE('',#3377);
#84=PLANE('',#3378);
#85=PLANE('',#3379);
#86=PLANE('',#3380);
#87=PLANE('',#3381);
#88=PLANE('',#3382);
#89=PLANE('',#3383);
#90=PLANE('',#3384);
#91=PLANE('',#3385);
#92=PLANE('',#3386);
#93=PLANE('',#3387);
#94=PLANE('',#3388);
#95=PLANE('',#3389);
#96=PLANE('',#3390);
#97=PLANE('',#3391);
#98=PLANE('',#3392);
#99=PLANE('',#3393);
#100=PLANE('',#3394);
#101=PLANE('',#3395);
#102=PLANE('',#3396);
#103=PLANE('',#3397);
#104=PLANE('',#3398);
#105=PLANE('',#3399);
#106=PLANE('',#3400);
#107=PLANE('',#3401);
#108=PLANE('',#3402);
#109=PLANE('',#3403);
#110=PLANE('',#3404);
#111=PLANE('',#3405);
#112=PLANE('',#3406);
#113=PLANE('',#3407);
#114=PLANE('',#3408);
#115=PLANE('',#3409);
#116=PLANE('',#3410);
#117=PLANE('',#3427);
#118=PLANE('',#3432);
#119=PLANE('',#3435);
#120=PLANE('',#3438);
#121=PLANE('',#3441);
#122=PLANE('',#3444);
#123=FACE_OUTER_BOUND('',#303,.T.);
#124=FACE_OUTER_BOUND('',#304,.T.);
#125=FACE_OUTER_BOUND('',#305,.T.);
#126=FACE_OUTER_BOUND('',#306,.T.);
#127=FACE_OUTER_BOUND('',#307,.T.);
#128=FACE_OUTER_BOUND('',#308,.T.);
#129=FACE_OUTER_BOUND('',#309,.T.);
#130=FACE_OUTER_BOUND('',#310,.T.);
#131=FACE_OUTER_BOUND('',#311,.T.);
#132=FACE_OUTER_BOUND('',#312,.T.);
#133=FACE_OUTER_BOUND('',#313,.T.);
#134=FACE_OUTER_BOUND('',#314,.T.);
#135=FACE_OUTER_BOUND('',#315,.T.);
#136=FACE_OUTER_BOUND('',#316,.T.);
#137=FACE_OUTER_BOUND('',#317,.T.);
#138=FACE_OUTER_BOUND('',#318,.T.);
#139=FACE_OUTER_BOUND('',#319,.T.);
#140=FACE_OUTER_BOUND('',#320,.T.);
#141=FACE_OUTER_BOUND('',#321,.T.);
#142=FACE_OUTER_BOUND('',#322,.T.);
#143=FACE_OUTER_BOUND('',#323,.T.);
#144=FACE_OUTER_BOUND('',#324,.T.);
#145=FACE_OUTER_BOUND('',#325,.T.);
#146=FACE_OUTER_BOUND('',#326,.T.);
#147=FACE_OUTER_BOUND('',#327,.T.);
#148=FACE_OUTER_BOUND('',#328,.T.);
#149=FACE_OUTER_BOUND('',#329,.T.);
#150=FACE_OUTER_BOUND('',#330,.T.);
#151=FACE_OUTER_BOUND('',#331,.T.);
#152=FACE_OUTER_BOUND('',#332,.T.);
#153=FACE_OUTER_BOUND('',#333,.T.);
#154=FACE_OUTER_BOUND('',#334,.T.);
#155=FACE_OUTER_BOUND('',#335,.T.);
#156=FACE_OUTER_BOUND('',#336,.T.);
#157=FACE_OUTER_BOUND('',#337,.T.);
#158=FACE_OUTER_BOUND('',#338,.T.);
#159=FACE_OUTER_BOUND('',#339,.T.);
#160=FACE_OUTER_BOUND('',#340,.T.);
#161=FACE_OUTER_BOUND('',#341,.T.);
#162=FACE_OUTER_BOUND('',#342,.T.);
#163=FACE_OUTER_BOUND('',#343,.T.);
#164=FACE_OUTER_BOUND('',#344,.T.);
#165=FACE_OUTER_BOUND('',#345,.T.);
#166=FACE_OUTER_BOUND('',#346,.T.);
#167=FACE_OUTER_BOUND('',#347,.T.);
#168=FACE_OUTER_BOUND('',#348,.T.);
#169=FACE_OUTER_BOUND('',#349,.T.);
#170=FACE_OUTER_BOUND('',#350,.T.);
#171=FACE_OUTER_BOUND('',#351,.T.);
#172=FACE_OUTER_BOUND('',#352,.T.);
#173=FACE_OUTER_BOUND('',#353,.T.);
#174=FACE_OUTER_BOUND('',#354,.T.);
#175=FACE_OUTER_BOUND('',#355,.T.);
#176=FACE_OUTER_BOUND('',#356,.T.);
#177=FACE_OUTER_BOUND('',#357,.T.);
#178=FACE_OUTER_BOUND('',#358,.T.);
#179=FACE_OUTER_BOUND('',#359,.T.);
#180=FACE_OUTER_BOUND('',#360,.T.);
#181=FACE_OUTER_BOUND('',#361,.T.);
#182=FACE_OUTER_BOUND('',#362,.T.);
#183=FACE_OUTER_BOUND('',#363,.T.);
#184=FACE_OUTER_BOUND('',#364,.T.);
#185=FACE_OUTER_BOUND('',#365,.T.);
#186=FACE_OUTER_BOUND('',#366,.T.);
#187=FACE_OUTER_BOUND('',#367,.T.);
#188=FACE_OUTER_BOUND('',#368,.T.);
#189=FACE_OUTER_BOUND('',#369,.T.);
#190=FACE_OUTER_BOUND('',#370,.T.);
#191=FACE_OUTER_BOUND('',#371,.T.);
#192=FACE_OUTER_BOUND('',#372,.T.);
#193=FACE_OUTER_BOUND('',#375,.T.);
#194=FACE_OUTER_BOUND('',#376,.T.);
#195=FACE_OUTER_BOUND('',#377,.T.);
#196=FACE_OUTER_BOUND('',#378,.T.);
#197=FACE_OUTER_BOUND('',#379,.T.);
#198=FACE_OUTER_BOUND('',#380,.T.);
#199=FACE_OUTER_BOUND('',#381,.T.);
#200=FACE_OUTER_BOUND('',#382,.T.);
#201=FACE_OUTER_BOUND('',#383,.T.);
#202=FACE_OUTER_BOUND('',#384,.T.);
#203=FACE_OUTER_BOUND('',#385,.T.);
#204=FACE_OUTER_BOUND('',#386,.T.);
#205=FACE_OUTER_BOUND('',#387,.T.);
#206=FACE_OUTER_BOUND('',#388,.T.);
#207=FACE_OUTER_BOUND('',#389,.T.);
#208=FACE_OUTER_BOUND('',#390,.T.);
#209=FACE_OUTER_BOUND('',#391,.T.);
#210=FACE_OUTER_BOUND('',#392,.T.);
#211=FACE_OUTER_BOUND('',#393,.T.);
#212=FACE_OUTER_BOUND('',#394,.T.);
#213=FACE_OUTER_BOUND('',#395,.T.);
#214=FACE_OUTER_BOUND('',#396,.T.);
#215=FACE_OUTER_BOUND('',#397,.T.);
#216=FACE_OUTER_BOUND('',#398,.T.);
#217=FACE_OUTER_BOUND('',#399,.T.);
#218=FACE_OUTER_BOUND('',#400,.T.);
#219=FACE_OUTER_BOUND('',#401,.T.);
#220=FACE_OUTER_BOUND('',#402,.T.);
#221=FACE_OUTER_BOUND('',#403,.T.);
#222=FACE_OUTER_BOUND('',#404,.T.);
#223=FACE_OUTER_BOUND('',#405,.T.);
#224=FACE_OUTER_BOUND('',#406,.T.);
#225=FACE_OUTER_BOUND('',#407,.T.);
#226=FACE_OUTER_BOUND('',#408,.T.);
#227=FACE_OUTER_BOUND('',#409,.T.);
#228=FACE_OUTER_BOUND('',#410,.T.);
#229=FACE_OUTER_BOUND('',#411,.T.);
#230=FACE_OUTER_BOUND('',#412,.T.);
#231=FACE_OUTER_BOUND('',#413,.T.);
#232=FACE_OUTER_BOUND('',#414,.T.);
#233=FACE_OUTER_BOUND('',#415,.T.);
#234=FACE_OUTER_BOUND('',#416,.T.);
#235=FACE_OUTER_BOUND('',#417,.T.);
#236=FACE_OUTER_BOUND('',#418,.T.);
#237=FACE_OUTER_BOUND('',#419,.T.);
#238=FACE_OUTER_BOUND('',#420,.T.);
#239=FACE_OUTER_BOUND('',#421,.T.);
#240=FACE_OUTER_BOUND('',#422,.T.);
#241=FACE_OUTER_BOUND('',#423,.T.);
#242=FACE_OUTER_BOUND('',#424,.T.);
#243=FACE_OUTER_BOUND('',#425,.T.);
#244=FACE_OUTER_BOUND('',#426,.T.);
#245=FACE_OUTER_BOUND('',#427,.T.);
#246=FACE_OUTER_BOUND('',#428,.T.);
#247=FACE_OUTER_BOUND('',#429,.T.);
#248=FACE_OUTER_BOUND('',#430,.T.);
#249=FACE_OUTER_BOUND('',#431,.T.);
#250=FACE_OUTER_BOUND('',#432,.T.);
#251=FACE_OUTER_BOUND('',#433,.T.);
#252=FACE_OUTER_BOUND('',#434,.T.);
#253=FACE_OUTER_BOUND('',#435,.T.);
#254=FACE_OUTER_BOUND('',#436,.T.);
#255=FACE_OUTER_BOUND('',#437,.T.);
#256=FACE_OUTER_BOUND('',#438,.T.);
#257=FACE_OUTER_BOUND('',#439,.T.);
#258=FACE_OUTER_BOUND('',#440,.T.);
#259=FACE_OUTER_BOUND('',#441,.T.);
#260=FACE_OUTER_BOUND('',#442,.T.);
#261=FACE_OUTER_BOUND('',#443,.T.);
#262=FACE_OUTER_BOUND('',#444,.T.);
#263=FACE_OUTER_BOUND('',#447,.T.);
#264=FACE_OUTER_BOUND('',#448,.T.);
#265=FACE_OUTER_BOUND('',#449,.T.);
#266=FACE_OUTER_BOUND('',#450,.T.);
#267=FACE_OUTER_BOUND('',#451,.T.);
#268=FACE_OUTER_BOUND('',#452,.T.);
#269=FACE_OUTER_BOUND('',#453,.T.);
#270=FACE_OUTER_BOUND('',#454,.T.);
#271=FACE_OUTER_BOUND('',#455,.T.);
#272=FACE_OUTER_BOUND('',#456,.T.);
#273=FACE_OUTER_BOUND('',#457,.T.);
#274=FACE_OUTER_BOUND('',#458,.T.);
#275=FACE_OUTER_BOUND('',#459,.T.);
#276=FACE_OUTER_BOUND('',#460,.T.);
#277=FACE_OUTER_BOUND('',#461,.T.);
#278=FACE_OUTER_BOUND('',#462,.T.);
#279=FACE_OUTER_BOUND('',#463,.T.);
#280=FACE_OUTER_BOUND('',#464,.T.);
#281=FACE_OUTER_BOUND('',#465,.T.);
#282=FACE_OUTER_BOUND('',#466,.T.);
#283=FACE_OUTER_BOUND('',#467,.T.);
#284=FACE_OUTER_BOUND('',#468,.T.);
#285=FACE_OUTER_BOUND('',#469,.T.);
#286=FACE_OUTER_BOUND('',#470,.T.);
#287=FACE_OUTER_BOUND('',#471,.T.);
#288=FACE_OUTER_BOUND('',#472,.T.);
#289=FACE_OUTER_BOUND('',#473,.T.);
#290=FACE_OUTER_BOUND('',#474,.T.);
#291=FACE_OUTER_BOUND('',#475,.T.);
#292=FACE_OUTER_BOUND('',#476,.T.);
#293=FACE_OUTER_BOUND('',#477,.T.);
#294=FACE_OUTER_BOUND('',#485,.T.);
#295=FACE_OUTER_BOUND('',#486,.T.);
#296=FACE_OUTER_BOUND('',#487,.T.);
#297=FACE_OUTER_BOUND('',#488,.T.);
#298=FACE_OUTER_BOUND('',#489,.T.);
#299=FACE_OUTER_BOUND('',#490,.T.);
#300=FACE_OUTER_BOUND('',#491,.T.);
#301=FACE_OUTER_BOUND('',#492,.T.);
#302=FACE_OUTER_BOUND('',#493,.T.);
#303=EDGE_LOOP('',(#2069,#2070,#2071,#2072));
#304=EDGE_LOOP('',(#2073,#2074,#2075,#2076));
#305=EDGE_LOOP('',(#2077,#2078,#2079,#2080));
#306=EDGE_LOOP('',(#2081,#2082,#2083,#2084));
#307=EDGE_LOOP('',(#2085,#2086,#2087,#2088));
#308=EDGE_LOOP('',(#2089,#2090,#2091,#2092));
#309=EDGE_LOOP('',(#2093,#2094,#2095,#2096));
#310=EDGE_LOOP('',(#2097,#2098,#2099,#2100));
#311=EDGE_LOOP('',(#2101,#2102,#2103,#2104));
#312=EDGE_LOOP('',(#2105,#2106,#2107,#2108));
#313=EDGE_LOOP('',(#2109,#2110,#2111,#2112));
#314=EDGE_LOOP('',(#2113,#2114,#2115,#2116));
#315=EDGE_LOOP('',(#2117,#2118,#2119,#2120));
#316=EDGE_LOOP('',(#2121,#2122,#2123,#2124));
#317=EDGE_LOOP('',(#2125,#2126,#2127,#2128));
#318=EDGE_LOOP('',(#2129,#2130,#2131,#2132));
#319=EDGE_LOOP('',(#2133,#2134,#2135,#2136));
#320=EDGE_LOOP('',(#2137,#2138,#2139,#2140));
#321=EDGE_LOOP('',(#2141,#2142,#2143,#2144));
#322=EDGE_LOOP('',(#2145,#2146,#2147,#2148));
#323=EDGE_LOOP('',(#2149,#2150,#2151,#2152));
#324=EDGE_LOOP('',(#2153,#2154,#2155,#2156));
#325=EDGE_LOOP('',(#2157,#2158,#2159,#2160));
#326=EDGE_LOOP('',(#2161,#2162,#2163,#2164));
#327=EDGE_LOOP('',(#2165,#2166,#2167,#2168));
#328=EDGE_LOOP('',(#2169,#2170,#2171,#2172));
#329=EDGE_LOOP('',(#2173,#2174,#2175,#2176));
#330=EDGE_LOOP('',(#2177,#2178,#2179,#2180));
#331=EDGE_LOOP('',(#2181,#2182,#2183,#2184));
#332=EDGE_LOOP('',(#2185,#2186,#2187,#2188));
#333=EDGE_LOOP('',(#2189,#2190,#2191,#2192));
#334=EDGE_LOOP('',(#2193,#2194,#2195,#2196));
#335=EDGE_LOOP('',(#2197,#2198,#2199,#2200));
#336=EDGE_LOOP('',(#2201,#2202,#2203,#2204));
#337=EDGE_LOOP('',(#2205,#2206,#2207,#2208));
#338=EDGE_LOOP('',(#2209,#2210,#2211,#2212,#2213,#2214,#2215,#2216,#2217,
#2218,#2219,#2220,#2221,#2222,#2223,#2224,#2225,#2226,#2227,#2228,#2229,
#2230,#2231,#2232,#2233,#2234,#2235,#2236,#2237,#2238,#2239,#2240,#2241,
#2242,#2243));
#339=EDGE_LOOP('',(#2244,#2245,#2246,#2247));
#340=EDGE_LOOP('',(#2248,#2249,#2250,#2251));
#341=EDGE_LOOP('',(#2252,#2253,#2254,#2255));
#342=EDGE_LOOP('',(#2256,#2257,#2258,#2259));
#343=EDGE_LOOP('',(#2260,#2261,#2262,#2263));
#344=EDGE_LOOP('',(#2264,#2265,#2266,#2267));
#345=EDGE_LOOP('',(#2268,#2269,#2270,#2271));
#346=EDGE_LOOP('',(#2272,#2273,#2274,#2275));
#347=EDGE_LOOP('',(#2276,#2277,#2278,#2279));
#348=EDGE_LOOP('',(#2280,#2281,#2282,#2283));
#349=EDGE_LOOP('',(#2284,#2285,#2286,#2287));
#350=EDGE_LOOP('',(#2288,#2289,#2290,#2291));
#351=EDGE_LOOP('',(#2292,#2293,#2294,#2295));
#352=EDGE_LOOP('',(#2296,#2297,#2298,#2299));
#353=EDGE_LOOP('',(#2300,#2301,#2302,#2303));
#354=EDGE_LOOP('',(#2304,#2305,#2306,#2307));
#355=EDGE_LOOP('',(#2308,#2309,#2310,#2311));
#356=EDGE_LOOP('',(#2312,#2313,#2314,#2315));
#357=EDGE_LOOP('',(#2316,#2317,#2318,#2319));
#358=EDGE_LOOP('',(#2320,#2321,#2322,#2323));
#359=EDGE_LOOP('',(#2324,#2325,#2326,#2327));
#360=EDGE_LOOP('',(#2328,#2329,#2330,#2331));
#361=EDGE_LOOP('',(#2332,#2333,#2334,#2335));
#362=EDGE_LOOP('',(#2336,#2337,#2338,#2339));
#363=EDGE_LOOP('',(#2340,#2341,#2342,#2343));
#364=EDGE_LOOP('',(#2344,#2345,#2346,#2347));
#365=EDGE_LOOP('',(#2348,#2349,#2350,#2351));
#366=EDGE_LOOP('',(#2352,#2353,#2354,#2355));
#367=EDGE_LOOP('',(#2356,#2357,#2358,#2359));
#368=EDGE_LOOP('',(#2360,#2361,#2362,#2363));
#369=EDGE_LOOP('',(#2364,#2365,#2366,#2367));
#370=EDGE_LOOP('',(#2368,#2369,#2370,#2371));
#371=EDGE_LOOP('',(#2372,#2373,#2374,#2375));
#372=EDGE_LOOP('',(#2376,#2377,#2378,#2379,#2380,#2381,#2382,#2383,#2384,
#2385,#2386,#2387,#2388,#2389));
#373=EDGE_LOOP('',(#2390,#2391,#2392,#2393,#2394,#2395,#2396,#2397,#2398,
#2399));
#374=EDGE_LOOP('',(#2400,#2401,#2402,#2403,#2404,#2405,#2406,#2407,#2408));
#375=EDGE_LOOP('',(#2409,#2410,#2411,#2412));
#376=EDGE_LOOP('',(#2413,#2414,#2415,#2416));
#377=EDGE_LOOP('',(#2417,#2418,#2419,#2420));
#378=EDGE_LOOP('',(#2421,#2422,#2423,#2424));
#379=EDGE_LOOP('',(#2425,#2426,#2427,#2428));
#380=EDGE_LOOP('',(#2429,#2430,#2431,#2432));
#381=EDGE_LOOP('',(#2433,#2434,#2435,#2436));
#382=EDGE_LOOP('',(#2437,#2438,#2439,#2440));
#383=EDGE_LOOP('',(#2441,#2442,#2443,#2444));
#384=EDGE_LOOP('',(#2445,#2446,#2447,#2448));
#385=EDGE_LOOP('',(#2449,#2450,#2451,#2452));
#386=EDGE_LOOP('',(#2453,#2454,#2455,#2456));
#387=EDGE_LOOP('',(#2457,#2458,#2459,#2460,#2461,#2462,#2463,#2464,#2465,
#2466,#2467,#2468));
#388=EDGE_LOOP('',(#2469,#2470,#2471,#2472));
#389=EDGE_LOOP('',(#2473,#2474,#2475,#2476));
#390=EDGE_LOOP('',(#2477,#2478,#2479,#2480));
#391=EDGE_LOOP('',(#2481,#2482,#2483,#2484));
#392=EDGE_LOOP('',(#2485,#2486,#2487,#2488));
#393=EDGE_LOOP('',(#2489,#2490,#2491,#2492));
#394=EDGE_LOOP('',(#2493,#2494,#2495,#2496));
#395=EDGE_LOOP('',(#2497,#2498,#2499,#2500));
#396=EDGE_LOOP('',(#2501,#2502,#2503,#2504));
#397=EDGE_LOOP('',(#2505,#2506,#2507,#2508));
#398=EDGE_LOOP('',(#2509,#2510,#2511,#2512));
#399=EDGE_LOOP('',(#2513,#2514,#2515,#2516));
#400=EDGE_LOOP('',(#2517,#2518,#2519,#2520));
#401=EDGE_LOOP('',(#2521,#2522,#2523,#2524));
#402=EDGE_LOOP('',(#2525,#2526,#2527,#2528));
#403=EDGE_LOOP('',(#2529,#2530,#2531,#2532));
#404=EDGE_LOOP('',(#2533,#2534,#2535,#2536));
#405=EDGE_LOOP('',(#2537,#2538,#2539,#2540,#2541,#2542,#2543,#2544,#2545,
#2546,#2547,#2548,#2549,#2550,#2551,#2552,#2553));
#406=EDGE_LOOP('',(#2554,#2555,#2556,#2557));
#407=EDGE_LOOP('',(#2558,#2559,#2560,#2561));
#408=EDGE_LOOP('',(#2562,#2563,#2564,#2565));
#409=EDGE_LOOP('',(#2566,#2567,#2568,#2569));
#410=EDGE_LOOP('',(#2570,#2571,#2572,#2573));
#411=EDGE_LOOP('',(#2574,#2575,#2576,#2577));
#412=EDGE_LOOP('',(#2578,#2579,#2580,#2581));
#413=EDGE_LOOP('',(#2582,#2583,#2584,#2585));
#414=EDGE_LOOP('',(#2586,#2587,#2588,#2589));
#415=EDGE_LOOP('',(#2590,#2591,#2592,#2593));
#416=EDGE_LOOP('',(#2594,#2595,#2596,#2597));
#417=EDGE_LOOP('',(#2598,#2599,#2600,#2601));
#418=EDGE_LOOP('',(#2602,#2603,#2604,#2605));
#419=EDGE_LOOP('',(#2606,#2607,#2608,#2609));
#420=EDGE_LOOP('',(#2610,#2611,#2612,#2613));
#421=EDGE_LOOP('',(#2614,#2615,#2616,#2617));
#422=EDGE_LOOP('',(#2618,#2619,#2620,#2621));
#423=EDGE_LOOP('',(#2622,#2623,#2624,#2625));
#424=EDGE_LOOP('',(#2626,#2627,#2628,#2629));
#425=EDGE_LOOP('',(#2630,#2631,#2632,#2633));
#426=EDGE_LOOP('',(#2634,#2635,#2636,#2637));
#427=EDGE_LOOP('',(#2638,#2639,#2640,#2641));
#428=EDGE_LOOP('',(#2642,#2643,#2644,#2645));
#429=EDGE_LOOP('',(#2646,#2647,#2648,#2649));
#430=EDGE_LOOP('',(#2650,#2651,#2652,#2653));
#431=EDGE_LOOP('',(#2654,#2655,#2656,#2657));
#432=EDGE_LOOP('',(#2658,#2659,#2660,#2661));
#433=EDGE_LOOP('',(#2662,#2663,#2664,#2665));
#434=EDGE_LOOP('',(#2666,#2667,#2668,#2669));
#435=EDGE_LOOP('',(#2670,#2671,#2672,#2673));
#436=EDGE_LOOP('',(#2674,#2675,#2676,#2677));
#437=EDGE_LOOP('',(#2678,#2679,#2680,#2681));
#438=EDGE_LOOP('',(#2682,#2683,#2684,#2685));
#439=EDGE_LOOP('',(#2686,#2687,#2688,#2689));
#440=EDGE_LOOP('',(#2690,#2691,#2692,#2693));
#441=EDGE_LOOP('',(#2694,#2695,#2696,#2697));
#442=EDGE_LOOP('',(#2698,#2699,#2700,#2701));
#443=EDGE_LOOP('',(#2702,#2703,#2704,#2705));
#444=EDGE_LOOP('',(#2706,#2707,#2708,#2709,#2710,#2711,#2712,#2713,#2714,
#2715,#2716,#2717,#2718,#2719));
#445=EDGE_LOOP('',(#2720,#2721,#2722,#2723,#2724,#2725,#2726,#2727,#2728,
#2729));
#446=EDGE_LOOP('',(#2730,#2731,#2732,#2733,#2734,#2735,#2736,#2737,#2738));
#447=EDGE_LOOP('',(#2739,#2740,#2741,#2742));
#448=EDGE_LOOP('',(#2743,#2744,#2745,#2746));
#449=EDGE_LOOP('',(#2747,#2748,#2749,#2750));
#450=EDGE_LOOP('',(#2751,#2752,#2753,#2754));
#451=EDGE_LOOP('',(#2755,#2756,#2757,#2758));
#452=EDGE_LOOP('',(#2759,#2760,#2761,#2762));
#453=EDGE_LOOP('',(#2763,#2764,#2765,#2766));
#454=EDGE_LOOP('',(#2767,#2768,#2769,#2770));
#455=EDGE_LOOP('',(#2771,#2772,#2773,#2774));
#456=EDGE_LOOP('',(#2775,#2776,#2777,#2778));
#457=EDGE_LOOP('',(#2779,#2780,#2781,#2782));
#458=EDGE_LOOP('',(#2783,#2784,#2785,#2786));
#459=EDGE_LOOP('',(#2787,#2788,#2789,#2790));
#460=EDGE_LOOP('',(#2791,#2792,#2793,#2794));
#461=EDGE_LOOP('',(#2795,#2796,#2797,#2798));
#462=EDGE_LOOP('',(#2799,#2800,#2801,#2802));
#463=EDGE_LOOP('',(#2803,#2804,#2805,#2806));
#464=EDGE_LOOP('',(#2807,#2808,#2809,#2810,#2811,#2812,#2813,#2814,#2815,
#2816,#2817,#2818,#2819,#2820,#2821,#2822,#2823));
#465=EDGE_LOOP('',(#2824,#2825,#2826,#2827,#2828,#2829,#2830,#2831,#2832,
#2833));
#466=EDGE_LOOP('',(#2834,#2835,#2836,#2837,#2838,#2839,#2840,#2841,#2842));
#467=EDGE_LOOP('',(#2843,#2844,#2845,#2846,#2847,#2848,#2849,#2850,#2851,
#2852));
#468=EDGE_LOOP('',(#2853,#2854,#2855,#2856,#2857,#2858,#2859,#2860,#2861));
#469=EDGE_LOOP('',(#2862,#2863,#2864));
#470=EDGE_LOOP('',(#2865,#2866,#2867,#2868));
#471=EDGE_LOOP('',(#2869,#2870,#2871));
#472=EDGE_LOOP('',(#2872,#2873,#2874,#2875));
#473=EDGE_LOOP('',(#2876,#2877,#2878));
#474=EDGE_LOOP('',(#2879,#2880,#2881,#2882));
#475=EDGE_LOOP('',(#2883,#2884,#2885));
#476=EDGE_LOOP('',(#2886,#2887,#2888,#2889));
#477=EDGE_LOOP('',(#2890,#2891,#2892,#2893,#2894,#2895,#2896,#2897));
#478=EDGE_LOOP('',(#2898,#2899,#2900,#2901,#2902,#2903,#2904,#2905,#2906,
#2907,#2908,#2909,#2910,#2911,#2912,#2913,#2914));
#479=EDGE_LOOP('',(#2915,#2916,#2917,#2918,#2919,#2920,#2921,#2922,#2923,
#2924,#2925,#2926,#2927,#2928));
#480=EDGE_LOOP('',(#2929,#2930,#2931,#2932));
#481=EDGE_LOOP('',(#2933,#2934,#2935,#2936,#2937,#2938,#2939,#2940,#2941,
#2942,#2943,#2944,#2945,#2946,#2947,#2948,#2949));
#482=EDGE_LOOP('',(#2950,#2951,#2952,#2953,#2954,#2955,#2956,#2957,#2958,
#2959,#2960,#2961));
#483=EDGE_LOOP('',(#2962,#2963,#2964,#2965,#2966,#2967,#2968,#2969,#2970,
#2971,#2972,#2973,#2974,#2975));
#484=EDGE_LOOP('',(#2976,#2977,#2978,#2979,#2980,#2981,#2982,#2983,#2984,
#2985,#2986,#2987,#2988,#2989,#2990,#2991,#2992,#2993,#2994,#2995,#2996,
#2997,#2998,#2999,#3000,#3001,#3002,#3003,#3004,#3005,#3006,#3007,#3008,
#3009,#3010));
#485=EDGE_LOOP('',(#3011,#3012,#3013,#3014));
#486=EDGE_LOOP('',(#3015,#3016,#3017,#3018));
#487=EDGE_LOOP('',(#3019,#3020,#3021,#3022));
#488=EDGE_LOOP('',(#3023,#3024,#3025,#3026));
#489=EDGE_LOOP('',(#3027,#3028,#3029,#3030));
#490=EDGE_LOOP('',(#3031,#3032,#3033,#3034));
#491=EDGE_LOOP('',(#3035,#3036,#3037,#3038));
#492=EDGE_LOOP('',(#3039,#3040,#3041,#3042));
#493=EDGE_LOOP('',(#3043,#3044,#3045,#3046,#3047,#3048,#3049,#3050));
#494=EDGE_LOOP('',(#3051));
#495=EDGE_LOOP('',(#3052));
#496=EDGE_LOOP('',(#3053));
#497=EDGE_LOOP('',(#3054));
#498=LINE('',#3923,#769);
#499=LINE('',#3930,#770);
#500=LINE('',#3948,#771);
#501=LINE('',#3971,#772);
#502=LINE('',#3994,#773);
#503=LINE('',#4017,#774);
#504=LINE('',#4040,#775);
#505=LINE('',#4063,#776);
#506=LINE('',#4086,#777);
#507=LINE('',#4109,#778);
#508=LINE('',#4132,#779);
#509=LINE('',#4155,#780);
#510=LINE('',#4178,#781);
#511=LINE('',#4201,#782);
#512=LINE('',#4224,#783);
#513=LINE('',#4232,#784);
#514=LINE('',#4234,#785);
#515=LINE('',#4235,#786);
#516=LINE('',#4253,#787);
#517=LINE('',#4276,#788);
#518=LINE('',#4299,#789);
#519=LINE('',#4322,#790);
#520=LINE('',#4345,#791);
#521=LINE('',#4368,#792);
#522=LINE('',#4391,#793);
#523=LINE('',#4414,#794);
#524=LINE('',#4437,#795);
#525=LINE('',#4460,#796);
#526=LINE('',#4483,#797);
#527=LINE('',#4506,#798);
#528=LINE('',#4529,#799);
#529=LINE('',#4552,#800);
#530=LINE('',#4575,#801);
#531=LINE('',#4598,#802);
#532=LINE('',#4621,#803);
#533=LINE('',#4644,#804);
#534=LINE('',#4652,#805);
#535=LINE('',#4654,#806);
#536=LINE('',#4655,#807);
#537=LINE('',#4680,#808);
#538=LINE('',#4682,#809);
#539=LINE('',#4684,#810);
#540=LINE('',#4685,#811);
#541=LINE('',#4703,#812);
#542=LINE('',#4726,#813);
#543=LINE('',#4749,#814);
#544=LINE('',#4772,#815);
#545=LINE('',#4795,#816);
#546=LINE('',#4818,#817);
#547=LINE('',#4826,#818);
#548=LINE('',#4828,#819);
#549=LINE('',#4829,#820);
#550=LINE('',#4831,#821);
#551=LINE('',#4832,#822);
#552=LINE('',#4836,#823);
#553=LINE('',#4838,#824);
#554=LINE('',#4840,#825);
#555=LINE('',#4841,#826);
#556=LINE('',#4859,#827);
#557=LINE('',#4882,#828);
#558=LINE('',#4905,#829);
#559=LINE('',#4928,#830);
#560=LINE('',#4951,#831);
#561=LINE('',#4974,#832);
#562=LINE('',#4997,#833);
#563=LINE('',#5005,#834);
#564=LINE('',#5007,#835);
#565=LINE('',#5008,#836);
#566=LINE('',#5010,#837);
#567=LINE('',#5011,#838);
#568=LINE('',#5030,#839);
#569=LINE('',#5037,#840);
#570=LINE('',#5055,#841);
#571=LINE('',#5078,#842);
#572=LINE('',#5101,#843);
#573=LINE('',#5124,#844);
#574=LINE('',#5147,#845);
#575=LINE('',#5170,#846);
#576=LINE('',#5193,#847);
#577=LINE('',#5216,#848);
#578=LINE('',#5239,#849);
#579=LINE('',#5262,#850);
#580=LINE('',#5270,#851);
#581=LINE('',#5272,#852);
#582=LINE('',#5273,#853);
#583=LINE('',#5276,#854);
#584=LINE('',#5278,#855);
#585=LINE('',#5279,#856);
#586=LINE('',#5281,#857);
#587=LINE('',#5282,#858);
#588=LINE('',#5287,#859);
#589=LINE('',#5289,#860);
#590=LINE('',#5291,#861);
#591=LINE('',#5292,#862);
#592=LINE('',#5295,#863);
#593=LINE('',#5297,#864);
#594=LINE('',#5298,#865);
#595=LINE('',#5301,#866);
#596=LINE('',#5303,#867);
#597=LINE('',#5304,#868);
#598=LINE('',#5307,#869);
#599=LINE('',#5309,#870);
#600=LINE('',#5310,#871);
#601=LINE('',#5313,#872);
#602=LINE('',#5315,#873);
#603=LINE('',#5316,#874);
#604=LINE('',#5319,#875);
#605=LINE('',#5321,#876);
#606=LINE('',#5322,#877);
#607=LINE('',#5325,#878);
#608=LINE('',#5327,#879);
#609=LINE('',#5328,#880);
#610=LINE('',#5331,#881);
#611=LINE('',#5333,#882);
#612=LINE('',#5334,#883);
#613=LINE('',#5337,#884);
#614=LINE('',#5339,#885);
#615=LINE('',#5340,#886);
#616=LINE('',#5343,#887);
#617=LINE('',#5345,#888);
#618=LINE('',#5346,#889);
#619=LINE('',#5349,#890);
#620=LINE('',#5351,#891);
#621=LINE('',#5352,#892);
#622=LINE('',#5354,#893);
#623=LINE('',#5355,#894);
#624=LINE('',#5375,#895);
#625=LINE('',#5382,#896);
#626=LINE('',#5400,#897);
#627=LINE('',#5423,#898);
#628=LINE('',#5446,#899);
#629=LINE('',#5469,#900);
#630=LINE('',#5477,#901);
#631=LINE('',#5479,#902);
#632=LINE('',#5480,#903);
#633=LINE('',#5483,#904);
#634=LINE('',#5485,#905);
#635=LINE('',#5486,#906);
#636=LINE('',#5489,#907);
#637=LINE('',#5491,#908);
#638=LINE('',#5492,#909);
#639=LINE('',#5510,#910);
#640=LINE('',#5533,#911);
#641=LINE('',#5556,#912);
#642=LINE('',#5579,#913);
#643=LINE('',#5602,#914);
#644=LINE('',#5625,#915);
#645=LINE('',#5633,#916);
#646=LINE('',#5635,#917);
#647=LINE('',#5636,#918);
#648=LINE('',#5639,#919);
#649=LINE('',#5641,#920);
#650=LINE('',#5642,#921);
#651=LINE('',#5644,#922);
#652=LINE('',#5645,#923);
#653=LINE('',#5650,#924);
#654=LINE('',#5652,#925);
#655=LINE('',#5654,#926);
#656=LINE('',#5655,#927);
#657=LINE('',#5658,#928);
#658=LINE('',#5660,#929);
#659=LINE('',#5661,#930);
#660=LINE('',#5664,#931);
#661=LINE('',#5666,#932);
#662=LINE('',#5667,#933);
#663=LINE('',#5669,#934);
#664=LINE('',#5670,#935);
#665=LINE('',#5675,#936);
#666=LINE('',#5677,#937);
#667=LINE('',#5679,#938);
#668=LINE('',#5680,#939);
#669=LINE('',#5698,#940);
#670=LINE('',#5721,#941);
#671=LINE('',#5744,#942);
#672=LINE('',#5767,#943);
#673=LINE('',#5790,#944);
#674=LINE('',#5813,#945);
#675=LINE('',#5821,#946);
#676=LINE('',#5823,#947);
#677=LINE('',#5824,#948);
#678=LINE('',#5826,#949);
#679=LINE('',#5827,#950);
#680=LINE('',#5831,#951);
#681=LINE('',#5833,#952);
#682=LINE('',#5835,#953);
#683=LINE('',#5836,#954);
#684=LINE('',#5854,#955);
#685=LINE('',#5877,#956);
#686=LINE('',#5900,#957);
#687=LINE('',#5923,#958);
#688=LINE('',#5946,#959);
#689=LINE('',#5969,#960);
#690=LINE('',#5992,#961);
#691=LINE('',#6000,#962);
#692=LINE('',#6002,#963);
#693=LINE('',#6003,#964);
#694=LINE('',#6005,#965);
#695=LINE('',#6006,#966);
#696=LINE('',#6025,#967);
#697=LINE('',#6032,#968);
#698=LINE('',#6050,#969);
#699=LINE('',#6073,#970);
#700=LINE('',#6096,#971);
#701=LINE('',#6119,#972);
#702=LINE('',#6142,#973);
#703=LINE('',#6165,#974);
#704=LINE('',#6188,#975);
#705=LINE('',#6211,#976);
#706=LINE('',#6234,#977);
#707=LINE('',#6257,#978);
#708=LINE('',#6265,#979);
#709=LINE('',#6267,#980);
#710=LINE('',#6268,#981);
#711=LINE('',#6271,#982);
#712=LINE('',#6273,#983);
#713=LINE('',#6274,#984);
#714=LINE('',#6276,#985);
#715=LINE('',#6277,#986);
#716=LINE('',#6297,#987);
#717=LINE('',#6304,#988);
#718=LINE('',#6322,#989);
#719=LINE('',#6345,#990);
#720=LINE('',#6368,#991);
#721=LINE('',#6391,#992);
#722=LINE('',#6399,#993);
#723=LINE('',#6401,#994);
#724=LINE('',#6402,#995);
#725=LINE('',#6405,#996);
#726=LINE('',#6407,#997);
#727=LINE('',#6408,#998);
#728=LINE('',#6411,#999);
#729=LINE('',#6413,#1000);
#730=LINE('',#6414,#1001);
#731=LINE('',#6432,#1002);
#732=LINE('',#6455,#1003);
#733=LINE('',#6478,#1004);
#734=LINE('',#6501,#1005);
#735=LINE('',#6524,#1006);
#736=LINE('',#6547,#1007);
#737=LINE('',#6555,#1008);
#738=LINE('',#6557,#1009);
#739=LINE('',#6558,#1010);
#740=LINE('',#6561,#1011);
#741=LINE('',#6563,#1012);
#742=LINE('',#6564,#1013);
#743=LINE('',#6566,#1014);
#744=LINE('',#6567,#1015);
#745=LINE('',#6577,#1016);
#746=LINE('',#6581,#1017);
#747=LINE('',#6586,#1018);
#748=LINE('',#6590,#1019);
#749=LINE('',#6595,#1020);
#750=LINE('',#6599,#1021);
#751=LINE('',#6604,#1022);
#752=LINE('',#6608,#1023);
#753=LINE('',#6614,#1024);
#754=LINE('',#6618,#1025);
#755=LINE('',#6622,#1026);
#756=LINE('',#6625,#1027);
#757=LINE('',#6629,#1028);
#758=LINE('',#6630,#1029);
#759=LINE('',#6631,#1030);
#760=LINE('',#6635,#1031);
#761=LINE('',#6638,#1032);
#762=LINE('',#6639,#1033);
#763=LINE('',#6643,#1034);
#764=LINE('',#6646,#1035);
#765=LINE('',#6647,#1036);
#766=LINE('',#6651,#1037);
#767=LINE('',#6654,#1038);
#768=LINE('',#6655,#1039);
#769=VECTOR('',#3447,10.);
#770=VECTOR('',#3448,10.);
#771=VECTOR('',#3449,10.);
#772=VECTOR('',#3450,10.);
#773=VECTOR('',#3451,10.);
#774=VECTOR('',#3452,10.);
#775=VECTOR('',#3453,10.);
#776=VECTOR('',#3454,10.);
#777=VECTOR('',#3455,10.);
#778=VECTOR('',#3456,10.);
#779=VECTOR('',#3457,10.);
#780=VECTOR('',#3458,10.);
#781=VECTOR('',#3459,10.);
#782=VECTOR('',#3460,10.);
#783=VECTOR('',#3461,10.);
#784=VECTOR('',#3464,10.);
#785=VECTOR('',#3465,10.);
#786=VECTOR('',#3466,10.);
#787=VECTOR('',#3467,10.);
#788=VECTOR('',#3468,10.);
#789=VECTOR('',#3469,10.);
#790=VECTOR('',#3470,10.);
#791=VECTOR('',#3471,10.);
#792=VECTOR('',#3472,10.);
#793=VECTOR('',#3473,10.);
#794=VECTOR('',#3474,10.);
#795=VECTOR('',#3475,10.);
#796=VECTOR('',#3476,10.);
#797=VECTOR('',#3477,10.);
#798=VECTOR('',#3478,10.);
#799=VECTOR('',#3479,10.);
#800=VECTOR('',#3480,10.);
#801=VECTOR('',#3481,10.);
#802=VECTOR('',#3482,10.);
#803=VECTOR('',#3483,10.);
#804=VECTOR('',#3484,10.);
#805=VECTOR('',#3487,10.);
#806=VECTOR('',#3488,10.);
#807=VECTOR('',#3489,10.);
#808=VECTOR('',#3494,10.);
#809=VECTOR('',#3495,10.);
#810=VECTOR('',#3496,10.);
#811=VECTOR('',#3497,10.);
#812=VECTOR('',#3498,10.);
#813=VECTOR('',#3499,10.);
#814=VECTOR('',#3500,10.);
#815=VECTOR('',#3501,10.);
#816=VECTOR('',#3502,10.);
#817=VECTOR('',#3503,10.);
#818=VECTOR('',#3506,10.);
#819=VECTOR('',#3507,10.);
#820=VECTOR('',#3508,10.);
#821=VECTOR('',#3511,10.);
#822=VECTOR('',#3512,10.);
#823=VECTOR('',#3515,10.);
#824=VECTOR('',#3516,10.);
#825=VECTOR('',#3517,10.);
#826=VECTOR('',#3518,10.);
#827=VECTOR('',#3519,10.);
#828=VECTOR('',#3520,10.);
#829=VECTOR('',#3521,10.);
#830=VECTOR('',#3522,10.);
#831=VECTOR('',#3523,10.);
#832=VECTOR('',#3524,10.);
#833=VECTOR('',#3525,10.);
#834=VECTOR('',#3528,10.);
#835=VECTOR('',#3529,10.);
#836=VECTOR('',#3530,10.);
#837=VECTOR('',#3533,10.);
#838=VECTOR('',#3534,10.);
#839=VECTOR('',#3535,10.);
#840=VECTOR('',#3536,10.);
#841=VECTOR('',#3537,10.);
#842=VECTOR('',#3538,10.);
#843=VECTOR('',#3539,10.);
#844=VECTOR('',#3540,10.);
#845=VECTOR('',#3541,10.);
#846=VECTOR('',#3542,10.);
#847=VECTOR('',#3543,10.);
#848=VECTOR('',#3544,10.);
#849=VECTOR('',#3545,10.);
#850=VECTOR('',#3546,10.);
#851=VECTOR('',#3549,10.);
#852=VECTOR('',#3550,10.);
#853=VECTOR('',#3551,10.);
#854=VECTOR('',#3554,10.);
#855=VECTOR('',#3555,10.);
#856=VECTOR('',#3556,10.);
#857=VECTOR('',#3559,10.);
#858=VECTOR('',#3560,10.);
#859=VECTOR('',#3565,10.);
#860=VECTOR('',#3566,10.);
#861=VECTOR('',#3567,10.);
#862=VECTOR('',#3568,10.);
#863=VECTOR('',#3571,10.);
#864=VECTOR('',#3572,10.);
#865=VECTOR('',#3573,10.);
#866=VECTOR('',#3576,10.);
#867=VECTOR('',#3577,10.);
#868=VECTOR('',#3578,10.);
#869=VECTOR('',#3581,10.);
#870=VECTOR('',#3582,10.);
#871=VECTOR('',#3583,10.);
#872=VECTOR('',#3586,10.);
#873=VECTOR('',#3587,10.);
#874=VECTOR('',#3588,10.);
#875=VECTOR('',#3591,10.);
#876=VECTOR('',#3592,10.);
#877=VECTOR('',#3593,10.);
#878=VECTOR('',#3596,10.);
#879=VECTOR('',#3597,10.);
#880=VECTOR('',#3598,10.);
#881=VECTOR('',#3601,10.);
#882=VECTOR('',#3602,10.);
#883=VECTOR('',#3603,10.);
#884=VECTOR('',#3606,10.);
#885=VECTOR('',#3607,10.);
#886=VECTOR('',#3608,10.);
#887=VECTOR('',#3611,10.);
#888=VECTOR('',#3612,10.);
#889=VECTOR('',#3613,10.);
#890=VECTOR('',#3616,10.);
#891=VECTOR('',#3617,10.);
#892=VECTOR('',#3618,10.);
#893=VECTOR('',#3621,10.);
#894=VECTOR('',#3622,10.);
#895=VECTOR('',#3625,10.);
#896=VECTOR('',#3626,10.);
#897=VECTOR('',#3627,10.);
#898=VECTOR('',#3628,10.);
#899=VECTOR('',#3629,10.);
#900=VECTOR('',#3630,10.);
#901=VECTOR('',#3633,10.);
#902=VECTOR('',#3634,10.);
#903=VECTOR('',#3635,10.);
#904=VECTOR('',#3638,10.);
#905=VECTOR('',#3639,10.);
#906=VECTOR('',#3640,10.);
#907=VECTOR('',#3643,10.);
#908=VECTOR('',#3644,10.);
#909=VECTOR('',#3645,10.);
#910=VECTOR('',#3646,10.);
#911=VECTOR('',#3647,10.);
#912=VECTOR('',#3648,10.);
#913=VECTOR('',#3649,10.);
#914=VECTOR('',#3650,10.);
#915=VECTOR('',#3651,10.);
#916=VECTOR('',#3654,10.);
#917=VECTOR('',#3655,10.);
#918=VECTOR('',#3656,10.);
#919=VECTOR('',#3659,10.);
#920=VECTOR('',#3660,10.);
#921=VECTOR('',#3661,10.);
#922=VECTOR('',#3664,10.);
#923=VECTOR('',#3665,10.);
#924=VECTOR('',#3670,10.);
#925=VECTOR('',#3671,10.);
#926=VECTOR('',#3672,10.);
#927=VECTOR('',#3673,10.);
#928=VECTOR('',#3676,10.);
#929=VECTOR('',#3677,10.);
#930=VECTOR('',#3678,10.);
#931=VECTOR('',#3681,10.);
#932=VECTOR('',#3682,10.);
#933=VECTOR('',#3683,10.);
#934=VECTOR('',#3686,10.);
#935=VECTOR('',#3687,10.);
#936=VECTOR('',#3692,10.);
#937=VECTOR('',#3693,10.);
#938=VECTOR('',#3694,10.);
#939=VECTOR('',#3695,10.);
#940=VECTOR('',#3696,10.);
#941=VECTOR('',#3697,10.);
#942=VECTOR('',#3698,10.);
#943=VECTOR('',#3699,10.);
#944=VECTOR('',#3700,10.);
#945=VECTOR('',#3701,10.);
#946=VECTOR('',#3704,10.);
#947=VECTOR('',#3705,10.);
#948=VECTOR('',#3706,10.);
#949=VECTOR('',#3709,10.);
#950=VECTOR('',#3710,10.);
#951=VECTOR('',#3713,10.);
#952=VECTOR('',#3714,10.);
#953=VECTOR('',#3715,10.);
#954=VECTOR('',#3716,10.);
#955=VECTOR('',#3717,10.);
#956=VECTOR('',#3718,10.);
#957=VECTOR('',#3719,10.);
#958=VECTOR('',#3720,10.);
#959=VECTOR('',#3721,10.);
#960=VECTOR('',#3722,10.);
#961=VECTOR('',#3723,10.);
#962=VECTOR('',#3726,10.);
#963=VECTOR('',#3727,10.);
#964=VECTOR('',#3728,10.);
#965=VECTOR('',#3731,10.);
#966=VECTOR('',#3732,10.);
#967=VECTOR('',#3733,10.);
#968=VECTOR('',#3734,10.);
#969=VECTOR('',#3735,10.);
#970=VECTOR('',#3736,10.);
#971=VECTOR('',#3737,10.);
#972=VECTOR('',#3738,10.);
#973=VECTOR('',#3739,10.);
#974=VECTOR('',#3740,10.);
#975=VECTOR('',#3741,10.);
#976=VECTOR('',#3742,10.);
#977=VECTOR('',#3743,10.);
#978=VECTOR('',#3744,10.);
#979=VECTOR('',#3747,10.);
#980=VECTOR('',#3748,10.);
#981=VECTOR('',#3749,10.);
#982=VECTOR('',#3752,10.);
#983=VECTOR('',#3753,10.);
#984=VECTOR('',#3754,10.);
#985=VECTOR('',#3757,10.);
#986=VECTOR('',#3758,10.);
#987=VECTOR('',#3761,10.);
#988=VECTOR('',#3762,10.);
#989=VECTOR('',#3763,10.);
#990=VECTOR('',#3764,10.);
#991=VECTOR('',#3765,10.);
#992=VECTOR('',#3766,10.);
#993=VECTOR('',#3769,10.);
#994=VECTOR('',#3770,10.);
#995=VECTOR('',#3771,10.);
#996=VECTOR('',#3774,10.);
#997=VECTOR('',#3775,10.);
#998=VECTOR('',#3776,10.);
#999=VECTOR('',#3779,10.);
#1000=VECTOR('',#3780,10.);
#1001=VECTOR('',#3781,10.);
#1002=VECTOR('',#3782,10.);
#1003=VECTOR('',#3783,10.);
#1004=VECTOR('',#3784,10.);
#1005=VECTOR('',#3785,10.);
#1006=VECTOR('',#3786,10.);
#1007=VECTOR('',#3787,10.);
#1008=VECTOR('',#3790,10.);
#1009=VECTOR('',#3791,10.);
#1010=VECTOR('',#3792,10.);
#1011=VECTOR('',#3795,10.);
#1012=VECTOR('',#3796,10.);
#1013=VECTOR('',#3797,10.);
#1014=VECTOR('',#3800,10.);
#1015=VECTOR('',#3801,10.);
#1016=VECTOR('',#3816,0.725);
#1017=VECTOR('',#3821,1.45);
#1018=VECTOR('',#3826,0.725);
#1019=VECTOR('',#3831,1.45);
#1020=VECTOR('',#3836,0.725);
#1021=VECTOR('',#3841,1.45);
#1022=VECTOR('',#3846,0.725);
#1023=VECTOR('',#3851,1.45);
#1024=VECTOR('',#3856,10.);
#1025=VECTOR('',#3859,10.);
#1026=VECTOR('',#3862,10.);
#1027=VECTOR('',#3865,10.);
#1028=VECTOR('',#3868,10.);
#1029=VECTOR('',#3869,10.);
#1030=VECTOR('',#3870,10.);
#1031=VECTOR('',#3875,10.);
#1032=VECTOR('',#3878,10.);
#1033=VECTOR('',#3879,10.);
#1034=VECTOR('',#3884,10.);
#1035=VECTOR('',#3887,10.);
#1036=VECTOR('',#3888,10.);
#1037=VECTOR('',#3893,10.);
#1038=VECTOR('',#3896,10.);
#1039=VECTOR('',#3897,10.);
#1040=B_SPLINE_CURVE_WITH_KNOTS('',3,(#3917,#3918,#3919,#3920,#3921),
 .UNSPECIFIED.,.F.,.F.,(4,1,4),(0.,0.0239197333086384,0.0472144003899364),
 .UNSPECIFIED.);
#1041=B_SPLINE_CURVE_WITH_KNOTS('',3,(#3925,#3926,#3927,#3928,#3929),
 .UNSPECIFIED.,.F.,.F.,(4,1,4),(0.,0.0239197333086384,0.0472144003899364),
 .UNSPECIFIED.);
#1042=B_SPLINE_CURVE_WITH_KNOTS('',3,(#3942,#3943,#3944,#3945,#3946),
 .UNSPECIFIED.,.F.,.F.,(4,1,4),(0.,0.0312839190744411,0.0580200528433036),
 .UNSPECIFIED.);
#1043=B_SPLINE_CURVE_WITH_KNOTS('',3,(#3949,#3950,#3951,#3952,#3953),
 .UNSPECIFIED.,.F.,.F.,(4,1,4),(0.,0.0312839190744411,0.0580200528433036),
 .UNSPECIFIED.);
#1044=B_SPLINE_CURVE_WITH_KNOTS('',3,(#3965,#3966,#3967,#3968,#3969),
 .UNSPECIFIED.,.F.,.F.,(4,1,4),(0.,0.023904097719432,0.0494525389007353),
 .UNSPECIFIED.);
#1045=B_SPLINE_CURVE_WITH_KNOTS('',3,(#3972,#3973,#3974,#3975,#3976),
 .UNSPECIFIED.,.F.,.F.,(4,1,4),(0.,0.023904097719432,0.0494525389007353),
 .UNSPECIFIED.);
#1046=B_SPLINE_CURVE_WITH_KNOTS('',3,(#3988,#3989,#3990,#3991,#3992),
 .UNSPECIFIED.,.F.,.F.,(4,1,4),(0.,0.0209737914131858,0.0432439328171358),
 .UNSPECIFIED.);
#1047=B_SPLINE_CURVE_WITH_KNOTS('',3,(#3995,#3996,#3997,#3998,#3999),
 .UNSPECIFIED.,.F.,.F.,(4,1,4),(0.,0.0209737914131858,0.0432439328171358),
 .UNSPECIFIED.);
#1048=B_SPLINE_CURVE_WITH_KNOTS('',3,(#4011,#4012,#4013,#4014,#4015),
 .UNSPECIFIED.,.F.,.F.,(4,1,4),(0.,0.0195861305923074,0.0397257619980315),
 .UNSPECIFIED.);
#1049=B_SPLINE_CURVE_WITH_KNOTS('',3,(#4018,#4019,#4020,#4021,#4022),
 .UNSPECIFIED.,.F.,.F.,(4,1,4),(0.,0.0195861305923074,0.0397257619980315),
 .UNSPECIFIED.);
#1050=B_SPLINE_CURVE_WITH_KNOTS('',3,(#4034,#4035,#4036,#4037,#4038),
 .UNSPECIFIED.,.F.,.F.,(4,1,4),(0.,0.0183470302449465,0.037475015189923),
 .UNSPECIFIED.);
#1051=B_SPLINE_CURVE_WITH_KNOTS('',3,(#4041,#4042,#4043,#4044,#4045),
 .UNSPECIFIED.,.F.,.F.,(4,1,4),(0.,0.0183470302449465,0.037475015189923),
 .UNSPECIFIED.);
#1052=B_SPLINE_CURVE_WITH_KNOTS('',3,(#4057,#4058,#4059,#4060,#4061),
 .UNSPECIFIED.,.F.,.F.,(4,1,4),(0.,0.0221355801952792,0.0414832248666558),
 .UNSPECIFIED.);
#1053=B_SPLINE_CURVE_WITH_KNOTS('',3,(#4064,#4065,#4066,#4067,#4068),
 .UNSPECIFIED.,.F.,.F.,(4,1,4),(0.,0.0221355801952792,0.0414832248666558),
 .UNSPECIFIED.);
#1054=B_SPLINE_CURVE_WITH_KNOTS('',3,(#4080,#4081,#4082,#4083,#4084),
 .UNSPECIFIED.,.F.,.F.,(4,1,4),(0.,0.0350578894529857,0.057641399365873),
 .UNSPECIFIED.);
#1055=B_SPLINE_CURVE_WITH_KNOTS('',3,(#4087,#4088,#4089,#4090,#4091),
 .UNSPECIFIED.,.F.,.F.,(4,1,4),(0.,0.0350578894529857,0.057641399365873),
 .UNSPECIFIED.);
#1056=B_SPLINE_CURVE_WITH_KNOTS('',3,(#4103,#4104,#4105,#4106,#4107),
 .UNSPECIFIED.,.F.,.F.,(4,1,4),(0.,0.0193622693416933,0.0532205677647684),
 .UNSPECIFIED.);
#1057=B_SPLINE_CURVE_WITH_KNOTS('',3,(#4110,#4111,#4112,#4113,#4114),
 .UNSPECIFIED.,.F.,.F.,(4,1,4),(0.,0.0193622693416933,0.0532205677647684),
 .UNSPECIFIED.);
#1058=B_SPLINE_CURVE_WITH_KNOTS('',3,(#4126,#4127,#4128,#4129,#4130),
 .UNSPECIFIED.,.F.,.F.,(4,1,4),(0.,0.0125164704445276,0.0248037264041875),
 .UNSPECIFIED.);
#1059=B_SPLINE_CURVE_WITH_KNOTS('',3,(#4133,#4134,#4135,#4136,#4137),
 .UNSPECIFIED.,.F.,.F.,(4,1,4),(0.,0.0125164704445276,0.0248037264041875),
 .UNSPECIFIED.);
#1060=B_SPLINE_CURVE_WITH_KNOTS('',3,(#4149,#4150,#4151,#4152,#4153),
 .UNSPECIFIED.,.F.,.F.,(4,1,4),(0.,0.0159097315293391,0.0307020106407232),
 .UNSPECIFIED.);
#1061=B_SPLINE_CURVE_WITH_KNOTS('',3,(#4156,#4157,#4158,#4159,#4160),
 .UNSPECIFIED.,.F.,.F.,(4,1,4),(0.,0.0159097315293391,0.0307020106407232),
 .UNSPECIFIED.);
#1062=B_SPLINE_CURVE_WITH_KNOTS('',3,(#4172,#4173,#4174,#4175,#4176),
 .UNSPECIFIED.,.F.,.F.,(4,1,4),(0.,0.0260875083789741,0.0457056077948195),
 .UNSPECIFIED.);
#1063=B_SPLINE_CURVE_WITH_KNOTS('',3,(#4179,#4180,#4181,#4182,#4183),
 .UNSPECIFIED.,.F.,.F.,(4,1,4),(0.,0.0260875083789741,0.0457056077948195),
 .UNSPECIFIED.);
#1064=B_SPLINE_CURVE_WITH_KNOTS('',3,(#4195,#4196,#4197,#4198,#4199),
 .UNSPECIFIED.,.F.,.F.,(4,1,4),(0.,0.0204007545520506,0.0458838449620491),
 .UNSPECIFIED.);
#1065=B_SPLINE_CURVE_WITH_KNOTS('',3,(#4202,#4203,#4204,#4205,#4206),
 .UNSPECIFIED.,.F.,.F.,(4,1,4),(0.,0.0204007545520506,0.0458838449620491),
 .UNSPECIFIED.);
#1066=B_SPLINE_CURVE_WITH_KNOTS('',3,(#4218,#4219,#4220,#4221,#4222),
 .UNSPECIFIED.,.F.,.F.,(4,1,4),(0.,0.0215470234058686,0.0405775009074972),
 .UNSPECIFIED.);
#1067=B_SPLINE_CURVE_WITH_KNOTS('',3,(#4225,#4226,#4227,#4228,#4229),
 .UNSPECIFIED.,.F.,.F.,(4,1,4),(0.,0.0215470234058686,0.0405775009074972),
 .UNSPECIFIED.);
#1068=B_SPLINE_CURVE_WITH_KNOTS('',3,(#4247,#4248,#4249,#4250,#4251),
 .UNSPECIFIED.,.F.,.F.,(4,1,4),(0.,0.0205197757126834,0.0416583947571025),
 .UNSPECIFIED.);
#1069=B_SPLINE_CURVE_WITH_KNOTS('',3,(#4254,#4255,#4256,#4257,#4258),
 .UNSPECIFIED.,.F.,.F.,(4,1,4),(0.,0.0205197757126834,0.0416583947571025),
 .UNSPECIFIED.);
#1070=B_SPLINE_CURVE_WITH_KNOTS('',3,(#4270,#4271,#4272,#4273,#4274),
 .UNSPECIFIED.,.F.,.F.,(4,1,4),(0.,0.0217962915792644,0.0424402003104033),
 .UNSPECIFIED.);
#1071=B_SPLINE_CURVE_WITH_KNOTS('',3,(#4277,#4278,#4279,#4280,#4281),
 .UNSPECIFIED.,.F.,.F.,(4,1,4),(0.,0.0217962915792644,0.0424402003104033),
 .UNSPECIFIED.);
#1072=B_SPLINE_CURVE_WITH_KNOTS('',3,(#4293,#4294,#4295,#4296,#4297),
 .UNSPECIFIED.,.F.,.F.,(4,1,4),(0.,0.0262509454671975,0.0500888202501259),
 .UNSPECIFIED.);
#1073=B_SPLINE_CURVE_WITH_KNOTS('',3,(#4300,#4301,#4302,#4303,#4304),
 .UNSPECIFIED.,.F.,.F.,(4,1,4),(0.,0.0262509454671975,0.0500888202501259),
 .UNSPECIFIED.);
#1074=B_SPLINE_CURVE_WITH_KNOTS('',3,(#4316,#4317,#4318,#4319,#4320),
 .UNSPECIFIED.,.F.,.F.,(4,1,4),(0.,0.0227046676402498,0.0468864717220878),
 .UNSPECIFIED.);
#1075=B_SPLINE_CURVE_WITH_KNOTS('',3,(#4323,#4324,#4325,#4326,#4327),
 .UNSPECIFIED.,.F.,.F.,(4,1,4),(0.,0.0227046676402498,0.0468864717220878),
 .UNSPECIFIED.);
#1076=B_SPLINE_CURVE_WITH_KNOTS('',3,(#4339,#4340,#4341,#4342,#4343),
 .UNSPECIFIED.,.F.,.F.,(4,1,4),(0.,0.0196000625210583,0.0405830484271909),
 .UNSPECIFIED.);
#1077=B_SPLINE_CURVE_WITH_KNOTS('',3,(#4346,#4347,#4348,#4349,#4350),
 .UNSPECIFIED.,.F.,.F.,(4,1,4),(0.,0.0196000625210583,0.0405830484271909),
 .UNSPECIFIED.);
#1078=B_SPLINE_CURVE_WITH_KNOTS('',3,(#4362,#4363,#4364,#4365,#4366),
 .UNSPECIFIED.,.F.,.F.,(4,1,4),(0.,0.0185068110490743,0.037387097132148),
 .UNSPECIFIED.);
#1079=B_SPLINE_CURVE_WITH_KNOTS('',3,(#4369,#4370,#4371,#4372,#4373),
 .UNSPECIFIED.,.F.,.F.,(4,1,4),(0.,0.0185068110490743,0.037387097132148),
 .UNSPECIFIED.);
#1080=B_SPLINE_CURVE_WITH_KNOTS('',3,(#4385,#4386,#4387,#4388,#4389),
 .UNSPECIFIED.,.F.,.F.,(4,1,4),(0.,0.0161353684230444,0.0326741487715151),
 .UNSPECIFIED.);
#1081=B_SPLINE_CURVE_WITH_KNOTS('',3,(#4392,#4393,#4394,#4395,#4396),
 .UNSPECIFIED.,.F.,.F.,(4,1,4),(0.,0.0161353684230444,0.0326741487715151),
 .UNSPECIFIED.);
#1082=B_SPLINE_CURVE_WITH_KNOTS('',3,(#4408,#4409,#4410,#4411,#4412),
 .UNSPECIFIED.,.F.,.F.,(4,1,4),(0.,0.0188303114515902,0.0357250676708431),
 .UNSPECIFIED.);
#1083=B_SPLINE_CURVE_WITH_KNOTS('',3,(#4415,#4416,#4417,#4418,#4419),
 .UNSPECIFIED.,.F.,.F.,(4,1,4),(0.,0.0188303114515902,0.0357250676708431),
 .UNSPECIFIED.);
#1084=B_SPLINE_CURVE_WITH_KNOTS('',3,(#4431,#4432,#4433,#4434,#4435),
 .UNSPECIFIED.,.F.,.F.,(4,1,4),(0.,0.0303713938490624,0.0507966149004552),
 .UNSPECIFIED.);
#1085=B_SPLINE_CURVE_WITH_KNOTS('',3,(#4438,#4439,#4440,#4441,#4442),
 .UNSPECIFIED.,.F.,.F.,(4,1,4),(0.,0.0303713938490624,0.0507966149004552),
 .UNSPECIFIED.);
#1086=B_SPLINE_CURVE_WITH_KNOTS('',3,(#4454,#4455,#4456,#4457,#4458),
 .UNSPECIFIED.,.F.,.F.,(4,1,4),(0.,0.0169166327070174,0.0461635340883558),
 .UNSPECIFIED.);
#1087=B_SPLINE_CURVE_WITH_KNOTS('',3,(#4461,#4462,#4463,#4464,#4465),
 .UNSPECIFIED.,.F.,.F.,(4,1,4),(0.,0.0169166327070174,0.0461635340883558),
 .UNSPECIFIED.);
#1088=B_SPLINE_CURVE_WITH_KNOTS('',3,(#4477,#4478,#4479,#4480,#4481),
 .UNSPECIFIED.,.F.,.F.,(4,1,4),(0.,0.0121226174701419,0.0271563412959913),
 .UNSPECIFIED.);
#1089=B_SPLINE_CURVE_WITH_KNOTS('',3,(#4484,#4485,#4486,#4487,#4488),
 .UNSPECIFIED.,.F.,.F.,(4,1,4),(0.,0.0121226174701419,0.0271563412959913),
 .UNSPECIFIED.);
#1090=B_SPLINE_CURVE_WITH_KNOTS('',3,(#4500,#4501,#4502,#4503,#4504),
 .UNSPECIFIED.,.F.,.F.,(4,1,4),(0.,0.0111517941272745,0.021966834050742),
 .UNSPECIFIED.);
#1091=B_SPLINE_CURVE_WITH_KNOTS('',3,(#4507,#4508,#4509,#4510,#4511),
 .UNSPECIFIED.,.F.,.F.,(4,1,4),(0.,0.0111517941272745,0.021966834050742),
 .UNSPECIFIED.);
#1092=B_SPLINE_CURVE_WITH_KNOTS('',3,(#4523,#4524,#4525,#4526,#4527),
 .UNSPECIFIED.,.F.,.F.,(4,1,4),(0.,0.011545641711429,0.0228336981928184),
 .UNSPECIFIED.);
#1093=B_SPLINE_CURVE_WITH_KNOTS('',3,(#4530,#4531,#4532,#4533,#4534),
 .UNSPECIFIED.,.F.,.F.,(4,1,4),(0.,0.011545641711429,0.0228336981928184),
 .UNSPECIFIED.);
#1094=B_SPLINE_CURVE_WITH_KNOTS('',3,(#4546,#4547,#4548,#4549,#4550),
 .UNSPECIFIED.,.F.,.F.,(4,1,4),(0.,0.0142934554669549,0.0268046754683475),
 .UNSPECIFIED.);
#1095=B_SPLINE_CURVE_WITH_KNOTS('',3,(#4553,#4554,#4555,#4556,#4557),
 .UNSPECIFIED.,.F.,.F.,(4,1,4),(0.,0.0142934554669549,0.0268046754683475),
 .UNSPECIFIED.);
#1096=B_SPLINE_CURVE_WITH_KNOTS('',3,(#4569,#4570,#4571,#4572,#4573),
 .UNSPECIFIED.,.F.,.F.,(4,1,4),(0.,0.017876074376594,0.0340405165955439),
 .UNSPECIFIED.);
#1097=B_SPLINE_CURVE_WITH_KNOTS('',3,(#4576,#4577,#4578,#4579,#4580),
 .UNSPECIFIED.,.F.,.F.,(4,1,4),(0.,0.017876074376594,0.0340405165955439),
 .UNSPECIFIED.);
#1098=B_SPLINE_CURVE_WITH_KNOTS('',3,(#4592,#4593,#4594,#4595,#4596),
 .UNSPECIFIED.,.F.,.F.,(4,1,4),(0.,0.0189539707461284,0.0392893900087161),
 .UNSPECIFIED.);
#1099=B_SPLINE_CURVE_WITH_KNOTS('',3,(#4599,#4600,#4601,#4602,#4603),
 .UNSPECIFIED.,.F.,.F.,(4,1,4),(0.,0.0189539707461284,0.0392893900087161),
 .UNSPECIFIED.);
#1100=B_SPLINE_CURVE_WITH_KNOTS('',3,(#4615,#4616,#4617,#4618,#4619),
 .UNSPECIFIED.,.F.,.F.,(4,1,4),(0.,0.0150023944924549,0.0321171631239275),
 .UNSPECIFIED.);
#1101=B_SPLINE_CURVE_WITH_KNOTS('',3,(#4622,#4623,#4624,#4625,#4626),
 .UNSPECIFIED.,.F.,.F.,(4,1,4),(0.,0.0150023944924549,0.0321171631239275),
 .UNSPECIFIED.);
#1102=B_SPLINE_CURVE_WITH_KNOTS('',3,(#4638,#4639,#4640,#4641,#4642),
 .UNSPECIFIED.,.F.,.F.,(4,1,4),(0.,0.0174682445165038,0.0326938060890072),
 .UNSPECIFIED.);
#1103=B_SPLINE_CURVE_WITH_KNOTS('',3,(#4645,#4646,#4647,#4648,#4649),
 .UNSPECIFIED.,.F.,.F.,(4,1,4),(0.,0.0174682445165038,0.0326938060890072),
 .UNSPECIFIED.);
#1104=B_SPLINE_CURVE_WITH_KNOTS('',3,(#4666,#4667,#4668,#4669,#4670),
 .UNSPECIFIED.,.F.,.F.,(4,1,4),(0.,0.0233912912966556,0.0474568164397344),
 .UNSPECIFIED.);
#1105=B_SPLINE_CURVE_WITH_KNOTS('',3,(#4671,#4672,#4673,#4674,#4675),
 .UNSPECIFIED.,.F.,.F.,(4,1,4),(0.,0.0233912912966556,0.0474568164397344),
 .UNSPECIFIED.);
#1106=B_SPLINE_CURVE_WITH_KNOTS('',3,(#4697,#4698,#4699,#4700,#4701),
 .UNSPECIFIED.,.F.,.F.,(4,1,4),(0.,0.0152761458279398,0.0382720196507317),
 .UNSPECIFIED.);
#1107=B_SPLINE_CURVE_WITH_KNOTS('',3,(#4704,#4705,#4706,#4707,#4708),
 .UNSPECIFIED.,.F.,.F.,(4,1,4),(0.,0.0152761458279398,0.0382720196507317),
 .UNSPECIFIED.);
#1108=B_SPLINE_CURVE_WITH_KNOTS('',3,(#4720,#4721,#4722,#4723,#4724),
 .UNSPECIFIED.,.F.,.F.,(4,1,4),(0.,0.0107744008674071,0.0217757528617326),
 .UNSPECIFIED.);
#1109=B_SPLINE_CURVE_WITH_KNOTS('',3,(#4727,#4728,#4729,#4730,#4731),
 .UNSPECIFIED.,.F.,.F.,(4,1,4),(0.,0.0107744008674071,0.0217757528617326),
 .UNSPECIFIED.);
#1110=B_SPLINE_CURVE_WITH_KNOTS('',3,(#4743,#4744,#4745,#4746,#4747),
 .UNSPECIFIED.,.F.,.F.,(4,1,4),(0.,0.0117975340896223,0.0229462454057749),
 .UNSPECIFIED.);
#1111=B_SPLINE_CURVE_WITH_KNOTS('',3,(#4750,#4751,#4752,#4753,#4754),
 .UNSPECIFIED.,.F.,.F.,(4,1,4),(0.,0.0117975340896223,0.0229462454057749),
 .UNSPECIFIED.);
#1112=B_SPLINE_CURVE_WITH_KNOTS('',3,(#4766,#4767,#4768,#4769,#4770),
 .UNSPECIFIED.,.F.,.F.,(4,1,4),(0.,0.0109157053339286,0.0230440615350045),
 .UNSPECIFIED.);
#1113=B_SPLINE_CURVE_WITH_KNOTS('',3,(#4773,#4774,#4775,#4776,#4777),
 .UNSPECIFIED.,.F.,.F.,(4,1,4),(0.,0.0109157053339286,0.0230440615350045),
 .UNSPECIFIED.);
#1114=B_SPLINE_CURVE_WITH_KNOTS('',3,(#4789,#4790,#4791,#4792,#4793),
 .UNSPECIFIED.,.F.,.F.,(4,1,4),(0.,0.0121356043948991,0.0230389876930334),
 .UNSPECIFIED.);
#1115=B_SPLINE_CURVE_WITH_KNOTS('',3,(#4796,#4797,#4798,#4799,#4800),
 .UNSPECIFIED.,.F.,.F.,(4,1,4),(0.,0.0121356043948991,0.0230389876930334),
 .UNSPECIFIED.);
#1116=B_SPLINE_CURVE_WITH_KNOTS('',3,(#4812,#4813,#4814,#4815,#4816),
 .UNSPECIFIED.,.F.,.F.,(4,1,4),(0.,0.0189002290085511,0.0317477243385713),
 .UNSPECIFIED.);
#1117=B_SPLINE_CURVE_WITH_KNOTS('',3,(#4819,#4820,#4821,#4822,#4823),
 .UNSPECIFIED.,.F.,.F.,(4,1,4),(0.,0.0189002290085511,0.0317477243385713),
 .UNSPECIFIED.);
#1118=B_SPLINE_CURVE_WITH_KNOTS('',3,(#4853,#4854,#4855,#4856,#4857),
 .UNSPECIFIED.,.F.,.F.,(4,1,4),(0.,0.0158108315818738,0.0369186155233401),
 .UNSPECIFIED.);
#1119=B_SPLINE_CURVE_WITH_KNOTS('',3,(#4860,#4861,#4862,#4863,#4864),
 .UNSPECIFIED.,.F.,.F.,(4,1,4),(0.,0.0158108315818738,0.0369186155233401),
 .UNSPECIFIED.);
#1120=B_SPLINE_CURVE_WITH_KNOTS('',3,(#4876,#4877,#4878,#4879,#4880),
 .UNSPECIFIED.,.F.,.F.,(4,1,4),(0.,0.0122555802683232,0.0249344734505325),
 .UNSPECIFIED.);
#1121=B_SPLINE_CURVE_WITH_KNOTS('',3,(#4883,#4884,#4885,#4886,#4887),
 .UNSPECIFIED.,.F.,.F.,(4,1,4),(0.,0.0122555802683232,0.0249344734505325),
 .UNSPECIFIED.);
#1122=B_SPLINE_CURVE_WITH_KNOTS('',3,(#4899,#4900,#4901,#4902,#4903),
 .UNSPECIFIED.,.F.,.F.,(4,1,4),(0.,0.0131891257317348,0.0256412236653126),
 .UNSPECIFIED.);
#1123=B_SPLINE_CURVE_WITH_KNOTS('',3,(#4906,#4907,#4908,#4909,#4910),
 .UNSPECIFIED.,.F.,.F.,(4,1,4),(0.,0.0131891257317348,0.0256412236653126),
 .UNSPECIFIED.);
#1124=B_SPLINE_CURVE_WITH_KNOTS('',3,(#4922,#4923,#4924,#4925,#4926),
 .UNSPECIFIED.,.F.,.F.,(4,1,4),(0.,0.0105035800557087,0.0218052125467719),
 .UNSPECIFIED.);
#1125=B_SPLINE_CURVE_WITH_KNOTS('',3,(#4929,#4930,#4931,#4932,#4933),
 .UNSPECIFIED.,.F.,.F.,(4,1,4),(0.,0.0105035800557087,0.0218052125467719),
 .UNSPECIFIED.);
#1126=B_SPLINE_CURVE_WITH_KNOTS('',3,(#4945,#4946,#4947,#4948,#4949),
 .UNSPECIFIED.,.F.,.F.,(4,1,4),(0.,0.00912413647633057,0.0189349095175956),
 .UNSPECIFIED.);
#1127=B_SPLINE_CURVE_WITH_KNOTS('',3,(#4952,#4953,#4954,#4955,#4956),
 .UNSPECIFIED.,.F.,.F.,(4,1,4),(0.,0.00912413647633057,0.0189349095175956),
 .UNSPECIFIED.);
#1128=B_SPLINE_CURVE_WITH_KNOTS('',3,(#4968,#4969,#4970,#4971,#4972),
 .UNSPECIFIED.,.F.,.F.,(4,1,4),(0.,0.0108367971391729,0.0203717722061518),
 .UNSPECIFIED.);
#1129=B_SPLINE_CURVE_WITH_KNOTS('',3,(#4975,#4976,#4977,#4978,#4979),
 .UNSPECIFIED.,.F.,.F.,(4,1,4),(0.,0.0108367971391729,0.0203717722061518),
 .UNSPECIFIED.);
#1130=B_SPLINE_CURVE_WITH_KNOTS('',3,(#4991,#4992,#4993,#4994,#4995),
 .UNSPECIFIED.,.F.,.F.,(4,1,4),(0.,0.0136458127710088,0.0225586363558566),
 .UNSPECIFIED.);
#1131=B_SPLINE_CURVE_WITH_KNOTS('',3,(#4998,#4999,#5000,#5001,#5002),
 .UNSPECIFIED.,.F.,.F.,(4,1,4),(0.,0.0136458127710088,0.0225586363558566),
 .UNSPECIFIED.);
#1132=B_SPLINE_CURVE_WITH_KNOTS('',3,(#5024,#5025,#5026,#5027,#5028),
 .UNSPECIFIED.,.F.,.F.,(4,1,4),(0.,0.0185770898615216,0.0406218313445531),
 .UNSPECIFIED.);
#1133=B_SPLINE_CURVE_WITH_KNOTS('',3,(#5032,#5033,#5034,#5035,#5036),
 .UNSPECIFIED.,.F.,.F.,(4,1,4),(0.,0.0185770898615216,0.0406218313445531),
 .UNSPECIFIED.);
#1134=B_SPLINE_CURVE_WITH_KNOTS('',3,(#5049,#5050,#5051,#5052,#5053),
 .UNSPECIFIED.,.F.,.F.,(4,1,4),(0.,0.0142437118561258,0.0301798462448372),
 .UNSPECIFIED.);
#1135=B_SPLINE_CURVE_WITH_KNOTS('',3,(#5056,#5057,#5058,#5059,#5060),
 .UNSPECIFIED.,.F.,.F.,(4,1,4),(0.,0.0142437118561258,0.0301798462448372),
 .UNSPECIFIED.);
#1136=B_SPLINE_CURVE_WITH_KNOTS('',3,(#5072,#5073,#5074,#5075,#5076),
 .UNSPECIFIED.,.F.,.F.,(4,1,4),(0.,0.0157288187133592,0.0298374708745805),
 .UNSPECIFIED.);
#1137=B_SPLINE_CURVE_WITH_KNOTS('',3,(#5079,#5080,#5081,#5082,#5083),
 .UNSPECIFIED.,.F.,.F.,(4,1,4),(0.,0.0157288187133592,0.0298374708745805),
 .UNSPECIFIED.);
#1138=B_SPLINE_CURVE_WITH_KNOTS('',3,(#5095,#5096,#5097,#5098,#5099),
 .UNSPECIFIED.,.F.,.F.,(4,1,4),(0.,0.0170477867624159,0.033714107300601),
 .UNSPECIFIED.);
#1139=B_SPLINE_CURVE_WITH_KNOTS('',3,(#5102,#5103,#5104,#5105,#5106),
 .UNSPECIFIED.,.F.,.F.,(4,1,4),(0.,0.0170477867624159,0.033714107300601),
 .UNSPECIFIED.);
#1140=B_SPLINE_CURVE_WITH_KNOTS('',3,(#5118,#5119,#5120,#5121,#5122),
 .UNSPECIFIED.,.F.,.F.,(4,1,4),(0.,0.0197271725610409,0.0403324886890094),
 .UNSPECIFIED.);
#1141=B_SPLINE_CURVE_WITH_KNOTS('',3,(#5125,#5126,#5127,#5128,#5129),
 .UNSPECIFIED.,.F.,.F.,(4,1,4),(0.,0.0197271725610409,0.0403324886890094),
 .UNSPECIFIED.);
#1142=B_SPLINE_CURVE_WITH_KNOTS('',3,(#5141,#5142,#5143,#5144,#5145),
 .UNSPECIFIED.,.F.,.F.,(4,1,4),(0.,0.0219834857537341,0.0421519767331008),
 .UNSPECIFIED.);
#1143=B_SPLINE_CURVE_WITH_KNOTS('',3,(#5148,#5149,#5150,#5151,#5152),
 .UNSPECIFIED.,.F.,.F.,(4,1,4),(0.,0.0219834857537341,0.0421519767331008),
 .UNSPECIFIED.);
#1144=B_SPLINE_CURVE_WITH_KNOTS('',3,(#5164,#5165,#5166,#5167,#5168),
 .UNSPECIFIED.,.F.,.F.,(4,1,4),(0.,0.0168135769876409,0.0351654579684834),
 .UNSPECIFIED.);
#1145=B_SPLINE_CURVE_WITH_KNOTS('',3,(#5171,#5172,#5173,#5174,#5175),
 .UNSPECIFIED.,.F.,.F.,(4,1,4),(0.,0.0168135769876409,0.0351654579684834),
 .UNSPECIFIED.);
#1146=B_SPLINE_CURVE_WITH_KNOTS('',3,(#5187,#5188,#5189,#5190,#5191),
 .UNSPECIFIED.,.F.,.F.,(4,1,4),(0.,0.015712208500306,0.0317241976312862),
 .UNSPECIFIED.);
#1147=B_SPLINE_CURVE_WITH_KNOTS('',3,(#5194,#5195,#5196,#5197,#5198),
 .UNSPECIFIED.,.F.,.F.,(4,1,4),(0.,0.015712208500306,0.0317241976312862),
 .UNSPECIFIED.);
#1148=B_SPLINE_CURVE_WITH_KNOTS('',3,(#5210,#5211,#5212,#5213,#5214),
 .UNSPECIFIED.,.F.,.F.,(4,1,4),(0.,0.0177334374092334,0.0347720644709187),
 .UNSPECIFIED.);
#1149=B_SPLINE_CURVE_WITH_KNOTS('',3,(#5217,#5218,#5219,#5220,#5221),
 .UNSPECIFIED.,.F.,.F.,(4,1,4),(0.,0.0177334374092334,0.0347720644709187),
 .UNSPECIFIED.);
#1150=B_SPLINE_CURVE_WITH_KNOTS('',3,(#5233,#5234,#5235,#5236,#5237),
 .UNSPECIFIED.,.F.,.F.,(4,1,4),(0.,0.0181937980673923,0.0362190434656116),
 .UNSPECIFIED.);
#1151=B_SPLINE_CURVE_WITH_KNOTS('',3,(#5240,#5241,#5242,#5243,#5244),
 .UNSPECIFIED.,.F.,.F.,(4,1,4),(0.,0.0181937980673923,0.0362190434656116),
 .UNSPECIFIED.);
#1152=B_SPLINE_CURVE_WITH_KNOTS('',3,(#5256,#5257,#5258,#5259,#5260),
 .UNSPECIFIED.,.F.,.F.,(4,1,4),(0.,0.0258839153748499,0.0468166199283065),
 .UNSPECIFIED.);
#1153=B_SPLINE_CURVE_WITH_KNOTS('',3,(#5263,#5264,#5265,#5266,#5267),
 .UNSPECIFIED.,.F.,.F.,(4,1,4),(0.,0.0258839153748499,0.0468166199283065),
 .UNSPECIFIED.);
#1154=B_SPLINE_CURVE_WITH_KNOTS('',3,(#5369,#5370,#5371,#5372,#5373),
 .UNSPECIFIED.,.F.,.F.,(4,1,4),(0.,0.0268289798453926,0.0664548850006869),
 .UNSPECIFIED.);
#1155=B_SPLINE_CURVE_WITH_KNOTS('',3,(#5377,#5378,#5379,#5380,#5381),
 .UNSPECIFIED.,.F.,.F.,(4,1,4),(0.,0.0268289798453926,0.0664548850006869),
 .UNSPECIFIED.);
#1156=B_SPLINE_CURVE_WITH_KNOTS('',3,(#5394,#5395,#5396,#5397,#5398),
 .UNSPECIFIED.,.F.,.F.,(4,1,4),(0.,0.0315224369874872,0.0557088580596073),
 .UNSPECIFIED.);
#1157=B_SPLINE_CURVE_WITH_KNOTS('',3,(#5401,#5402,#5403,#5404,#5405),
 .UNSPECIFIED.,.F.,.F.,(4,1,4),(0.,0.0315224369874872,0.0557088580596073),
 .UNSPECIFIED.);
#1158=B_SPLINE_CURVE_WITH_KNOTS('',3,(#5417,#5418,#5419,#5420,#5421),
 .UNSPECIFIED.,.F.,.F.,(4,1,4),(0.,0.0175494999207853,0.0373353451608001),
 .UNSPECIFIED.);
#1159=B_SPLINE_CURVE_WITH_KNOTS('',3,(#5424,#5425,#5426,#5427,#5428),
 .UNSPECIFIED.,.F.,.F.,(4,1,4),(0.,0.0175494999207853,0.0373353451608001),
 .UNSPECIFIED.);
#1160=B_SPLINE_CURVE_WITH_KNOTS('',3,(#5440,#5441,#5442,#5443,#5444),
 .UNSPECIFIED.,.F.,.F.,(4,1,4),(0.,0.0159500729381997,0.032096151554866),
 .UNSPECIFIED.);
#1161=B_SPLINE_CURVE_WITH_KNOTS('',3,(#5447,#5448,#5449,#5450,#5451),
 .UNSPECIFIED.,.F.,.F.,(4,1,4),(0.,0.0159500729381997,0.032096151554866),
 .UNSPECIFIED.);
#1162=B_SPLINE_CURVE_WITH_KNOTS('',3,(#5463,#5464,#5465,#5466,#5467),
 .UNSPECIFIED.,.F.,.F.,(4,1,4),(0.,0.0283274684652708,0.0485612519680079),
 .UNSPECIFIED.);
#1163=B_SPLINE_CURVE_WITH_KNOTS('',3,(#5470,#5471,#5472,#5473,#5474),
 .UNSPECIFIED.,.F.,.F.,(4,1,4),(0.,0.0283274684652708,0.0485612519680079),
 .UNSPECIFIED.);
#1164=B_SPLINE_CURVE_WITH_KNOTS('',3,(#5504,#5505,#5506,#5507,#5508),
 .UNSPECIFIED.,.F.,.F.,(4,1,4),(0.,0.028065219455503,0.0636799486945475),
 .UNSPECIFIED.);
#1165=B_SPLINE_CURVE_WITH_KNOTS('',3,(#5511,#5512,#5513,#5514,#5515),
 .UNSPECIFIED.,.F.,.F.,(4,1,4),(0.,0.028065219455503,0.0636799486945475),
 .UNSPECIFIED.);
#1166=B_SPLINE_CURVE_WITH_KNOTS('',3,(#5527,#5528,#5529,#5530,#5531),
 .UNSPECIFIED.,.F.,.F.,(4,1,4),(0.,0.0242055763304774,0.0481162587002329),
 .UNSPECIFIED.);
#1167=B_SPLINE_CURVE_WITH_KNOTS('',3,(#5534,#5535,#5536,#5537,#5538),
 .UNSPECIFIED.,.F.,.F.,(4,1,4),(0.,0.0242055763304774,0.0481162587002329),
 .UNSPECIFIED.);
#1168=B_SPLINE_CURVE_WITH_KNOTS('',3,(#5550,#5551,#5552,#5553,#5554),
 .UNSPECIFIED.,.F.,.F.,(4,1,4),(0.,0.0320752631236582,0.0591788901176385),
 .UNSPECIFIED.);
#1169=B_SPLINE_CURVE_WITH_KNOTS('',3,(#5557,#5558,#5559,#5560,#5561),
 .UNSPECIFIED.,.F.,.F.,(4,1,4),(0.,0.0320752631236582,0.0591788901176385),
 .UNSPECIFIED.);
#1170=B_SPLINE_CURVE_WITH_KNOTS('',3,(#5573,#5574,#5575,#5576,#5577),
 .UNSPECIFIED.,.F.,.F.,(4,1,4),(0.,0.0277603983435749,0.0606228479150272),
 .UNSPECIFIED.);
#1171=B_SPLINE_CURVE_WITH_KNOTS('',3,(#5580,#5581,#5582,#5583,#5584),
 .UNSPECIFIED.,.F.,.F.,(4,1,4),(0.,0.0277603983435749,0.0606228479150272),
 .UNSPECIFIED.);
#1172=B_SPLINE_CURVE_WITH_KNOTS('',3,(#5596,#5597,#5598,#5599,#5600),
 .UNSPECIFIED.,.F.,.F.,(4,1,4),(0.,0.023389696394185,0.0480716519679509),
 .UNSPECIFIED.);
#1173=B_SPLINE_CURVE_WITH_KNOTS('',3,(#5603,#5604,#5605,#5606,#5607),
 .UNSPECIFIED.,.F.,.F.,(4,1,4),(0.,0.023389696394185,0.0480716519679509),
 .UNSPECIFIED.);
#1174=B_SPLINE_CURVE_WITH_KNOTS('',3,(#5619,#5620,#5621,#5622,#5623),
 .UNSPECIFIED.,.F.,.F.,(4,1,4),(0.,0.0338751314889561,0.0606973542641305),
 .UNSPECIFIED.);
#1175=B_SPLINE_CURVE_WITH_KNOTS('',3,(#5626,#5627,#5628,#5629,#5630),
 .UNSPECIFIED.,.F.,.F.,(4,1,4),(0.,0.0338751314889561,0.0606973542641305),
 .UNSPECIFIED.);
#1176=B_SPLINE_CURVE_WITH_KNOTS('',3,(#5692,#5693,#5694,#5695,#5696),
 .UNSPECIFIED.,.F.,.F.,(4,1,4),(0.,0.0152761458279398,0.0382719600891509),
 .UNSPECIFIED.);
#1177=B_SPLINE_CURVE_WITH_KNOTS('',3,(#5699,#5700,#5701,#5702,#5703),
 .UNSPECIFIED.,.F.,.F.,(4,1,4),(0.,0.0152761458279398,0.0382719600891509),
 .UNSPECIFIED.);
#1178=B_SPLINE_CURVE_WITH_KNOTS('',3,(#5715,#5716,#5717,#5718,#5719),
 .UNSPECIFIED.,.F.,.F.,(4,1,4),(0.,0.0107743607728529,0.0217757127671784),
 .UNSPECIFIED.);
#1179=B_SPLINE_CURVE_WITH_KNOTS('',3,(#5722,#5723,#5724,#5725,#5726),
 .UNSPECIFIED.,.F.,.F.,(4,1,4),(0.,0.0107743607728529,0.0217757127671784),
 .UNSPECIFIED.);
#1180=B_SPLINE_CURVE_WITH_KNOTS('',3,(#5738,#5739,#5740,#5741,#5742),
 .UNSPECIFIED.,.F.,.F.,(4,1,4),(0.,0.0117975190115148,0.0229463021242884),
 .UNSPECIFIED.);
#1181=B_SPLINE_CURVE_WITH_KNOTS('',3,(#5745,#5746,#5747,#5748,#5749),
 .UNSPECIFIED.,.F.,.F.,(4,1,4),(0.,0.0117975190115148,0.0229463021242884),
 .UNSPECIFIED.);
#1182=B_SPLINE_CURVE_WITH_KNOTS('',3,(#5761,#5762,#5763,#5764,#5765),
 .UNSPECIFIED.,.F.,.F.,(4,1,4),(0.,0.0109157577126833,0.0230440981994283),
 .UNSPECIFIED.);
#1183=B_SPLINE_CURVE_WITH_KNOTS('',3,(#5768,#5769,#5770,#5771,#5772),
 .UNSPECIFIED.,.F.,.F.,(4,1,4),(0.,0.0109157577126833,0.0230440981994283),
 .UNSPECIFIED.);
#1184=B_SPLINE_CURVE_WITH_KNOTS('',3,(#5784,#5785,#5786,#5787,#5788),
 .UNSPECIFIED.,.F.,.F.,(4,1,4),(0.,0.0121357674060584,0.0230390637727839),
 .UNSPECIFIED.);
#1185=B_SPLINE_CURVE_WITH_KNOTS('',3,(#5791,#5792,#5793,#5794,#5795),
 .UNSPECIFIED.,.F.,.F.,(4,1,4),(0.,0.0121357674060584,0.0230390637727839),
 .UNSPECIFIED.);
#1186=B_SPLINE_CURVE_WITH_KNOTS('',3,(#5807,#5808,#5809,#5810,#5811),
 .UNSPECIFIED.,.F.,.F.,(4,1,4),(0.,0.0189003481301618,0.031747667225645),
 .UNSPECIFIED.);
#1187=B_SPLINE_CURVE_WITH_KNOTS('',3,(#5814,#5815,#5816,#5817,#5818),
 .UNSPECIFIED.,.F.,.F.,(4,1,4),(0.,0.0189003481301618,0.031747667225645),
 .UNSPECIFIED.);
#1188=B_SPLINE_CURVE_WITH_KNOTS('',3,(#5848,#5849,#5850,#5851,#5852),
 .UNSPECIFIED.,.F.,.F.,(4,1,4),(0.,0.0158107147372395,0.0369186177419508),
 .UNSPECIFIED.);
#1189=B_SPLINE_CURVE_WITH_KNOTS('',3,(#5855,#5856,#5857,#5858,#5859),
 .UNSPECIFIED.,.F.,.F.,(4,1,4),(0.,0.0158107147372395,0.0369186177419508),
 .UNSPECIFIED.);
#1190=B_SPLINE_CURVE_WITH_KNOTS('',3,(#5871,#5872,#5873,#5874,#5875),
 .UNSPECIFIED.,.F.,.F.,(4,1,4),(0.,0.0122554971225335,0.0249345499388843),
 .UNSPECIFIED.);
#1191=B_SPLINE_CURVE_WITH_KNOTS('',3,(#5878,#5879,#5880,#5881,#5882),
 .UNSPECIFIED.,.F.,.F.,(4,1,4),(0.,0.0122554971225335,0.0249345499388843),
 .UNSPECIFIED.);
#1192=B_SPLINE_CURVE_WITH_KNOTS('',3,(#5894,#5895,#5896,#5897,#5898),
 .UNSPECIFIED.,.F.,.F.,(4,1,4),(0.,0.0131891338236482,0.025641206044023),
 .UNSPECIFIED.);
#1193=B_SPLINE_CURVE_WITH_KNOTS('',3,(#5901,#5902,#5903,#5904,#5905),
 .UNSPECIFIED.,.F.,.F.,(4,1,4),(0.,0.0131891338236482,0.025641206044023),
 .UNSPECIFIED.);
#1194=B_SPLINE_CURVE_WITH_KNOTS('',3,(#5917,#5918,#5919,#5920,#5921),
 .UNSPECIFIED.,.F.,.F.,(4,1,4),(0.,0.0105035800557087,0.0218052125467719),
 .UNSPECIFIED.);
#1195=B_SPLINE_CURVE_WITH_KNOTS('',3,(#5924,#5925,#5926,#5927,#5928),
 .UNSPECIFIED.,.F.,.F.,(4,1,4),(0.,0.0105035800557087,0.0218052125467719),
 .UNSPECIFIED.);
#1196=B_SPLINE_CURVE_WITH_KNOTS('',3,(#5940,#5941,#5942,#5943,#5944),
 .UNSPECIFIED.,.F.,.F.,(4,1,4),(0.,0.00912409080112687,0.0189348980320628),
 .UNSPECIFIED.);
#1197=B_SPLINE_CURVE_WITH_KNOTS('',3,(#5947,#5948,#5949,#5950,#5951),
 .UNSPECIFIED.,.F.,.F.,(4,1,4),(0.,0.00912409080112687,0.0189348980320628),
 .UNSPECIFIED.);
#1198=B_SPLINE_CURVE_WITH_KNOTS('',3,(#5963,#5964,#5965,#5966,#5967),
 .UNSPECIFIED.,.F.,.F.,(4,1,4),(0.,0.0108367971391729,0.0203717722061518),
 .UNSPECIFIED.);
#1199=B_SPLINE_CURVE_WITH_KNOTS('',3,(#5970,#5971,#5972,#5973,#5974),
 .UNSPECIFIED.,.F.,.F.,(4,1,4),(0.,0.0108367971391729,0.0203717722061518),
 .UNSPECIFIED.);
#1200=B_SPLINE_CURVE_WITH_KNOTS('',3,(#5986,#5987,#5988,#5989,#5990),
 .UNSPECIFIED.,.F.,.F.,(4,1,4),(0.,0.0136458723613998,0.0225585773399519),
 .UNSPECIFIED.);
#1201=B_SPLINE_CURVE_WITH_KNOTS('',3,(#5993,#5994,#5995,#5996,#5997),
 .UNSPECIFIED.,.F.,.F.,(4,1,4),(0.,0.0136458723613998,0.0225585773399519),
 .UNSPECIFIED.);
#1202=B_SPLINE_CURVE_WITH_KNOTS('',3,(#6019,#6020,#6021,#6022,#6023),
 .UNSPECIFIED.,.F.,.F.,(4,1,4),(0.,0.0185770898615216,0.0406217718068523),
 .UNSPECIFIED.);
#1203=B_SPLINE_CURVE_WITH_KNOTS('',3,(#6027,#6028,#6029,#6030,#6031),
 .UNSPECIFIED.,.F.,.F.,(4,1,4),(0.,0.0185770898615216,0.0406217718068523),
 .UNSPECIFIED.);
#1204=B_SPLINE_CURVE_WITH_KNOTS('',3,(#6044,#6045,#6046,#6047,#6048),
 .UNSPECIFIED.,.F.,.F.,(4,1,4),(0.,0.0142437633251553,0.0301798977138667),
 .UNSPECIFIED.);
#1205=B_SPLINE_CURVE_WITH_KNOTS('',3,(#6051,#6052,#6053,#6054,#6055),
 .UNSPECIFIED.,.F.,.F.,(4,1,4),(0.,0.0142437633251553,0.0301798977138667),
 .UNSPECIFIED.);
#1206=B_SPLINE_CURVE_WITH_KNOTS('',3,(#6067,#6068,#6069,#6070,#6071),
 .UNSPECIFIED.,.F.,.F.,(4,1,4),(0.,0.0157287872900048,0.0298374394512262),
 .UNSPECIFIED.);
#1207=B_SPLINE_CURVE_WITH_KNOTS('',3,(#6074,#6075,#6076,#6077,#6078),
 .UNSPECIFIED.,.F.,.F.,(4,1,4),(0.,0.0157287872900048,0.0298374394512262),
 .UNSPECIFIED.);
#1208=B_SPLINE_CURVE_WITH_KNOTS('',3,(#6090,#6091,#6092,#6093,#6094),
 .UNSPECIFIED.,.F.,.F.,(4,1,4),(0.,0.0170477867624159,0.033714107300601),
 .UNSPECIFIED.);
#1209=B_SPLINE_CURVE_WITH_KNOTS('',3,(#6097,#6098,#6099,#6100,#6101),
 .UNSPECIFIED.,.F.,.F.,(4,1,4),(0.,0.0170477867624159,0.033714107300601),
 .UNSPECIFIED.);
#1210=B_SPLINE_CURVE_WITH_KNOTS('',3,(#6113,#6114,#6115,#6116,#6117),
 .UNSPECIFIED.,.F.,.F.,(4,1,4),(0.,0.0197271725610409,0.0403324886890094),
 .UNSPECIFIED.);
#1211=B_SPLINE_CURVE_WITH_KNOTS('',3,(#6120,#6121,#6122,#6123,#6124),
 .UNSPECIFIED.,.F.,.F.,(4,1,4),(0.,0.0197271725610409,0.0403324886890094),
 .UNSPECIFIED.);
#1212=B_SPLINE_CURVE_WITH_KNOTS('',3,(#6136,#6137,#6138,#6139,#6140),
 .UNSPECIFIED.,.F.,.F.,(4,1,4),(0.,0.0219835401397876,0.0421520311191543),
 .UNSPECIFIED.);
#1213=B_SPLINE_CURVE_WITH_KNOTS('',3,(#6143,#6144,#6145,#6146,#6147),
 .UNSPECIFIED.,.F.,.F.,(4,1,4),(0.,0.0219835401397876,0.0421520311191543),
 .UNSPECIFIED.);
#1214=B_SPLINE_CURVE_WITH_KNOTS('',3,(#6159,#6160,#6161,#6162,#6163),
 .UNSPECIFIED.,.F.,.F.,(4,1,4),(0.,0.0168136543685869,0.0351654855011862),
 .UNSPECIFIED.);
#1215=B_SPLINE_CURVE_WITH_KNOTS('',3,(#6166,#6167,#6168,#6169,#6170),
 .UNSPECIFIED.,.F.,.F.,(4,1,4),(0.,0.0168136543685869,0.0351654855011862),
 .UNSPECIFIED.);
#1216=B_SPLINE_CURVE_WITH_KNOTS('',3,(#6182,#6183,#6184,#6185,#6186),
 .UNSPECIFIED.,.F.,.F.,(4,1,4),(0.,0.015712208500306,0.0317241733498999),
 .UNSPECIFIED.);
#1217=B_SPLINE_CURVE_WITH_KNOTS('',3,(#6189,#6190,#6191,#6192,#6193),
 .UNSPECIFIED.,.F.,.F.,(4,1,4),(0.,0.015712208500306,0.0317241733498999),
 .UNSPECIFIED.);
#1218=B_SPLINE_CURVE_WITH_KNOTS('',3,(#6205,#6206,#6207,#6208,#6209),
 .UNSPECIFIED.,.F.,.F.,(4,1,4),(0.,0.0177334126905878,0.0347720397522732),
 .UNSPECIFIED.);
#1219=B_SPLINE_CURVE_WITH_KNOTS('',3,(#6212,#6213,#6214,#6215,#6216),
 .UNSPECIFIED.,.F.,.F.,(4,1,4),(0.,0.0177334126905878,0.0347720397522732),
 .UNSPECIFIED.);
#1220=B_SPLINE_CURVE_WITH_KNOTS('',3,(#6228,#6229,#6230,#6231,#6232),
 .UNSPECIFIED.,.F.,.F.,(4,1,4),(0.,0.0181938486276619,0.0362190940258811),
 .UNSPECIFIED.);
#1221=B_SPLINE_CURVE_WITH_KNOTS('',3,(#6235,#6236,#6237,#6238,#6239),
 .UNSPECIFIED.,.F.,.F.,(4,1,4),(0.,0.0181938486276619,0.0362190940258811),
 .UNSPECIFIED.);
#1222=B_SPLINE_CURVE_WITH_KNOTS('',3,(#6251,#6252,#6253,#6254,#6255),
 .UNSPECIFIED.,.F.,.F.,(4,1,4),(0.,0.0258839153748499,0.0468166199283065),
 .UNSPECIFIED.);
#1223=B_SPLINE_CURVE_WITH_KNOTS('',3,(#6258,#6259,#6260,#6261,#6262),
 .UNSPECIFIED.,.F.,.F.,(4,1,4),(0.,0.0258839153748499,0.0468166199283065),
 .UNSPECIFIED.);
#1224=B_SPLINE_CURVE_WITH_KNOTS('',3,(#6291,#6292,#6293,#6294,#6295),
 .UNSPECIFIED.,.F.,.F.,(4,1,4),(0.,0.0268289475235574,0.0664548585144481),
 .UNSPECIFIED.);
#1225=B_SPLINE_CURVE_WITH_KNOTS('',3,(#6299,#6300,#6301,#6302,#6303),
 .UNSPECIFIED.,.F.,.F.,(4,1,4),(0.,0.0268289475235574,0.0664548585144481),
 .UNSPECIFIED.);
#1226=B_SPLINE_CURVE_WITH_KNOTS('',3,(#6316,#6317,#6318,#6319,#6320),
 .UNSPECIFIED.,.F.,.F.,(4,1,4),(0.,0.0315224369874872,0.0557089220172119),
 .UNSPECIFIED.);
#1227=B_SPLINE_CURVE_WITH_KNOTS('',3,(#6323,#6324,#6325,#6326,#6327),
 .UNSPECIFIED.,.F.,.F.,(4,1,4),(0.,0.0315224369874872,0.0557089220172119),
 .UNSPECIFIED.);
#1228=B_SPLINE_CURVE_WITH_KNOTS('',3,(#6339,#6340,#6341,#6342,#6343),
 .UNSPECIFIED.,.F.,.F.,(4,1,4),(0.,0.0175495347173734,0.0373352688233435),
 .UNSPECIFIED.);
#1229=B_SPLINE_CURVE_WITH_KNOTS('',3,(#6346,#6347,#6348,#6349,#6350),
 .UNSPECIFIED.,.F.,.F.,(4,1,4),(0.,0.0175495347173734,0.0373352688233435),
 .UNSPECIFIED.);
#1230=B_SPLINE_CURVE_WITH_KNOTS('',3,(#6362,#6363,#6364,#6365,#6366),
 .UNSPECIFIED.,.F.,.F.,(4,1,4),(0.,0.0159500690946612,0.0320961767288272),
 .UNSPECIFIED.);
#1231=B_SPLINE_CURVE_WITH_KNOTS('',3,(#6369,#6370,#6371,#6372,#6373),
 .UNSPECIFIED.,.F.,.F.,(4,1,4),(0.,0.0159500690946612,0.0320961767288272),
 .UNSPECIFIED.);
#1232=B_SPLINE_CURVE_WITH_KNOTS('',3,(#6385,#6386,#6387,#6388,#6389),
 .UNSPECIFIED.,.F.,.F.,(4,1,4),(0.,0.0283274678681682,0.0485612455192578),
 .UNSPECIFIED.);
#1233=B_SPLINE_CURVE_WITH_KNOTS('',3,(#6392,#6393,#6394,#6395,#6396),
 .UNSPECIFIED.,.F.,.F.,(4,1,4),(0.,0.0283274678681682,0.0485612455192578),
 .UNSPECIFIED.);
#1234=B_SPLINE_CURVE_WITH_KNOTS('',3,(#6426,#6427,#6428,#6429,#6430),
 .UNSPECIFIED.,.F.,.F.,(4,1,4),(0.,0.0280652232583301,0.0636799554940642),
 .UNSPECIFIED.);
#1235=B_SPLINE_CURVE_WITH_KNOTS('',3,(#6433,#6434,#6435,#6436,#6437),
 .UNSPECIFIED.,.F.,.F.,(4,1,4),(0.,0.0280652232583301,0.0636799554940642),
 .UNSPECIFIED.);
#1236=B_SPLINE_CURVE_WITH_KNOTS('',3,(#6449,#6450,#6451,#6452,#6453),
 .UNSPECIFIED.,.F.,.F.,(4,1,4),(0.,0.0242055409780541,0.0481162134176617),
 .UNSPECIFIED.);
#1237=B_SPLINE_CURVE_WITH_KNOTS('',3,(#6456,#6457,#6458,#6459,#6460),
 .UNSPECIFIED.,.F.,.F.,(4,1,4),(0.,0.0242055409780541,0.0481162134176617),
 .UNSPECIFIED.);
#1238=B_SPLINE_CURVE_WITH_KNOTS('',3,(#6472,#6473,#6474,#6475,#6476),
 .UNSPECIFIED.,.F.,.F.,(4,1,4),(0.,0.0320752779583176,0.0591789470720823),
 .UNSPECIFIED.);
#1239=B_SPLINE_CURVE_WITH_KNOTS('',3,(#6479,#6480,#6481,#6482,#6483),
 .UNSPECIFIED.,.F.,.F.,(4,1,4),(0.,0.0320752779583176,0.0591789470720823),
 .UNSPECIFIED.);
#1240=B_SPLINE_CURVE_WITH_KNOTS('',3,(#6495,#6496,#6497,#6498,#6499),
 .UNSPECIFIED.,.F.,.F.,(4,1,4),(0.,0.0277603707220086,0.0606227610229172),
 .UNSPECIFIED.);
#1241=B_SPLINE_CURVE_WITH_KNOTS('',3,(#6502,#6503,#6504,#6505,#6506),
 .UNSPECIFIED.,.F.,.F.,(4,1,4),(0.,0.0277603707220086,0.0606227610229172),
 .UNSPECIFIED.);
#1242=B_SPLINE_CURVE_WITH_KNOTS('',3,(#6518,#6519,#6520,#6521,#6522),
 .UNSPECIFIED.,.F.,.F.,(4,1,4),(0.,0.0233896811569758,0.048071670821585),
 .UNSPECIFIED.);
#1243=B_SPLINE_CURVE_WITH_KNOTS('',3,(#6525,#6526,#6527,#6528,#6529),
 .UNSPECIFIED.,.F.,.F.,(4,1,4),(0.,0.0233896811569758,0.048071670821585),
 .UNSPECIFIED.);
#1244=B_SPLINE_CURVE_WITH_KNOTS('',3,(#6541,#6542,#6543,#6544,#6545),
 .UNSPECIFIED.,.F.,.F.,(4,1,4),(0.,0.0338751286758764,0.0606973692145693),
 .UNSPECIFIED.);
#1245=B_SPLINE_CURVE_WITH_KNOTS('',3,(#6548,#6549,#6550,#6551,#6552),
 .UNSPECIFIED.,.F.,.F.,(4,1,4),(0.,0.0338751286758764,0.0606973692145693),
 .UNSPECIFIED.);
#1246=VERTEX_POINT('',#3915);
#1247=VERTEX_POINT('',#3916);
#1248=VERTEX_POINT('',#3922);
#1249=VERTEX_POINT('',#3924);
#1250=VERTEX_POINT('',#3941);
#1251=VERTEX_POINT('',#3947);
#1252=VERTEX_POINT('',#3964);
#1253=VERTEX_POINT('',#3970);
#1254=VERTEX_POINT('',#3987);
#1255=VERTEX_POINT('',#3993);
#1256=VERTEX_POINT('',#4010);
#1257=VERTEX_POINT('',#4016);
#1258=VERTEX_POINT('',#4033);
#1259=VERTEX_POINT('',#4039);
#1260=VERTEX_POINT('',#4056);
#1261=VERTEX_POINT('',#4062);
#1262=VERTEX_POINT('',#4079);
#1263=VERTEX_POINT('',#4085);
#1264=VERTEX_POINT('',#4102);
#1265=VERTEX_POINT('',#4108);
#1266=VERTEX_POINT('',#4125);
#1267=VERTEX_POINT('',#4131);
#1268=VERTEX_POINT('',#4148);
#1269=VERTEX_POINT('',#4154);
#1270=VERTEX_POINT('',#4171);
#1271=VERTEX_POINT('',#4177);
#1272=VERTEX_POINT('',#4194);
#1273=VERTEX_POINT('',#4200);
#1274=VERTEX_POINT('',#4217);
#1275=VERTEX_POINT('',#4223);
#1276=VERTEX_POINT('',#4231);
#1277=VERTEX_POINT('',#4233);
#1278=VERTEX_POINT('',#4246);
#1279=VERTEX_POINT('',#4252);
#1280=VERTEX_POINT('',#4269);
#1281=VERTEX_POINT('',#4275);
#1282=VERTEX_POINT('',#4292);
#1283=VERTEX_POINT('',#4298);
#1284=VERTEX_POINT('',#4315);
#1285=VERTEX_POINT('',#4321);
#1286=VERTEX_POINT('',#4338);
#1287=VERTEX_POINT('',#4344);
#1288=VERTEX_POINT('',#4361);
#1289=VERTEX_POINT('',#4367);
#1290=VERTEX_POINT('',#4384);
#1291=VERTEX_POINT('',#4390);
#1292=VERTEX_POINT('',#4407);
#1293=VERTEX_POINT('',#4413);
#1294=VERTEX_POINT('',#4430);
#1295=VERTEX_POINT('',#4436);
#1296=VERTEX_POINT('',#4453);
#1297=VERTEX_POINT('',#4459);
#1298=VERTEX_POINT('',#4476);
#1299=VERTEX_POINT('',#4482);
#1300=VERTEX_POINT('',#4499);
#1301=VERTEX_POINT('',#4505);
#1302=VERTEX_POINT('',#4522);
#1303=VERTEX_POINT('',#4528);
#1304=VERTEX_POINT('',#4545);
#1305=VERTEX_POINT('',#4551);
#1306=VERTEX_POINT('',#4568);
#1307=VERTEX_POINT('',#4574);
#1308=VERTEX_POINT('',#4591);
#1309=VERTEX_POINT('',#4597);
#1310=VERTEX_POINT('',#4614);
#1311=VERTEX_POINT('',#4620);
#1312=VERTEX_POINT('',#4637);
#1313=VERTEX_POINT('',#4643);
#1314=VERTEX_POINT('',#4651);
#1315=VERTEX_POINT('',#4653);
#1316=VERTEX_POINT('',#4678);
#1317=VERTEX_POINT('',#4679);
#1318=VERTEX_POINT('',#4681);
#1319=VERTEX_POINT('',#4683);
#1320=VERTEX_POINT('',#4696);
#1321=VERTEX_POINT('',#4702);
#1322=VERTEX_POINT('',#4719);
#1323=VERTEX_POINT('',#4725);
#1324=VERTEX_POINT('',#4742);
#1325=VERTEX_POINT('',#4748);
#1326=VERTEX_POINT('',#4765);
#1327=VERTEX_POINT('',#4771);
#1328=VERTEX_POINT('',#4788);
#1329=VERTEX_POINT('',#4794);
#1330=VERTEX_POINT('',#4811);
#1331=VERTEX_POINT('',#4817);
#1332=VERTEX_POINT('',#4825);
#1333=VERTEX_POINT('',#4827);
#1334=VERTEX_POINT('',#4834);
#1335=VERTEX_POINT('',#4835);
#1336=VERTEX_POINT('',#4837);
#1337=VERTEX_POINT('',#4839);
#1338=VERTEX_POINT('',#4852);
#1339=VERTEX_POINT('',#4858);
#1340=VERTEX_POINT('',#4875);
#1341=VERTEX_POINT('',#4881);
#1342=VERTEX_POINT('',#4898);
#1343=VERTEX_POINT('',#4904);
#1344=VERTEX_POINT('',#4921);
#1345=VERTEX_POINT('',#4927);
#1346=VERTEX_POINT('',#4944);
#1347=VERTEX_POINT('',#4950);
#1348=VERTEX_POINT('',#4967);
#1349=VERTEX_POINT('',#4973);
#1350=VERTEX_POINT('',#4990);
#1351=VERTEX_POINT('',#4996);
#1352=VERTEX_POINT('',#5004);
#1353=VERTEX_POINT('',#5006);
#1354=VERTEX_POINT('',#5022);
#1355=VERTEX_POINT('',#5023);
#1356=VERTEX_POINT('',#5029);
#1357=VERTEX_POINT('',#5031);
#1358=VERTEX_POINT('',#5048);
#1359=VERTEX_POINT('',#5054);
#1360=VERTEX_POINT('',#5071);
#1361=VERTEX_POINT('',#5077);
#1362=VERTEX_POINT('',#5094);
#1363=VERTEX_POINT('',#5100);
#1364=VERTEX_POINT('',#5117);
#1365=VERTEX_POINT('',#5123);
#1366=VERTEX_POINT('',#5140);
#1367=VERTEX_POINT('',#5146);
#1368=VERTEX_POINT('',#5163);
#1369=VERTEX_POINT('',#5169);
#1370=VERTEX_POINT('',#5186);
#1371=VERTEX_POINT('',#5192);
#1372=VERTEX_POINT('',#5209);
#1373=VERTEX_POINT('',#5215);
#1374=VERTEX_POINT('',#5232);
#1375=VERTEX_POINT('',#5238);
#1376=VERTEX_POINT('',#5255);
#1377=VERTEX_POINT('',#5261);
#1378=VERTEX_POINT('',#5269);
#1379=VERTEX_POINT('',#5271);
#1380=VERTEX_POINT('',#5275);
#1381=VERTEX_POINT('',#5277);
#1382=VERTEX_POINT('',#5285);
#1383=VERTEX_POINT('',#5286);
#1384=VERTEX_POINT('',#5288);
#1385=VERTEX_POINT('',#5290);
#1386=VERTEX_POINT('',#5294);
#1387=VERTEX_POINT('',#5296);
#1388=VERTEX_POINT('',#5300);
#1389=VERTEX_POINT('',#5302);
#1390=VERTEX_POINT('',#5306);
#1391=VERTEX_POINT('',#5308);
#1392=VERTEX_POINT('',#5312);
#1393=VERTEX_POINT('',#5314);
#1394=VERTEX_POINT('',#5318);
#1395=VERTEX_POINT('',#5320);
#1396=VERTEX_POINT('',#5324);
#1397=VERTEX_POINT('',#5326);
#1398=VERTEX_POINT('',#5330);
#1399=VERTEX_POINT('',#5332);
#1400=VERTEX_POINT('',#5336);
#1401=VERTEX_POINT('',#5338);
#1402=VERTEX_POINT('',#5342);
#1403=VERTEX_POINT('',#5344);
#1404=VERTEX_POINT('',#5348);
#1405=VERTEX_POINT('',#5350);
#1406=VERTEX_POINT('',#5367);
#1407=VERTEX_POINT('',#5368);
#1408=VERTEX_POINT('',#5374);
#1409=VERTEX_POINT('',#5376);
#1410=VERTEX_POINT('',#5393);
#1411=VERTEX_POINT('',#5399);
#1412=VERTEX_POINT('',#5416);
#1413=VERTEX_POINT('',#5422);
#1414=VERTEX_POINT('',#5439);
#1415=VERTEX_POINT('',#5445);
#1416=VERTEX_POINT('',#5462);
#1417=VERTEX_POINT('',#5468);
#1418=VERTEX_POINT('',#5476);
#1419=VERTEX_POINT('',#5478);
#1420=VERTEX_POINT('',#5482);
#1421=VERTEX_POINT('',#5484);
#1422=VERTEX_POINT('',#5488);
#1423=VERTEX_POINT('',#5490);
#1424=VERTEX_POINT('',#5503);
#1425=VERTEX_POINT('',#5509);
#1426=VERTEX_POINT('',#5526);
#1427=VERTEX_POINT('',#5532);
#1428=VERTEX_POINT('',#5549);
#1429=VERTEX_POINT('',#5555);
#1430=VERTEX_POINT('',#5572);
#1431=VERTEX_POINT('',#5578);
#1432=VERTEX_POINT('',#5595);
#1433=VERTEX_POINT('',#5601);
#1434=VERTEX_POINT('',#5618);
#1435=VERTEX_POINT('',#5624);
#1436=VERTEX_POINT('',#5632);
#1437=VERTEX_POINT('',#5634);
#1438=VERTEX_POINT('',#5638);
#1439=VERTEX_POINT('',#5640);
#1440=VERTEX_POINT('',#5648);
#1441=VERTEX_POINT('',#5649);
#1442=VERTEX_POINT('',#5651);
#1443=VERTEX_POINT('',#5653);
#1444=VERTEX_POINT('',#5657);
#1445=VERTEX_POINT('',#5659);
#1446=VERTEX_POINT('',#5663);
#1447=VERTEX_POINT('',#5665);
#1448=VERTEX_POINT('',#5673);
#1449=VERTEX_POINT('',#5674);
#1450=VERTEX_POINT('',#5676);
#1451=VERTEX_POINT('',#5678);
#1452=VERTEX_POINT('',#5691);
#1453=VERTEX_POINT('',#5697);
#1454=VERTEX_POINT('',#5714);
#1455=VERTEX_POINT('',#5720);
#1456=VERTEX_POINT('',#5737);
#1457=VERTEX_POINT('',#5743);
#1458=VERTEX_POINT('',#5760);
#1459=VERTEX_POINT('',#5766);
#1460=VERTEX_POINT('',#5783);
#1461=VERTEX_POINT('',#5789);
#1462=VERTEX_POINT('',#5806);
#1463=VERTEX_POINT('',#5812);
#1464=VERTEX_POINT('',#5820);
#1465=VERTEX_POINT('',#5822);
#1466=VERTEX_POINT('',#5829);
#1467=VERTEX_POINT('',#5830);
#1468=VERTEX_POINT('',#5832);
#1469=VERTEX_POINT('',#5834);
#1470=VERTEX_POINT('',#5847);
#1471=VERTEX_POINT('',#5853);
#1472=VERTEX_POINT('',#5870);
#1473=VERTEX_POINT('',#5876);
#1474=VERTEX_POINT('',#5893);
#1475=VERTEX_POINT('',#5899);
#1476=VERTEX_POINT('',#5916);
#1477=VERTEX_POINT('',#5922);
#1478=VERTEX_POINT('',#5939);
#1479=VERTEX_POINT('',#5945);
#1480=VERTEX_POINT('',#5962);
#1481=VERTEX_POINT('',#5968);
#1482=VERTEX_POINT('',#5985);
#1483=VERTEX_POINT('',#5991);
#1484=VERTEX_POINT('',#5999);
#1485=VERTEX_POINT('',#6001);
#1486=VERTEX_POINT('',#6017);
#1487=VERTEX_POINT('',#6018);
#1488=VERTEX_POINT('',#6024);
#1489=VERTEX_POINT('',#6026);
#1490=VERTEX_POINT('',#6043);
#1491=VERTEX_POINT('',#6049);
#1492=VERTEX_POINT('',#6066);
#1493=VERTEX_POINT('',#6072);
#1494=VERTEX_POINT('',#6089);
#1495=VERTEX_POINT('',#6095);
#1496=VERTEX_POINT('',#6112);
#1497=VERTEX_POINT('',#6118);
#1498=VERTEX_POINT('',#6135);
#1499=VERTEX_POINT('',#6141);
#1500=VERTEX_POINT('',#6158);
#1501=VERTEX_POINT('',#6164);
#1502=VERTEX_POINT('',#6181);
#1503=VERTEX_POINT('',#6187);
#1504=VERTEX_POINT('',#6204);
#1505=VERTEX_POINT('',#6210);
#1506=VERTEX_POINT('',#6227);
#1507=VERTEX_POINT('',#6233);
#1508=VERTEX_POINT('',#6250);
#1509=VERTEX_POINT('',#6256);
#1510=VERTEX_POINT('',#6264);
#1511=VERTEX_POINT('',#6266);
#1512=VERTEX_POINT('',#6270);
#1513=VERTEX_POINT('',#6272);
#1514=VERTEX_POINT('',#6289);
#1515=VERTEX_POINT('',#6290);
#1516=VERTEX_POINT('',#6296);
#1517=VERTEX_POINT('',#6298);
#1518=VERTEX_POINT('',#6315);
#1519=VERTEX_POINT('',#6321);
#1520=VERTEX_POINT('',#6338);
#1521=VERTEX_POINT('',#6344);
#1522=VERTEX_POINT('',#6361);
#1523=VERTEX_POINT('',#6367);
#1524=VERTEX_POINT('',#6384);
#1525=VERTEX_POINT('',#6390);
#1526=VERTEX_POINT('',#6398);
#1527=VERTEX_POINT('',#6400);
#1528=VERTEX_POINT('',#6404);
#1529=VERTEX_POINT('',#6406);
#1530=VERTEX_POINT('',#6410);
#1531=VERTEX_POINT('',#6412);
#1532=VERTEX_POINT('',#6425);
#1533=VERTEX_POINT('',#6431);
#1534=VERTEX_POINT('',#6448);
#1535=VERTEX_POINT('',#6454);
#1536=VERTEX_POINT('',#6471);
#1537=VERTEX_POINT('',#6477);
#1538=VERTEX_POINT('',#6494);
#1539=VERTEX_POINT('',#6500);
#1540=VERTEX_POINT('',#6517);
#1541=VERTEX_POINT('',#6523);
#1542=VERTEX_POINT('',#6540);
#1543=VERTEX_POINT('',#6546);
#1544=VERTEX_POINT('',#6554);
#1545=VERTEX_POINT('',#6556);
#1546=VERTEX_POINT('',#6560);
#1547=VERTEX_POINT('',#6562);
#1548=VERTEX_POINT('',#6574);
#1549=VERTEX_POINT('',#6576);
#1550=VERTEX_POINT('',#6579);
#1551=VERTEX_POINT('',#6583);
#1552=VERTEX_POINT('',#6585);
#1553=VERTEX_POINT('',#6588);
#1554=VERTEX_POINT('',#6592);
#1555=VERTEX_POINT('',#6594);
#1556=VERTEX_POINT('',#6597);
#1557=VERTEX_POINT('',#6601);
#1558=VERTEX_POINT('',#6603);
#1559=VERTEX_POINT('',#6606);
#1560=VERTEX_POINT('',#6610);
#1561=VERTEX_POINT('',#6611);
#1562=VERTEX_POINT('',#6613);
#1563=VERTEX_POINT('',#6615);
#1564=VERTEX_POINT('',#6617);
#1565=VERTEX_POINT('',#6619);
#1566=VERTEX_POINT('',#6621);
#1567=VERTEX_POINT('',#6623);
#1568=VERTEX_POINT('',#6627);
#1569=VERTEX_POINT('',#6628);
#1570=VERTEX_POINT('',#6633);
#1571=VERTEX_POINT('',#6637);
#1572=VERTEX_POINT('',#6641);
#1573=VERTEX_POINT('',#6645);
#1574=VERTEX_POINT('',#6649);
#1575=VERTEX_POINT('',#6653);
#1576=EDGE_CURVE('',#1246,#1247,#1040,.T.);
#1577=EDGE_CURVE('',#1246,#1248,#498,.T.);
#1578=EDGE_CURVE('',#1248,#1249,#1041,.T.);
#1579=EDGE_CURVE('',#1247,#1249,#499,.T.);
#1580=EDGE_CURVE('',#1250,#1246,#1042,.T.);
#1581=EDGE_CURVE('',#1250,#1251,#500,.T.);
#1582=EDGE_CURVE('',#1251,#1248,#1043,.T.);
#1583=EDGE_CURVE('',#1252,#1250,#1044,.T.);
#1584=EDGE_CURVE('',#1252,#1253,#501,.T.);
#1585=EDGE_CURVE('',#1253,#1251,#1045,.T.);
#1586=EDGE_CURVE('',#1254,#1252,#1046,.T.);
#1587=EDGE_CURVE('',#1254,#1255,#502,.T.);
#1588=EDGE_CURVE('',#1255,#1253,#1047,.T.);
#1589=EDGE_CURVE('',#1256,#1254,#1048,.T.);
#1590=EDGE_CURVE('',#1256,#1257,#503,.T.);
#1591=EDGE_CURVE('',#1257,#1255,#1049,.T.);
#1592=EDGE_CURVE('',#1258,#1256,#1050,.T.);
#1593=EDGE_CURVE('',#1258,#1259,#504,.T.);
#1594=EDGE_CURVE('',#1259,#1257,#1051,.T.);
#1595=EDGE_CURVE('',#1260,#1258,#1052,.T.);
#1596=EDGE_CURVE('',#1260,#1261,#505,.T.);
#1597=EDGE_CURVE('',#1261,#1259,#1053,.T.);
#1598=EDGE_CURVE('',#1262,#1260,#1054,.T.);
#1599=EDGE_CURVE('',#1262,#1263,#506,.T.);
#1600=EDGE_CURVE('',#1263,#1261,#1055,.T.);
#1601=EDGE_CURVE('',#1264,#1262,#1056,.T.);
#1602=EDGE_CURVE('',#1264,#1265,#507,.T.);
#1603=EDGE_CURVE('',#1265,#1263,#1057,.T.);
#1604=EDGE_CURVE('',#1266,#1264,#1058,.T.);
#1605=EDGE_CURVE('',#1266,#1267,#508,.T.);
#1606=EDGE_CURVE('',#1267,#1265,#1059,.T.);
#1607=EDGE_CURVE('',#1268,#1266,#1060,.T.);
#1608=EDGE_CURVE('',#1268,#1269,#509,.T.);
#1609=EDGE_CURVE('',#1269,#1267,#1061,.T.);
#1610=EDGE_CURVE('',#1270,#1268,#1062,.T.);
#1611=EDGE_CURVE('',#1270,#1271,#510,.T.);
#1612=EDGE_CURVE('',#1271,#1269,#1063,.T.);
#1613=EDGE_CURVE('',#1272,#1270,#1064,.T.);
#1614=EDGE_CURVE('',#1272,#1273,#511,.T.);
#1615=EDGE_CURVE('',#1273,#1271,#1065,.T.);
#1616=EDGE_CURVE('',#1274,#1272,#1066,.T.);
#1617=EDGE_CURVE('',#1274,#1275,#512,.T.);
#1618=EDGE_CURVE('',#1275,#1273,#1067,.T.);
#1619=EDGE_CURVE('',#1276,#1274,#513,.T.);
#1620=EDGE_CURVE('',#1276,#1277,#514,.T.);
#1621=EDGE_CURVE('',#1277,#1275,#515,.T.);
#1622=EDGE_CURVE('',#1278,#1276,#1068,.T.);
#1623=EDGE_CURVE('',#1278,#1279,#516,.T.);
#1624=EDGE_CURVE('',#1279,#1277,#1069,.T.);
#1625=EDGE_CURVE('',#1280,#1278,#1070,.T.);
#1626=EDGE_CURVE('',#1280,#1281,#517,.T.);
#1627=EDGE_CURVE('',#1281,#1279,#1071,.T.);
#1628=EDGE_CURVE('',#1282,#1280,#1072,.T.);
#1629=EDGE_CURVE('',#1282,#1283,#518,.T.);
#1630=EDGE_CURVE('',#1283,#1281,#1073,.T.);
#1631=EDGE_CURVE('',#1284,#1282,#1074,.T.);
#1632=EDGE_CURVE('',#1284,#1285,#519,.T.);
#1633=EDGE_CURVE('',#1285,#1283,#1075,.T.);
#1634=EDGE_CURVE('',#1286,#1284,#1076,.T.);
#1635=EDGE_CURVE('',#1286,#1287,#520,.T.);
#1636=EDGE_CURVE('',#1287,#1285,#1077,.T.);
#1637=EDGE_CURVE('',#1288,#1286,#1078,.T.);
#1638=EDGE_CURVE('',#1288,#1289,#521,.T.);
#1639=EDGE_CURVE('',#1289,#1287,#1079,.T.);
#1640=EDGE_CURVE('',#1290,#1288,#1080,.T.);
#1641=EDGE_CURVE('',#1290,#1291,#522,.T.);
#1642=EDGE_CURVE('',#1291,#1289,#1081,.T.);
#1643=EDGE_CURVE('',#1292,#1290,#1082,.T.);
#1644=EDGE_CURVE('',#1292,#1293,#523,.T.);
#1645=EDGE_CURVE('',#1293,#1291,#1083,.T.);
#1646=EDGE_CURVE('',#1294,#1292,#1084,.T.);
#1647=EDGE_CURVE('',#1294,#1295,#524,.T.);
#1648=EDGE_CURVE('',#1295,#1293,#1085,.T.);
#1649=EDGE_CURVE('',#1296,#1294,#1086,.T.);
#1650=EDGE_CURVE('',#1296,#1297,#525,.T.);
#1651=EDGE_CURVE('',#1297,#1295,#1087,.T.);
#1652=EDGE_CURVE('',#1298,#1296,#1088,.T.);
#1653=EDGE_CURVE('',#1298,#1299,#526,.T.);
#1654=EDGE_CURVE('',#1299,#1297,#1089,.T.);
#1655=EDGE_CURVE('',#1300,#1298,#1090,.T.);
#1656=EDGE_CURVE('',#1300,#1301,#527,.T.);
#1657=EDGE_CURVE('',#1301,#1299,#1091,.T.);
#1658=EDGE_CURVE('',#1302,#1300,#1092,.T.);
#1659=EDGE_CURVE('',#1302,#1303,#528,.T.);
#1660=EDGE_CURVE('',#1303,#1301,#1093,.T.);
#1661=EDGE_CURVE('',#1304,#1302,#1094,.T.);
#1662=EDGE_CURVE('',#1304,#1305,#529,.T.);
#1663=EDGE_CURVE('',#1305,#1303,#1095,.T.);
#1664=EDGE_CURVE('',#1306,#1304,#1096,.T.);
#1665=EDGE_CURVE('',#1306,#1307,#530,.T.);
#1666=EDGE_CURVE('',#1307,#1305,#1097,.T.);
#1667=EDGE_CURVE('',#1308,#1306,#1098,.T.);
#1668=EDGE_CURVE('',#1308,#1309,#531,.T.);
#1669=EDGE_CURVE('',#1309,#1307,#1099,.T.);
#1670=EDGE_CURVE('',#1310,#1308,#1100,.T.);
#1671=EDGE_CURVE('',#1310,#1311,#532,.T.);
#1672=EDGE_CURVE('',#1311,#1309,#1101,.T.);
#1673=EDGE_CURVE('',#1312,#1310,#1102,.T.);
#1674=EDGE_CURVE('',#1312,#1313,#533,.T.);
#1675=EDGE_CURVE('',#1313,#1311,#1103,.T.);
#1676=EDGE_CURVE('',#1314,#1312,#534,.T.);
#1677=EDGE_CURVE('',#1314,#1315,#535,.T.);
#1678=EDGE_CURVE('',#1315,#1313,#536,.T.);
#1679=EDGE_CURVE('',#1247,#1314,#1104,.T.);
#1680=EDGE_CURVE('',#1249,#1315,#1105,.T.);
#1681=EDGE_CURVE('',#1316,#1317,#537,.T.);
#1682=EDGE_CURVE('',#1316,#1318,#538,.T.);
#1683=EDGE_CURVE('',#1318,#1319,#539,.T.);
#1684=EDGE_CURVE('',#1317,#1319,#540,.T.);
#1685=EDGE_CURVE('',#1320,#1316,#1106,.T.);
#1686=EDGE_CURVE('',#1320,#1321,#541,.T.);
#1687=EDGE_CURVE('',#1321,#1318,#1107,.T.);
#1688=EDGE_CURVE('',#1322,#1320,#1108,.T.);
#1689=EDGE_CURVE('',#1322,#1323,#542,.T.);
#1690=EDGE_CURVE('',#1323,#1321,#1109,.T.);
#1691=EDGE_CURVE('',#1324,#1322,#1110,.T.);
#1692=EDGE_CURVE('',#1324,#1325,#543,.T.);
#1693=EDGE_CURVE('',#1325,#1323,#1111,.T.);
#1694=EDGE_CURVE('',#1326,#1324,#1112,.T.);
#1695=EDGE_CURVE('',#1326,#1327,#544,.T.);
#1696=EDGE_CURVE('',#1327,#1325,#1113,.T.);
#1697=EDGE_CURVE('',#1328,#1326,#1114,.T.);
#1698=EDGE_CURVE('',#1328,#1329,#545,.T.);
#1699=EDGE_CURVE('',#1329,#1327,#1115,.T.);
#1700=EDGE_CURVE('',#1330,#1328,#1116,.T.);
#1701=EDGE_CURVE('',#1330,#1331,#546,.T.);
#1702=EDGE_CURVE('',#1331,#1329,#1117,.T.);
#1703=EDGE_CURVE('',#1332,#1330,#547,.T.);
#1704=EDGE_CURVE('',#1332,#1333,#548,.T.);
#1705=EDGE_CURVE('',#1333,#1331,#549,.T.);
#1706=EDGE_CURVE('',#1317,#1332,#550,.T.);
#1707=EDGE_CURVE('',#1319,#1333,#551,.T.);
#1708=EDGE_CURVE('',#1334,#1335,#552,.T.);
#1709=EDGE_CURVE('',#1334,#1336,#553,.T.);
#1710=EDGE_CURVE('',#1336,#1337,#554,.T.);
#1711=EDGE_CURVE('',#1335,#1337,#555,.T.);
#1712=EDGE_CURVE('',#1338,#1334,#1118,.T.);
#1713=EDGE_CURVE('',#1338,#1339,#556,.T.);
#1714=EDGE_CURVE('',#1339,#1336,#1119,.T.);
#1715=EDGE_CURVE('',#1340,#1338,#1120,.T.);
#1716=EDGE_CURVE('',#1340,#1341,#557,.T.);
#1717=EDGE_CURVE('',#1341,#1339,#1121,.T.);
#1718=EDGE_CURVE('',#1342,#1340,#1122,.T.);
#1719=EDGE_CURVE('',#1342,#1343,#558,.T.);
#1720=EDGE_CURVE('',#1343,#1341,#1123,.T.);
#1721=EDGE_CURVE('',#1344,#1342,#1124,.T.);
#1722=EDGE_CURVE('',#1344,#1345,#559,.T.);
#1723=EDGE_CURVE('',#1345,#1343,#1125,.T.);
#1724=EDGE_CURVE('',#1346,#1344,#1126,.T.);
#1725=EDGE_CURVE('',#1346,#1347,#560,.T.);
#1726=EDGE_CURVE('',#1347,#1345,#1127,.T.);
#1727=EDGE_CURVE('',#1348,#1346,#1128,.T.);
#1728=EDGE_CURVE('',#1348,#1349,#561,.T.);
#1729=EDGE_CURVE('',#1349,#1347,#1129,.T.);
#1730=EDGE_CURVE('',#1350,#1348,#1130,.T.);
#1731=EDGE_CURVE('',#1350,#1351,#562,.T.);
#1732=EDGE_CURVE('',#1351,#1349,#1131,.T.);
#1733=EDGE_CURVE('',#1352,#1350,#563,.T.);
#1734=EDGE_CURVE('',#1352,#1353,#564,.T.);
#1735=EDGE_CURVE('',#1353,#1351,#565,.T.);
#1736=EDGE_CURVE('',#1335,#1352,#566,.T.);
#1737=EDGE_CURVE('',#1337,#1353,#567,.T.);
#1738=EDGE_CURVE('',#1354,#1355,#1132,.T.);
#1739=EDGE_CURVE('',#1354,#1356,#568,.T.);
#1740=EDGE_CURVE('',#1356,#1357,#1133,.T.);
#1741=EDGE_CURVE('',#1355,#1357,#569,.T.);
#1742=EDGE_CURVE('',#1358,#1354,#1134,.T.);
#1743=EDGE_CURVE('',#1358,#1359,#570,.T.);
#1744=EDGE_CURVE('',#1359,#1356,#1135,.T.);
#1745=EDGE_CURVE('',#1360,#1358,#1136,.T.);
#1746=EDGE_CURVE('',#1360,#1361,#571,.T.);
#1747=EDGE_CURVE('',#1361,#1359,#1137,.T.);
#1748=EDGE_CURVE('',#1362,#1360,#1138,.T.);
#1749=EDGE_CURVE('',#1362,#1363,#572,.T.);
#1750=EDGE_CURVE('',#1363,#1361,#1139,.T.);
#1751=EDGE_CURVE('',#1364,#1362,#1140,.T.);
#1752=EDGE_CURVE('',#1364,#1365,#573,.T.);
#1753=EDGE_CURVE('',#1365,#1363,#1141,.T.);
#1754=EDGE_CURVE('',#1366,#1364,#1142,.T.);
#1755=EDGE_CURVE('',#1366,#1367,#574,.T.);
#1756=EDGE_CURVE('',#1367,#1365,#1143,.T.);
#1757=EDGE_CURVE('',#1368,#1366,#1144,.T.);
#1758=EDGE_CURVE('',#1368,#1369,#575,.T.);
#1759=EDGE_CURVE('',#1369,#1367,#1145,.T.);
#1760=EDGE_CURVE('',#1370,#1368,#1146,.T.);
#1761=EDGE_CURVE('',#1370,#1371,#576,.T.);
#1762=EDGE_CURVE('',#1371,#1369,#1147,.T.);
#1763=EDGE_CURVE('',#1372,#1370,#1148,.T.);
#1764=EDGE_CURVE('',#1372,#1373,#577,.T.);
#1765=EDGE_CURVE('',#1373,#1371,#1149,.T.);
#1766=EDGE_CURVE('',#1374,#1372,#1150,.T.);
#1767=EDGE_CURVE('',#1374,#1375,#578,.T.);
#1768=EDGE_CURVE('',#1375,#1373,#1151,.T.);
#1769=EDGE_CURVE('',#1376,#1374,#1152,.T.);
#1770=EDGE_CURVE('',#1376,#1377,#579,.T.);
#1771=EDGE_CURVE('',#1377,#1375,#1153,.T.);
#1772=EDGE_CURVE('',#1378,#1376,#580,.T.);
#1773=EDGE_CURVE('',#1378,#1379,#581,.T.);
#1774=EDGE_CURVE('',#1379,#1377,#582,.T.);
#1775=EDGE_CURVE('',#1380,#1378,#583,.T.);
#1776=EDGE_CURVE('',#1380,#1381,#584,.T.);
#1777=EDGE_CURVE('',#1381,#1379,#585,.T.);
#1778=EDGE_CURVE('',#1355,#1380,#586,.T.);
#1779=EDGE_CURVE('',#1357,#1381,#587,.T.);
#1780=EDGE_CURVE('',#1382,#1383,#588,.T.);
#1781=EDGE_CURVE('',#1382,#1384,#589,.T.);
#1782=EDGE_CURVE('',#1384,#1385,#590,.T.);
#1783=EDGE_CURVE('',#1383,#1385,#591,.T.);
#1784=EDGE_CURVE('',#1386,#1382,#592,.T.);
#1785=EDGE_CURVE('',#1386,#1387,#593,.T.);
#1786=EDGE_CURVE('',#1387,#1384,#594,.T.);
#1787=EDGE_CURVE('',#1388,#1386,#595,.T.);
#1788=EDGE_CURVE('',#1388,#1389,#596,.T.);
#1789=EDGE_CURVE('',#1389,#1387,#597,.T.);
#1790=EDGE_CURVE('',#1390,#1388,#598,.T.);
#1791=EDGE_CURVE('',#1390,#1391,#599,.T.);
#1792=EDGE_CURVE('',#1391,#1389,#600,.T.);
#1793=EDGE_CURVE('',#1392,#1390,#601,.T.);
#1794=EDGE_CURVE('',#1392,#1393,#602,.T.);
#1795=EDGE_CURVE('',#1393,#1391,#603,.T.);
#1796=EDGE_CURVE('',#1394,#1392,#604,.T.);
#1797=EDGE_CURVE('',#1394,#1395,#605,.T.);
#1798=EDGE_CURVE('',#1395,#1393,#606,.T.);
#1799=EDGE_CURVE('',#1396,#1394,#607,.T.);
#1800=EDGE_CURVE('',#1396,#1397,#608,.T.);
#1801=EDGE_CURVE('',#1397,#1395,#609,.T.);
#1802=EDGE_CURVE('',#1398,#1396,#610,.T.);
#1803=EDGE_CURVE('',#1398,#1399,#611,.T.);
#1804=EDGE_CURVE('',#1399,#1397,#612,.T.);
#1805=EDGE_CURVE('',#1400,#1398,#613,.T.);
#1806=EDGE_CURVE('',#1400,#1401,#614,.T.);
#1807=EDGE_CURVE('',#1401,#1399,#615,.T.);
#1808=EDGE_CURVE('',#1402,#1400,#616,.T.);
#1809=EDGE_CURVE('',#1402,#1403,#617,.T.);
#1810=EDGE_CURVE('',#1403,#1401,#618,.T.);
#1811=EDGE_CURVE('',#1404,#1402,#619,.T.);
#1812=EDGE_CURVE('',#1404,#1405,#620,.T.);
#1813=EDGE_CURVE('',#1405,#1403,#621,.T.);
#1814=EDGE_CURVE('',#1383,#1404,#622,.T.);
#1815=EDGE_CURVE('',#1385,#1405,#623,.T.);
#1816=EDGE_CURVE('',#1406,#1407,#1154,.T.);
#1817=EDGE_CURVE('',#1406,#1408,#624,.T.);
#1818=EDGE_CURVE('',#1408,#1409,#1155,.T.);
#1819=EDGE_CURVE('',#1407,#1409,#625,.T.);
#1820=EDGE_CURVE('',#1410,#1406,#1156,.T.);
#1821=EDGE_CURVE('',#1410,#1411,#626,.T.);
#1822=EDGE_CURVE('',#1411,#1408,#1157,.T.);
#1823=EDGE_CURVE('',#1412,#1410,#1158,.T.);
#1824=EDGE_CURVE('',#1412,#1413,#627,.T.);
#1825=EDGE_CURVE('',#1413,#1411,#1159,.T.);
#1826=EDGE_CURVE('',#1414,#1412,#1160,.T.);
#1827=EDGE_CURVE('',#1414,#1415,#628,.T.);
#1828=EDGE_CURVE('',#1415,#1413,#1161,.T.);
#1829=EDGE_CURVE('',#1416,#1414,#1162,.T.);
#1830=EDGE_CURVE('',#1416,#1417,#629,.T.);
#1831=EDGE_CURVE('',#1417,#1415,#1163,.T.);
#1832=EDGE_CURVE('',#1418,#1416,#630,.T.);
#1833=EDGE_CURVE('',#1418,#1419,#631,.T.);
#1834=EDGE_CURVE('',#1419,#1417,#632,.T.);
#1835=EDGE_CURVE('',#1420,#1418,#633,.T.);
#1836=EDGE_CURVE('',#1420,#1421,#634,.T.);
#1837=EDGE_CURVE('',#1421,#1419,#635,.T.);
#1838=EDGE_CURVE('',#1422,#1420,#636,.T.);
#1839=EDGE_CURVE('',#1422,#1423,#637,.T.);
#1840=EDGE_CURVE('',#1423,#1421,#638,.T.);
#1841=EDGE_CURVE('',#1424,#1422,#1164,.T.);
#1842=EDGE_CURVE('',#1424,#1425,#639,.T.);
#1843=EDGE_CURVE('',#1425,#1423,#1165,.T.);
#1844=EDGE_CURVE('',#1426,#1424,#1166,.T.);
#1845=EDGE_CURVE('',#1426,#1427,#640,.T.);
#1846=EDGE_CURVE('',#1427,#1425,#1167,.T.);
#1847=EDGE_CURVE('',#1428,#1426,#1168,.T.);
#1848=EDGE_CURVE('',#1428,#1429,#641,.T.);
#1849=EDGE_CURVE('',#1429,#1427,#1169,.T.);
#1850=EDGE_CURVE('',#1430,#1428,#1170,.T.);
#1851=EDGE_CURVE('',#1430,#1431,#642,.T.);
#1852=EDGE_CURVE('',#1431,#1429,#1171,.T.);
#1853=EDGE_CURVE('',#1432,#1430,#1172,.T.);
#1854=EDGE_CURVE('',#1432,#1433,#643,.T.);
#1855=EDGE_CURVE('',#1433,#1431,#1173,.T.);
#1856=EDGE_CURVE('',#1434,#1432,#1174,.T.);
#1857=EDGE_CURVE('',#1434,#1435,#644,.T.);
#1858=EDGE_CURVE('',#1435,#1433,#1175,.T.);
#1859=EDGE_CURVE('',#1436,#1434,#645,.T.);
#1860=EDGE_CURVE('',#1436,#1437,#646,.T.);
#1861=EDGE_CURVE('',#1437,#1435,#647,.T.);
#1862=EDGE_CURVE('',#1438,#1436,#648,.T.);
#1863=EDGE_CURVE('',#1438,#1439,#649,.T.);
#1864=EDGE_CURVE('',#1439,#1437,#650,.T.);
#1865=EDGE_CURVE('',#1407,#1438,#651,.T.);
#1866=EDGE_CURVE('',#1409,#1439,#652,.T.);
#1867=EDGE_CURVE('',#1440,#1441,#653,.T.);
#1868=EDGE_CURVE('',#1440,#1442,#654,.T.);
#1869=EDGE_CURVE('',#1442,#1443,#655,.T.);
#1870=EDGE_CURVE('',#1441,#1443,#656,.T.);
#1871=EDGE_CURVE('',#1444,#1440,#657,.T.);
#1872=EDGE_CURVE('',#1444,#1445,#658,.T.);
#1873=EDGE_CURVE('',#1445,#1442,#659,.T.);
#1874=EDGE_CURVE('',#1446,#1444,#660,.T.);
#1875=EDGE_CURVE('',#1446,#1447,#661,.T.);
#1876=EDGE_CURVE('',#1447,#1445,#662,.T.);
#1877=EDGE_CURVE('',#1441,#1446,#663,.T.);
#1878=EDGE_CURVE('',#1443,#1447,#664,.T.);
#1879=EDGE_CURVE('',#1448,#1449,#665,.T.);
#1880=EDGE_CURVE('',#1448,#1450,#666,.T.);
#1881=EDGE_CURVE('',#1450,#1451,#667,.T.);
#1882=EDGE_CURVE('',#1449,#1451,#668,.T.);
#1883=EDGE_CURVE('',#1452,#1448,#1176,.T.);
#1884=EDGE_CURVE('',#1452,#1453,#669,.T.);
#1885=EDGE_CURVE('',#1453,#1450,#1177,.T.);
#1886=EDGE_CURVE('',#1454,#1452,#1178,.T.);
#1887=EDGE_CURVE('',#1454,#1455,#670,.T.);
#1888=EDGE_CURVE('',#1455,#1453,#1179,.T.);
#1889=EDGE_CURVE('',#1456,#1454,#1180,.T.);
#1890=EDGE_CURVE('',#1456,#1457,#671,.T.);
#1891=EDGE_CURVE('',#1457,#1455,#1181,.T.);
#1892=EDGE_CURVE('',#1458,#1456,#1182,.T.);
#1893=EDGE_CURVE('',#1458,#1459,#672,.T.);
#1894=EDGE_CURVE('',#1459,#1457,#1183,.T.);
#1895=EDGE_CURVE('',#1460,#1458,#1184,.T.);
#1896=EDGE_CURVE('',#1460,#1461,#673,.T.);
#1897=EDGE_CURVE('',#1461,#1459,#1185,.T.);
#1898=EDGE_CURVE('',#1462,#1460,#1186,.T.);
#1899=EDGE_CURVE('',#1462,#1463,#674,.T.);
#1900=EDGE_CURVE('',#1463,#1461,#1187,.T.);
#1901=EDGE_CURVE('',#1464,#1462,#675,.T.);
#1902=EDGE_CURVE('',#1464,#1465,#676,.T.);
#1903=EDGE_CURVE('',#1465,#1463,#677,.T.);
#1904=EDGE_CURVE('',#1449,#1464,#678,.T.);
#1905=EDGE_CURVE('',#1451,#1465,#679,.T.);
#1906=EDGE_CURVE('',#1466,#1467,#680,.T.);
#1907=EDGE_CURVE('',#1466,#1468,#681,.T.);
#1908=EDGE_CURVE('',#1468,#1469,#682,.T.);
#1909=EDGE_CURVE('',#1467,#1469,#683,.T.);
#1910=EDGE_CURVE('',#1470,#1466,#1188,.T.);
#1911=EDGE_CURVE('',#1470,#1471,#684,.T.);
#1912=EDGE_CURVE('',#1471,#1468,#1189,.T.);
#1913=EDGE_CURVE('',#1472,#1470,#1190,.T.);
#1914=EDGE_CURVE('',#1472,#1473,#685,.T.);
#1915=EDGE_CURVE('',#1473,#1471,#1191,.T.);
#1916=EDGE_CURVE('',#1474,#1472,#1192,.T.);
#1917=EDGE_CURVE('',#1474,#1475,#686,.T.);
#1918=EDGE_CURVE('',#1475,#1473,#1193,.T.);
#1919=EDGE_CURVE('',#1476,#1474,#1194,.T.);
#1920=EDGE_CURVE('',#1476,#1477,#687,.T.);
#1921=EDGE_CURVE('',#1477,#1475,#1195,.T.);
#1922=EDGE_CURVE('',#1478,#1476,#1196,.T.);
#1923=EDGE_CURVE('',#1478,#1479,#688,.T.);
#1924=EDGE_CURVE('',#1479,#1477,#1197,.T.);
#1925=EDGE_CURVE('',#1480,#1478,#1198,.T.);
#1926=EDGE_CURVE('',#1480,#1481,#689,.T.);
#1927=EDGE_CURVE('',#1481,#1479,#1199,.T.);
#1928=EDGE_CURVE('',#1482,#1480,#1200,.T.);
#1929=EDGE_CURVE('',#1482,#1483,#690,.T.);
#1930=EDGE_CURVE('',#1483,#1481,#1201,.T.);
#1931=EDGE_CURVE('',#1484,#1482,#691,.T.);
#1932=EDGE_CURVE('',#1484,#1485,#692,.T.);
#1933=EDGE_CURVE('',#1485,#1483,#693,.T.);
#1934=EDGE_CURVE('',#1467,#1484,#694,.T.);
#1935=EDGE_CURVE('',#1469,#1485,#695,.T.);
#1936=EDGE_CURVE('',#1486,#1487,#1202,.T.);
#1937=EDGE_CURVE('',#1486,#1488,#696,.T.);
#1938=EDGE_CURVE('',#1488,#1489,#1203,.T.);
#1939=EDGE_CURVE('',#1487,#1489,#697,.T.);
#1940=EDGE_CURVE('',#1490,#1486,#1204,.T.);
#1941=EDGE_CURVE('',#1490,#1491,#698,.T.);
#1942=EDGE_CURVE('',#1491,#1488,#1205,.T.);
#1943=EDGE_CURVE('',#1492,#1490,#1206,.T.);
#1944=EDGE_CURVE('',#1492,#1493,#699,.T.);
#1945=EDGE_CURVE('',#1493,#1491,#1207,.T.);
#1946=EDGE_CURVE('',#1494,#1492,#1208,.T.);
#1947=EDGE_CURVE('',#1494,#1495,#700,.T.);
#1948=EDGE_CURVE('',#1495,#1493,#1209,.T.);
#1949=EDGE_CURVE('',#1496,#1494,#1210,.T.);
#1950=EDGE_CURVE('',#1496,#1497,#701,.T.);
#1951=EDGE_CURVE('',#1497,#1495,#1211,.T.);
#1952=EDGE_CURVE('',#1498,#1496,#1212,.T.);
#1953=EDGE_CURVE('',#1498,#1499,#702,.T.);
#1954=EDGE_CURVE('',#1499,#1497,#1213,.T.);
#1955=EDGE_CURVE('',#1500,#1498,#1214,.T.);
#1956=EDGE_CURVE('',#1500,#1501,#703,.T.);
#1957=EDGE_CURVE('',#1501,#1499,#1215,.T.);
#1958=EDGE_CURVE('',#1502,#1500,#1216,.T.);
#1959=EDGE_CURVE('',#1502,#1503,#704,.T.);
#1960=EDGE_CURVE('',#1503,#1501,#1217,.T.);
#1961=EDGE_CURVE('',#1504,#1502,#1218,.T.);
#1962=EDGE_CURVE('',#1504,#1505,#705,.T.);
#1963=EDGE_CURVE('',#1505,#1503,#1219,.T.);
#1964=EDGE_CURVE('',#1506,#1504,#1220,.T.);
#1965=EDGE_CURVE('',#1506,#1507,#706,.T.);
#1966=EDGE_CURVE('',#1507,#1505,#1221,.T.);
#1967=EDGE_CURVE('',#1508,#1506,#1222,.T.);
#1968=EDGE_CURVE('',#1508,#1509,#707,.T.);
#1969=EDGE_CURVE('',#1509,#1507,#1223,.T.);
#1970=EDGE_CURVE('',#1510,#1508,#708,.T.);
#1971=EDGE_CURVE('',#1510,#1511,#709,.T.);
#1972=EDGE_CURVE('',#1511,#1509,#710,.T.);
#1973=EDGE_CURVE('',#1512,#1510,#711,.T.);
#1974=EDGE_CURVE('',#1512,#1513,#712,.T.);
#1975=EDGE_CURVE('',#1513,#1511,#713,.T.);
#1976=EDGE_CURVE('',#1487,#1512,#714,.T.);
#1977=EDGE_CURVE('',#1489,#1513,#715,.T.);
#1978=EDGE_CURVE('',#1514,#1515,#1224,.T.);
#1979=EDGE_CURVE('',#1514,#1516,#716,.T.);
#1980=EDGE_CURVE('',#1516,#1517,#1225,.T.);
#1981=EDGE_CURVE('',#1515,#1517,#717,.T.);
#1982=EDGE_CURVE('',#1518,#1514,#1226,.T.);
#1983=EDGE_CURVE('',#1518,#1519,#718,.T.);
#1984=EDGE_CURVE('',#1519,#1516,#1227,.T.);
#1985=EDGE_CURVE('',#1520,#1518,#1228,.T.);
#1986=EDGE_CURVE('',#1520,#1521,#719,.T.);
#1987=EDGE_CURVE('',#1521,#1519,#1229,.T.);
#1988=EDGE_CURVE('',#1522,#1520,#1230,.T.);
#1989=EDGE_CURVE('',#1522,#1523,#720,.T.);
#1990=EDGE_CURVE('',#1523,#1521,#1231,.T.);
#1991=EDGE_CURVE('',#1524,#1522,#1232,.T.);
#1992=EDGE_CURVE('',#1524,#1525,#721,.T.);
#1993=EDGE_CURVE('',#1525,#1523,#1233,.T.);
#1994=EDGE_CURVE('',#1526,#1524,#722,.T.);
#1995=EDGE_CURVE('',#1526,#1527,#723,.T.);
#1996=EDGE_CURVE('',#1527,#1525,#724,.T.);
#1997=EDGE_CURVE('',#1528,#1526,#725,.T.);
#1998=EDGE_CURVE('',#1528,#1529,#726,.T.);
#1999=EDGE_CURVE('',#1529,#1527,#727,.T.);
#2000=EDGE_CURVE('',#1530,#1528,#728,.T.);
#2001=EDGE_CURVE('',#1530,#1531,#729,.T.);
#2002=EDGE_CURVE('',#1531,#1529,#730,.T.);
#2003=EDGE_CURVE('',#1532,#1530,#1234,.T.);
#2004=EDGE_CURVE('',#1532,#1533,#731,.T.);
#2005=EDGE_CURVE('',#1533,#1531,#1235,.T.);
#2006=EDGE_CURVE('',#1534,#1532,#1236,.T.);
#2007=EDGE_CURVE('',#1534,#1535,#732,.T.);
#2008=EDGE_CURVE('',#1535,#1533,#1237,.T.);
#2009=EDGE_CURVE('',#1536,#1534,#1238,.T.);
#2010=EDGE_CURVE('',#1536,#1537,#733,.T.);
#2011=EDGE_CURVE('',#1537,#1535,#1239,.T.);
#2012=EDGE_CURVE('',#1538,#1536,#1240,.T.);
#2013=EDGE_CURVE('',#1538,#1539,#734,.T.);
#2014=EDGE_CURVE('',#1539,#1537,#1241,.T.);
#2015=EDGE_CURVE('',#1540,#1538,#1242,.T.);
#2016=EDGE_CURVE('',#1540,#1541,#735,.T.);
#2017=EDGE_CURVE('',#1541,#1539,#1243,.T.);
#2018=EDGE_CURVE('',#1542,#1540,#1244,.T.);
#2019=EDGE_CURVE('',#1542,#1543,#736,.T.);
#2020=EDGE_CURVE('',#1543,#1541,#1245,.T.);
#2021=EDGE_CURVE('',#1544,#1542,#737,.T.);
#2022=EDGE_CURVE('',#1544,#1545,#738,.T.);
#2023=EDGE_CURVE('',#1545,#1543,#739,.T.);
#2024=EDGE_CURVE('',#1546,#1544,#740,.T.);
#2025=EDGE_CURVE('',#1546,#1547,#741,.T.);
#2026=EDGE_CURVE('',#1547,#1545,#742,.T.);
#2027=EDGE_CURVE('',#1515,#1546,#743,.T.);
#2028=EDGE_CURVE('',#1517,#1547,#744,.T.);
#2029=EDGE_CURVE('',#1548,#1548,#23,.T.);
#2030=EDGE_CURVE('',#1548,#1549,#745,.T.);
#2031=EDGE_CURVE('',#1550,#1550,#24,.T.);
#2032=EDGE_CURVE('',#1550,#1548,#746,.T.);
#2033=EDGE_CURVE('',#1551,#1551,#25,.T.);
#2034=EDGE_CURVE('',#1551,#1552,#747,.T.);
#2035=EDGE_CURVE('',#1553,#1553,#26,.T.);
#2036=EDGE_CURVE('',#1553,#1551,#748,.T.);
#2037=EDGE_CURVE('',#1554,#1554,#27,.T.);
#2038=EDGE_CURVE('',#1554,#1555,#749,.T.);
#2039=EDGE_CURVE('',#1556,#1556,#28,.T.);
#2040=EDGE_CURVE('',#1556,#1554,#750,.T.);
#2041=EDGE_CURVE('',#1557,#1557,#29,.T.);
#2042=EDGE_CURVE('',#1557,#1558,#751,.T.);
#2043=EDGE_CURVE('',#1559,#1559,#30,.T.);
#2044=EDGE_CURVE('',#1559,#1557,#752,.T.);
#2045=EDGE_CURVE('',#1560,#1561,#31,.T.);
#2046=EDGE_CURVE('',#1561,#1562,#753,.T.);
#2047=EDGE_CURVE('',#1562,#1563,#32,.T.);
#2048=EDGE_CURVE('',#1563,#1564,#754,.T.);
#2049=EDGE_CURVE('',#1564,#1565,#33,.T.);
#2050=EDGE_CURVE('',#1565,#1566,#755,.T.);
#2051=EDGE_CURVE('',#1566,#1567,#34,.T.);
#2052=EDGE_CURVE('',#1567,#1560,#756,.T.);
#2053=EDGE_CURVE('',#1568,#1569,#757,.T.);
#2054=EDGE_CURVE('',#1568,#1560,#758,.T.);
#2055=EDGE_CURVE('',#1569,#1567,#759,.T.);
#2056=EDGE_CURVE('',#1570,#1569,#35,.T.);
#2057=EDGE_CURVE('',#1570,#1566,#760,.T.);
#2058=EDGE_CURVE('',#1570,#1571,#761,.T.);
#2059=EDGE_CURVE('',#1571,#1565,#762,.T.);
#2060=EDGE_CURVE('',#1572,#1571,#36,.T.);
#2061=EDGE_CURVE('',#1572,#1564,#763,.T.);
#2062=EDGE_CURVE('',#1572,#1573,#764,.T.);
#2063=EDGE_CURVE('',#1573,#1563,#765,.T.);
#2064=EDGE_CURVE('',#1574,#1573,#37,.T.);
#2065=EDGE_CURVE('',#1574,#1562,#766,.T.);
#2066=EDGE_CURVE('',#1574,#1575,#767,.T.);
#2067=EDGE_CURVE('',#1575,#1561,#768,.T.);
#2068=EDGE_CURVE('',#1568,#1575,#38,.T.);
#2069=ORIENTED_EDGE('',*,*,#1576,.F.);
#2070=ORIENTED_EDGE('',*,*,#1577,.T.);
#2071=ORIENTED_EDGE('',*,*,#1578,.T.);
#2072=ORIENTED_EDGE('',*,*,#1579,.F.);
#2073=ORIENTED_EDGE('',*,*,#1580,.F.);
#2074=ORIENTED_EDGE('',*,*,#1581,.T.);
#2075=ORIENTED_EDGE('',*,*,#1582,.T.);
#2076=ORIENTED_EDGE('',*,*,#1577,.F.);
#2077=ORIENTED_EDGE('',*,*,#1583,.F.);
#2078=ORIENTED_EDGE('',*,*,#1584,.T.);
#2079=ORIENTED_EDGE('',*,*,#1585,.T.);
#2080=ORIENTED_EDGE('',*,*,#1581,.F.);
#2081=ORIENTED_EDGE('',*,*,#1586,.F.);
#2082=ORIENTED_EDGE('',*,*,#1587,.T.);
#2083=ORIENTED_EDGE('',*,*,#1588,.T.);
#2084=ORIENTED_EDGE('',*,*,#1584,.F.);
#2085=ORIENTED_EDGE('',*,*,#1589,.F.);
#2086=ORIENTED_EDGE('',*,*,#1590,.T.);
#2087=ORIENTED_EDGE('',*,*,#1591,.T.);
#2088=ORIENTED_EDGE('',*,*,#1587,.F.);
#2089=ORIENTED_EDGE('',*,*,#1592,.F.);
#2090=ORIENTED_EDGE('',*,*,#1593,.T.);
#2091=ORIENTED_EDGE('',*,*,#1594,.T.);
#2092=ORIENTED_EDGE('',*,*,#1590,.F.);
#2093=ORIENTED_EDGE('',*,*,#1595,.F.);
#2094=ORIENTED_EDGE('',*,*,#1596,.T.);
#2095=ORIENTED_EDGE('',*,*,#1597,.T.);
#2096=ORIENTED_EDGE('',*,*,#1593,.F.);
#2097=ORIENTED_EDGE('',*,*,#1598,.F.);
#2098=ORIENTED_EDGE('',*,*,#1599,.T.);
#2099=ORIENTED_EDGE('',*,*,#1600,.T.);
#2100=ORIENTED_EDGE('',*,*,#1596,.F.);
#2101=ORIENTED_EDGE('',*,*,#1601,.F.);
#2102=ORIENTED_EDGE('',*,*,#1602,.T.);
#2103=ORIENTED_EDGE('',*,*,#1603,.T.);
#2104=ORIENTED_EDGE('',*,*,#1599,.F.);
#2105=ORIENTED_EDGE('',*,*,#1604,.F.);
#2106=ORIENTED_EDGE('',*,*,#1605,.T.);
#2107=ORIENTED_EDGE('',*,*,#1606,.T.);
#2108=ORIENTED_EDGE('',*,*,#1602,.F.);
#2109=ORIENTED_EDGE('',*,*,#1607,.F.);
#2110=ORIENTED_EDGE('',*,*,#1608,.T.);
#2111=ORIENTED_EDGE('',*,*,#1609,.T.);
#2112=ORIENTED_EDGE('',*,*,#1605,.F.);
#2113=ORIENTED_EDGE('',*,*,#1610,.F.);
#2114=ORIENTED_EDGE('',*,*,#1611,.T.);
#2115=ORIENTED_EDGE('',*,*,#1612,.T.);
#2116=ORIENTED_EDGE('',*,*,#1608,.F.);
#2117=ORIENTED_EDGE('',*,*,#1613,.F.);
#2118=ORIENTED_EDGE('',*,*,#1614,.T.);
#2119=ORIENTED_EDGE('',*,*,#1615,.T.);
#2120=ORIENTED_EDGE('',*,*,#1611,.F.);
#2121=ORIENTED_EDGE('',*,*,#1616,.F.);
#2122=ORIENTED_EDGE('',*,*,#1617,.T.);
#2123=ORIENTED_EDGE('',*,*,#1618,.T.);
#2124=ORIENTED_EDGE('',*,*,#1614,.F.);
#2125=ORIENTED_EDGE('',*,*,#1619,.F.);
#2126=ORIENTED_EDGE('',*,*,#1620,.T.);
#2127=ORIENTED_EDGE('',*,*,#1621,.T.);
#2128=ORIENTED_EDGE('',*,*,#1617,.F.);
#2129=ORIENTED_EDGE('',*,*,#1622,.F.);
#2130=ORIENTED_EDGE('',*,*,#1623,.T.);
#2131=ORIENTED_EDGE('',*,*,#1624,.T.);
#2132=ORIENTED_EDGE('',*,*,#1620,.F.);
#2133=ORIENTED_EDGE('',*,*,#1625,.F.);
#2134=ORIENTED_EDGE('',*,*,#1626,.T.);
#2135=ORIENTED_EDGE('',*,*,#1627,.T.);
#2136=ORIENTED_EDGE('',*,*,#1623,.F.);
#2137=ORIENTED_EDGE('',*,*,#1628,.F.);
#2138=ORIENTED_EDGE('',*,*,#1629,.T.);
#2139=ORIENTED_EDGE('',*,*,#1630,.T.);
#2140=ORIENTED_EDGE('',*,*,#1626,.F.);
#2141=ORIENTED_EDGE('',*,*,#1631,.F.);
#2142=ORIENTED_EDGE('',*,*,#1632,.T.);
#2143=ORIENTED_EDGE('',*,*,#1633,.T.);
#2144=ORIENTED_EDGE('',*,*,#1629,.F.);
#2145=ORIENTED_EDGE('',*,*,#1634,.F.);
#2146=ORIENTED_EDGE('',*,*,#1635,.T.);
#2147=ORIENTED_EDGE('',*,*,#1636,.T.);
#2148=ORIENTED_EDGE('',*,*,#1632,.F.);
#2149=ORIENTED_EDGE('',*,*,#1637,.F.);
#2150=ORIENTED_EDGE('',*,*,#1638,.T.);
#2151=ORIENTED_EDGE('',*,*,#1639,.T.);
#2152=ORIENTED_EDGE('',*,*,#1635,.F.);
#2153=ORIENTED_EDGE('',*,*,#1640,.F.);
#2154=ORIENTED_EDGE('',*,*,#1641,.T.);
#2155=ORIENTED_EDGE('',*,*,#1642,.T.);
#2156=ORIENTED_EDGE('',*,*,#1638,.F.);
#2157=ORIENTED_EDGE('',*,*,#1643,.F.);
#2158=ORIENTED_EDGE('',*,*,#1644,.T.);
#2159=ORIENTED_EDGE('',*,*,#1645,.T.);
#2160=ORIENTED_EDGE('',*,*,#1641,.F.);
#2161=ORIENTED_EDGE('',*,*,#1646,.F.);
#2162=ORIENTED_EDGE('',*,*,#1647,.T.);
#2163=ORIENTED_EDGE('',*,*,#1648,.T.);
#2164=ORIENTED_EDGE('',*,*,#1644,.F.);
#2165=ORIENTED_EDGE('',*,*,#1649,.F.);
#2166=ORIENTED_EDGE('',*,*,#1650,.T.);
#2167=ORIENTED_EDGE('',*,*,#1651,.T.);
#2168=ORIENTED_EDGE('',*,*,#1647,.F.);
#2169=ORIENTED_EDGE('',*,*,#1652,.F.);
#2170=ORIENTED_EDGE('',*,*,#1653,.T.);
#2171=ORIENTED_EDGE('',*,*,#1654,.T.);
#2172=ORIENTED_EDGE('',*,*,#1650,.F.);
#2173=ORIENTED_EDGE('',*,*,#1655,.F.);
#2174=ORIENTED_EDGE('',*,*,#1656,.T.);
#2175=ORIENTED_EDGE('',*,*,#1657,.T.);
#2176=ORIENTED_EDGE('',*,*,#1653,.F.);
#2177=ORIENTED_EDGE('',*,*,#1658,.F.);
#2178=ORIENTED_EDGE('',*,*,#1659,.T.);
#2179=ORIENTED_EDGE('',*,*,#1660,.T.);
#2180=ORIENTED_EDGE('',*,*,#1656,.F.);
#2181=ORIENTED_EDGE('',*,*,#1661,.F.);
#2182=ORIENTED_EDGE('',*,*,#1662,.T.);
#2183=ORIENTED_EDGE('',*,*,#1663,.T.);
#2184=ORIENTED_EDGE('',*,*,#1659,.F.);
#2185=ORIENTED_EDGE('',*,*,#1664,.F.);
#2186=ORIENTED_EDGE('',*,*,#1665,.T.);
#2187=ORIENTED_EDGE('',*,*,#1666,.T.);
#2188=ORIENTED_EDGE('',*,*,#1662,.F.);
#2189=ORIENTED_EDGE('',*,*,#1667,.F.);
#2190=ORIENTED_EDGE('',*,*,#1668,.T.);
#2191=ORIENTED_EDGE('',*,*,#1669,.T.);
#2192=ORIENTED_EDGE('',*,*,#1665,.F.);
#2193=ORIENTED_EDGE('',*,*,#1670,.F.);
#2194=ORIENTED_EDGE('',*,*,#1671,.T.);
#2195=ORIENTED_EDGE('',*,*,#1672,.T.);
#2196=ORIENTED_EDGE('',*,*,#1668,.F.);
#2197=ORIENTED_EDGE('',*,*,#1673,.F.);
#2198=ORIENTED_EDGE('',*,*,#1674,.T.);
#2199=ORIENTED_EDGE('',*,*,#1675,.T.);
#2200=ORIENTED_EDGE('',*,*,#1671,.F.);
#2201=ORIENTED_EDGE('',*,*,#1676,.F.);
#2202=ORIENTED_EDGE('',*,*,#1677,.T.);
#2203=ORIENTED_EDGE('',*,*,#1678,.T.);
#2204=ORIENTED_EDGE('',*,*,#1674,.F.);
#2205=ORIENTED_EDGE('',*,*,#1679,.F.);
#2206=ORIENTED_EDGE('',*,*,#1579,.T.);
#2207=ORIENTED_EDGE('',*,*,#1680,.T.);
#2208=ORIENTED_EDGE('',*,*,#1677,.F.);
#2209=ORIENTED_EDGE('',*,*,#1680,.F.);
#2210=ORIENTED_EDGE('',*,*,#1578,.F.);
#2211=ORIENTED_EDGE('',*,*,#1582,.F.);
#2212=ORIENTED_EDGE('',*,*,#1585,.F.);
#2213=ORIENTED_EDGE('',*,*,#1588,.F.);
#2214=ORIENTED_EDGE('',*,*,#1591,.F.);
#2215=ORIENTED_EDGE('',*,*,#1594,.F.);
#2216=ORIENTED_EDGE('',*,*,#1597,.F.);
#2217=ORIENTED_EDGE('',*,*,#1600,.F.);
#2218=ORIENTED_EDGE('',*,*,#1603,.F.);
#2219=ORIENTED_EDGE('',*,*,#1606,.F.);
#2220=ORIENTED_EDGE('',*,*,#1609,.F.);
#2221=ORIENTED_EDGE('',*,*,#1612,.F.);
#2222=ORIENTED_EDGE('',*,*,#1615,.F.);
#2223=ORIENTED_EDGE('',*,*,#1618,.F.);
#2224=ORIENTED_EDGE('',*,*,#1621,.F.);
#2225=ORIENTED_EDGE('',*,*,#1624,.F.);
#2226=ORIENTED_EDGE('',*,*,#1627,.F.);
#2227=ORIENTED_EDGE('',*,*,#1630,.F.);
#2228=ORIENTED_EDGE('',*,*,#1633,.F.);
#2229=ORIENTED_EDGE('',*,*,#1636,.F.);
#2230=ORIENTED_EDGE('',*,*,#1639,.F.);
#2231=ORIENTED_EDGE('',*,*,#1642,.F.);
#2232=ORIENTED_EDGE('',*,*,#1645,.F.);
#2233=ORIENTED_EDGE('',*,*,#1648,.F.);
#2234=ORIENTED_EDGE('',*,*,#1651,.F.);
#2235=ORIENTED_EDGE('',*,*,#1654,.F.);
#2236=ORIENTED_EDGE('',*,*,#1657,.F.);
#2237=ORIENTED_EDGE('',*,*,#1660,.F.);
#2238=ORIENTED_EDGE('',*,*,#1663,.F.);
#2239=ORIENTED_EDGE('',*,*,#1666,.F.);
#2240=ORIENTED_EDGE('',*,*,#1669,.F.);
#2241=ORIENTED_EDGE('',*,*,#1672,.F.);
#2242=ORIENTED_EDGE('',*,*,#1675,.F.);
#2243=ORIENTED_EDGE('',*,*,#1678,.F.);
#2244=ORIENTED_EDGE('',*,*,#1681,.F.);
#2245=ORIENTED_EDGE('',*,*,#1682,.T.);
#2246=ORIENTED_EDGE('',*,*,#1683,.T.);
#2247=ORIENTED_EDGE('',*,*,#1684,.F.);
#2248=ORIENTED_EDGE('',*,*,#1685,.F.);
#2249=ORIENTED_EDGE('',*,*,#1686,.T.);
#2250=ORIENTED_EDGE('',*,*,#1687,.T.);
#2251=ORIENTED_EDGE('',*,*,#1682,.F.);
#2252=ORIENTED_EDGE('',*,*,#1688,.F.);
#2253=ORIENTED_EDGE('',*,*,#1689,.T.);
#2254=ORIENTED_EDGE('',*,*,#1690,.T.);
#2255=ORIENTED_EDGE('',*,*,#1686,.F.);
#2256=ORIENTED_EDGE('',*,*,#1691,.F.);
#2257=ORIENTED_EDGE('',*,*,#1692,.T.);
#2258=ORIENTED_EDGE('',*,*,#1693,.T.);
#2259=ORIENTED_EDGE('',*,*,#1689,.F.);
#2260=ORIENTED_EDGE('',*,*,#1694,.F.);
#2261=ORIENTED_EDGE('',*,*,#1695,.T.);
#2262=ORIENTED_EDGE('',*,*,#1696,.T.);
#2263=ORIENTED_EDGE('',*,*,#1692,.F.);
#2264=ORIENTED_EDGE('',*,*,#1697,.F.);
#2265=ORIENTED_EDGE('',*,*,#1698,.T.);
#2266=ORIENTED_EDGE('',*,*,#1699,.T.);
#2267=ORIENTED_EDGE('',*,*,#1695,.F.);
#2268=ORIENTED_EDGE('',*,*,#1700,.F.);
#2269=ORIENTED_EDGE('',*,*,#1701,.T.);
#2270=ORIENTED_EDGE('',*,*,#1702,.T.);
#2271=ORIENTED_EDGE('',*,*,#1698,.F.);
#2272=ORIENTED_EDGE('',*,*,#1703,.F.);
#2273=ORIENTED_EDGE('',*,*,#1704,.T.);
#2274=ORIENTED_EDGE('',*,*,#1705,.T.);
#2275=ORIENTED_EDGE('',*,*,#1701,.F.);
#2276=ORIENTED_EDGE('',*,*,#1706,.F.);
#2277=ORIENTED_EDGE('',*,*,#1684,.T.);
#2278=ORIENTED_EDGE('',*,*,#1707,.T.);
#2279=ORIENTED_EDGE('',*,*,#1704,.F.);
#2280=ORIENTED_EDGE('',*,*,#1708,.F.);
#2281=ORIENTED_EDGE('',*,*,#1709,.T.);
#2282=ORIENTED_EDGE('',*,*,#1710,.T.);
#2283=ORIENTED_EDGE('',*,*,#1711,.F.);
#2284=ORIENTED_EDGE('',*,*,#1712,.F.);
#2285=ORIENTED_EDGE('',*,*,#1713,.T.);
#2286=ORIENTED_EDGE('',*,*,#1714,.T.);
#2287=ORIENTED_EDGE('',*,*,#1709,.F.);
#2288=ORIENTED_EDGE('',*,*,#1715,.F.);
#2289=ORIENTED_EDGE('',*,*,#1716,.T.);
#2290=ORIENTED_EDGE('',*,*,#1717,.T.);
#2291=ORIENTED_EDGE('',*,*,#1713,.F.);
#2292=ORIENTED_EDGE('',*,*,#1718,.F.);
#2293=ORIENTED_EDGE('',*,*,#1719,.T.);
#2294=ORIENTED_EDGE('',*,*,#1720,.T.);
#2295=ORIENTED_EDGE('',*,*,#1716,.F.);
#2296=ORIENTED_EDGE('',*,*,#1721,.F.);
#2297=ORIENTED_EDGE('',*,*,#1722,.T.);
#2298=ORIENTED_EDGE('',*,*,#1723,.T.);
#2299=ORIENTED_EDGE('',*,*,#1719,.F.);
#2300=ORIENTED_EDGE('',*,*,#1724,.F.);
#2301=ORIENTED_EDGE('',*,*,#1725,.T.);
#2302=ORIENTED_EDGE('',*,*,#1726,.T.);
#2303=ORIENTED_EDGE('',*,*,#1722,.F.);
#2304=ORIENTED_EDGE('',*,*,#1727,.F.);
#2305=ORIENTED_EDGE('',*,*,#1728,.T.);
#2306=ORIENTED_EDGE('',*,*,#1729,.T.);
#2307=ORIENTED_EDGE('',*,*,#1725,.F.);
#2308=ORIENTED_EDGE('',*,*,#1730,.F.);
#2309=ORIENTED_EDGE('',*,*,#1731,.T.);
#2310=ORIENTED_EDGE('',*,*,#1732,.T.);
#2311=ORIENTED_EDGE('',*,*,#1728,.F.);
#2312=ORIENTED_EDGE('',*,*,#1733,.F.);
#2313=ORIENTED_EDGE('',*,*,#1734,.T.);
#2314=ORIENTED_EDGE('',*,*,#1735,.T.);
#2315=ORIENTED_EDGE('',*,*,#1731,.F.);
#2316=ORIENTED_EDGE('',*,*,#1736,.F.);
#2317=ORIENTED_EDGE('',*,*,#1711,.T.);
#2318=ORIENTED_EDGE('',*,*,#1737,.T.);
#2319=ORIENTED_EDGE('',*,*,#1734,.F.);
#2320=ORIENTED_EDGE('',*,*,#1738,.F.);
#2321=ORIENTED_EDGE('',*,*,#1739,.T.);
#2322=ORIENTED_EDGE('',*,*,#1740,.T.);
#2323=ORIENTED_EDGE('',*,*,#1741,.F.);
#2324=ORIENTED_EDGE('',*,*,#1742,.F.);
#2325=ORIENTED_EDGE('',*,*,#1743,.T.);
#2326=ORIENTED_EDGE('',*,*,#1744,.T.);
#2327=ORIENTED_EDGE('',*,*,#1739,.F.);
#2328=ORIENTED_EDGE('',*,*,#1745,.F.);
#2329=ORIENTED_EDGE('',*,*,#1746,.T.);
#2330=ORIENTED_EDGE('',*,*,#1747,.T.);
#2331=ORIENTED_EDGE('',*,*,#1743,.F.);
#2332=ORIENTED_EDGE('',*,*,#1748,.F.);
#2333=ORIENTED_EDGE('',*,*,#1749,.T.);
#2334=ORIENTED_EDGE('',*,*,#1750,.T.);
#2335=ORIENTED_EDGE('',*,*,#1746,.F.);
#2336=ORIENTED_EDGE('',*,*,#1751,.F.);
#2337=ORIENTED_EDGE('',*,*,#1752,.T.);
#2338=ORIENTED_EDGE('',*,*,#1753,.T.);
#2339=ORIENTED_EDGE('',*,*,#1749,.F.);
#2340=ORIENTED_EDGE('',*,*,#1754,.F.);
#2341=ORIENTED_EDGE('',*,*,#1755,.T.);
#2342=ORIENTED_EDGE('',*,*,#1756,.T.);
#2343=ORIENTED_EDGE('',*,*,#1752,.F.);
#2344=ORIENTED_EDGE('',*,*,#1757,.F.);
#2345=ORIENTED_EDGE('',*,*,#1758,.T.);
#2346=ORIENTED_EDGE('',*,*,#1759,.T.);
#2347=ORIENTED_EDGE('',*,*,#1755,.F.);
#2348=ORIENTED_EDGE('',*,*,#1760,.F.);
#2349=ORIENTED_EDGE('',*,*,#1761,.T.);
#2350=ORIENTED_EDGE('',*,*,#1762,.T.);
#2351=ORIENTED_EDGE('',*,*,#1758,.F.);
#2352=ORIENTED_EDGE('',*,*,#1763,.F.);
#2353=ORIENTED_EDGE('',*,*,#1764,.T.);
#2354=ORIENTED_EDGE('',*,*,#1765,.T.);
#2355=ORIENTED_EDGE('',*,*,#1761,.F.);
#2356=ORIENTED_EDGE('',*,*,#1766,.F.);
#2357=ORIENTED_EDGE('',*,*,#1767,.T.);
#2358=ORIENTED_EDGE('',*,*,#1768,.T.);
#2359=ORIENTED_EDGE('',*,*,#1764,.F.);
#2360=ORIENTED_EDGE('',*,*,#1769,.F.);
#2361=ORIENTED_EDGE('',*,*,#1770,.T.);
#2362=ORIENTED_EDGE('',*,*,#1771,.T.);
#2363=ORIENTED_EDGE('',*,*,#1767,.F.);
#2364=ORIENTED_EDGE('',*,*,#1772,.F.);
#2365=ORIENTED_EDGE('',*,*,#1773,.T.);
#2366=ORIENTED_EDGE('',*,*,#1774,.T.);
#2367=ORIENTED_EDGE('',*,*,#1770,.F.);
#2368=ORIENTED_EDGE('',*,*,#1775,.F.);
#2369=ORIENTED_EDGE('',*,*,#1776,.T.);
#2370=ORIENTED_EDGE('',*,*,#1777,.T.);
#2371=ORIENTED_EDGE('',*,*,#1773,.F.);
#2372=ORIENTED_EDGE('',*,*,#1778,.F.);
#2373=ORIENTED_EDGE('',*,*,#1741,.T.);
#2374=ORIENTED_EDGE('',*,*,#1779,.T.);
#2375=ORIENTED_EDGE('',*,*,#1776,.F.);
#2376=ORIENTED_EDGE('',*,*,#1779,.F.);
#2377=ORIENTED_EDGE('',*,*,#1740,.F.);
#2378=ORIENTED_EDGE('',*,*,#1744,.F.);
#2379=ORIENTED_EDGE('',*,*,#1747,.F.);
#2380=ORIENTED_EDGE('',*,*,#1750,.F.);
#2381=ORIENTED_EDGE('',*,*,#1753,.F.);
#2382=ORIENTED_EDGE('',*,*,#1756,.F.);
#2383=ORIENTED_EDGE('',*,*,#1759,.F.);
#2384=ORIENTED_EDGE('',*,*,#1762,.F.);
#2385=ORIENTED_EDGE('',*,*,#1765,.F.);
#2386=ORIENTED_EDGE('',*,*,#1768,.F.);
#2387=ORIENTED_EDGE('',*,*,#1771,.F.);
#2388=ORIENTED_EDGE('',*,*,#1774,.F.);
#2389=ORIENTED_EDGE('',*,*,#1777,.F.);
#2390=ORIENTED_EDGE('',*,*,#1737,.F.);
#2391=ORIENTED_EDGE('',*,*,#1710,.F.);
#2392=ORIENTED_EDGE('',*,*,#1714,.F.);
#2393=ORIENTED_EDGE('',*,*,#1717,.F.);
#2394=ORIENTED_EDGE('',*,*,#1720,.F.);
#2395=ORIENTED_EDGE('',*,*,#1723,.F.);
#2396=ORIENTED_EDGE('',*,*,#1726,.F.);
#2397=ORIENTED_EDGE('',*,*,#1729,.F.);
#2398=ORIENTED_EDGE('',*,*,#1732,.F.);
#2399=ORIENTED_EDGE('',*,*,#1735,.F.);
#2400=ORIENTED_EDGE('',*,*,#1707,.F.);
#2401=ORIENTED_EDGE('',*,*,#1683,.F.);
#2402=ORIENTED_EDGE('',*,*,#1687,.F.);
#2403=ORIENTED_EDGE('',*,*,#1690,.F.);
#2404=ORIENTED_EDGE('',*,*,#1693,.F.);
#2405=ORIENTED_EDGE('',*,*,#1696,.F.);
#2406=ORIENTED_EDGE('',*,*,#1699,.F.);
#2407=ORIENTED_EDGE('',*,*,#1702,.F.);
#2408=ORIENTED_EDGE('',*,*,#1705,.F.);
#2409=ORIENTED_EDGE('',*,*,#1780,.F.);
#2410=ORIENTED_EDGE('',*,*,#1781,.T.);
#2411=ORIENTED_EDGE('',*,*,#1782,.T.);
#2412=ORIENTED_EDGE('',*,*,#1783,.F.);
#2413=ORIENTED_EDGE('',*,*,#1784,.F.);
#2414=ORIENTED_EDGE('',*,*,#1785,.T.);
#2415=ORIENTED_EDGE('',*,*,#1786,.T.);
#2416=ORIENTED_EDGE('',*,*,#1781,.F.);
#2417=ORIENTED_EDGE('',*,*,#1787,.F.);
#2418=ORIENTED_EDGE('',*,*,#1788,.T.);
#2419=ORIENTED_EDGE('',*,*,#1789,.T.);
#2420=ORIENTED_EDGE('',*,*,#1785,.F.);
#2421=ORIENTED_EDGE('',*,*,#1790,.F.);
#2422=ORIENTED_EDGE('',*,*,#1791,.T.);
#2423=ORIENTED_EDGE('',*,*,#1792,.T.);
#2424=ORIENTED_EDGE('',*,*,#1788,.F.);
#2425=ORIENTED_EDGE('',*,*,#1793,.F.);
#2426=ORIENTED_EDGE('',*,*,#1794,.T.);
#2427=ORIENTED_EDGE('',*,*,#1795,.T.);
#2428=ORIENTED_EDGE('',*,*,#1791,.F.);
#2429=ORIENTED_EDGE('',*,*,#1796,.F.);
#2430=ORIENTED_EDGE('',*,*,#1797,.T.);
#2431=ORIENTED_EDGE('',*,*,#1798,.T.);
#2432=ORIENTED_EDGE('',*,*,#1794,.F.);
#2433=ORIENTED_EDGE('',*,*,#1799,.F.);
#2434=ORIENTED_EDGE('',*,*,#1800,.T.);
#2435=ORIENTED_EDGE('',*,*,#1801,.T.);
#2436=ORIENTED_EDGE('',*,*,#1797,.F.);
#2437=ORIENTED_EDGE('',*,*,#1802,.F.);
#2438=ORIENTED_EDGE('',*,*,#1803,.T.);
#2439=ORIENTED_EDGE('',*,*,#1804,.T.);
#2440=ORIENTED_EDGE('',*,*,#1800,.F.);
#2441=ORIENTED_EDGE('',*,*,#1805,.F.);
#2442=ORIENTED_EDGE('',*,*,#1806,.T.);
#2443=ORIENTED_EDGE('',*,*,#1807,.T.);
#2444=ORIENTED_EDGE('',*,*,#1803,.F.);
#2445=ORIENTED_EDGE('',*,*,#1808,.F.);
#2446=ORIENTED_EDGE('',*,*,#1809,.T.);
#2447=ORIENTED_EDGE('',*,*,#1810,.T.);
#2448=ORIENTED_EDGE('',*,*,#1806,.F.);
#2449=ORIENTED_EDGE('',*,*,#1811,.F.);
#2450=ORIENTED_EDGE('',*,*,#1812,.T.);
#2451=ORIENTED_EDGE('',*,*,#1813,.T.);
#2452=ORIENTED_EDGE('',*,*,#1809,.F.);
#2453=ORIENTED_EDGE('',*,*,#1814,.F.);
#2454=ORIENTED_EDGE('',*,*,#1783,.T.);
#2455=ORIENTED_EDGE('',*,*,#1815,.T.);
#2456=ORIENTED_EDGE('',*,*,#1812,.F.);
#2457=ORIENTED_EDGE('',*,*,#1815,.F.);
#2458=ORIENTED_EDGE('',*,*,#1782,.F.);
#2459=ORIENTED_EDGE('',*,*,#1786,.F.);
#2460=ORIENTED_EDGE('',*,*,#1789,.F.);
#2461=ORIENTED_EDGE('',*,*,#1792,.F.);
#2462=ORIENTED_EDGE('',*,*,#1795,.F.);
#2463=ORIENTED_EDGE('',*,*,#1798,.F.);
#2464=ORIENTED_EDGE('',*,*,#1801,.F.);
#2465=ORIENTED_EDGE('',*,*,#1804,.F.);
#2466=ORIENTED_EDGE('',*,*,#1807,.F.);
#2467=ORIENTED_EDGE('',*,*,#1810,.F.);
#2468=ORIENTED_EDGE('',*,*,#1813,.F.);
#2469=ORIENTED_EDGE('',*,*,#1816,.F.);
#2470=ORIENTED_EDGE('',*,*,#1817,.T.);
#2471=ORIENTED_EDGE('',*,*,#1818,.T.);
#2472=ORIENTED_EDGE('',*,*,#1819,.F.);
#2473=ORIENTED_EDGE('',*,*,#1820,.F.);
#2474=ORIENTED_EDGE('',*,*,#1821,.T.);
#2475=ORIENTED_EDGE('',*,*,#1822,.T.);
#2476=ORIENTED_EDGE('',*,*,#1817,.F.);
#2477=ORIENTED_EDGE('',*,*,#1823,.F.);
#2478=ORIENTED_EDGE('',*,*,#1824,.T.);
#2479=ORIENTED_EDGE('',*,*,#1825,.T.);
#2480=ORIENTED_EDGE('',*,*,#1821,.F.);
#2481=ORIENTED_EDGE('',*,*,#1826,.F.);
#2482=ORIENTED_EDGE('',*,*,#1827,.T.);
#2483=ORIENTED_EDGE('',*,*,#1828,.T.);
#2484=ORIENTED_EDGE('',*,*,#1824,.F.);
#2485=ORIENTED_EDGE('',*,*,#1829,.F.);
#2486=ORIENTED_EDGE('',*,*,#1830,.T.);
#2487=ORIENTED_EDGE('',*,*,#1831,.T.);
#2488=ORIENTED_EDGE('',*,*,#1827,.F.);
#2489=ORIENTED_EDGE('',*,*,#1832,.F.);
#2490=ORIENTED_EDGE('',*,*,#1833,.T.);
#2491=ORIENTED_EDGE('',*,*,#1834,.T.);
#2492=ORIENTED_EDGE('',*,*,#1830,.F.);
#2493=ORIENTED_EDGE('',*,*,#1835,.F.);
#2494=ORIENTED_EDGE('',*,*,#1836,.T.);
#2495=ORIENTED_EDGE('',*,*,#1837,.T.);
#2496=ORIENTED_EDGE('',*,*,#1833,.F.);
#2497=ORIENTED_EDGE('',*,*,#1838,.F.);
#2498=ORIENTED_EDGE('',*,*,#1839,.T.);
#2499=ORIENTED_EDGE('',*,*,#1840,.T.);
#2500=ORIENTED_EDGE('',*,*,#1836,.F.);
#2501=ORIENTED_EDGE('',*,*,#1841,.F.);
#2502=ORIENTED_EDGE('',*,*,#1842,.T.);
#2503=ORIENTED_EDGE('',*,*,#1843,.T.);
#2504=ORIENTED_EDGE('',*,*,#1839,.F.);
#2505=ORIENTED_EDGE('',*,*,#1844,.F.);
#2506=ORIENTED_EDGE('',*,*,#1845,.T.);
#2507=ORIENTED_EDGE('',*,*,#1846,.T.);
#2508=ORIENTED_EDGE('',*,*,#1842,.F.);
#2509=ORIENTED_EDGE('',*,*,#1847,.F.);
#2510=ORIENTED_EDGE('',*,*,#1848,.T.);
#2511=ORIENTED_EDGE('',*,*,#1849,.T.);
#2512=ORIENTED_EDGE('',*,*,#1845,.F.);
#2513=ORIENTED_EDGE('',*,*,#1850,.F.);
#2514=ORIENTED_EDGE('',*,*,#1851,.T.);
#2515=ORIENTED_EDGE('',*,*,#1852,.T.);
#2516=ORIENTED_EDGE('',*,*,#1848,.F.);
#2517=ORIENTED_EDGE('',*,*,#1853,.F.);
#2518=ORIENTED_EDGE('',*,*,#1854,.T.);
#2519=ORIENTED_EDGE('',*,*,#1855,.T.);
#2520=ORIENTED_EDGE('',*,*,#1851,.F.);
#2521=ORIENTED_EDGE('',*,*,#1856,.F.);
#2522=ORIENTED_EDGE('',*,*,#1857,.T.);
#2523=ORIENTED_EDGE('',*,*,#1858,.T.);
#2524=ORIENTED_EDGE('',*,*,#1854,.F.);
#2525=ORIENTED_EDGE('',*,*,#1859,.F.);
#2526=ORIENTED_EDGE('',*,*,#1860,.T.);
#2527=ORIENTED_EDGE('',*,*,#1861,.T.);
#2528=ORIENTED_EDGE('',*,*,#1857,.F.);
#2529=ORIENTED_EDGE('',*,*,#1862,.F.);
#2530=ORIENTED_EDGE('',*,*,#1863,.T.);
#2531=ORIENTED_EDGE('',*,*,#1864,.T.);
#2532=ORIENTED_EDGE('',*,*,#1860,.F.);
#2533=ORIENTED_EDGE('',*,*,#1865,.F.);
#2534=ORIENTED_EDGE('',*,*,#1819,.T.);
#2535=ORIENTED_EDGE('',*,*,#1866,.T.);
#2536=ORIENTED_EDGE('',*,*,#1863,.F.);
#2537=ORIENTED_EDGE('',*,*,#1866,.F.);
#2538=ORIENTED_EDGE('',*,*,#1818,.F.);
#2539=ORIENTED_EDGE('',*,*,#1822,.F.);
#2540=ORIENTED_EDGE('',*,*,#1825,.F.);
#2541=ORIENTED_EDGE('',*,*,#1828,.F.);
#2542=ORIENTED_EDGE('',*,*,#1831,.F.);
#2543=ORIENTED_EDGE('',*,*,#1834,.F.);
#2544=ORIENTED_EDGE('',*,*,#1837,.F.);
#2545=ORIENTED_EDGE('',*,*,#1840,.F.);
#2546=ORIENTED_EDGE('',*,*,#1843,.F.);
#2547=ORIENTED_EDGE('',*,*,#1846,.F.);
#2548=ORIENTED_EDGE('',*,*,#1849,.F.);
#2549=ORIENTED_EDGE('',*,*,#1852,.F.);
#2550=ORIENTED_EDGE('',*,*,#1855,.F.);
#2551=ORIENTED_EDGE('',*,*,#1858,.F.);
#2552=ORIENTED_EDGE('',*,*,#1861,.F.);
#2553=ORIENTED_EDGE('',*,*,#1864,.F.);
#2554=ORIENTED_EDGE('',*,*,#1867,.F.);
#2555=ORIENTED_EDGE('',*,*,#1868,.T.);
#2556=ORIENTED_EDGE('',*,*,#1869,.T.);
#2557=ORIENTED_EDGE('',*,*,#1870,.F.);
#2558=ORIENTED_EDGE('',*,*,#1871,.F.);
#2559=ORIENTED_EDGE('',*,*,#1872,.T.);
#2560=ORIENTED_EDGE('',*,*,#1873,.T.);
#2561=ORIENTED_EDGE('',*,*,#1868,.F.);
#2562=ORIENTED_EDGE('',*,*,#1874,.F.);
#2563=ORIENTED_EDGE('',*,*,#1875,.T.);
#2564=ORIENTED_EDGE('',*,*,#1876,.T.);
#2565=ORIENTED_EDGE('',*,*,#1872,.F.);
#2566=ORIENTED_EDGE('',*,*,#1877,.F.);
#2567=ORIENTED_EDGE('',*,*,#1870,.T.);
#2568=ORIENTED_EDGE('',*,*,#1878,.T.);
#2569=ORIENTED_EDGE('',*,*,#1875,.F.);
#2570=ORIENTED_EDGE('',*,*,#1878,.F.);
#2571=ORIENTED_EDGE('',*,*,#1869,.F.);
#2572=ORIENTED_EDGE('',*,*,#1873,.F.);
#2573=ORIENTED_EDGE('',*,*,#1876,.F.);
#2574=ORIENTED_EDGE('',*,*,#1879,.F.);
#2575=ORIENTED_EDGE('',*,*,#1880,.T.);
#2576=ORIENTED_EDGE('',*,*,#1881,.T.);
#2577=ORIENTED_EDGE('',*,*,#1882,.F.);
#2578=ORIENTED_EDGE('',*,*,#1883,.F.);
#2579=ORIENTED_EDGE('',*,*,#1884,.T.);
#2580=ORIENTED_EDGE('',*,*,#1885,.T.);
#2581=ORIENTED_EDGE('',*,*,#1880,.F.);
#2582=ORIENTED_EDGE('',*,*,#1886,.F.);
#2583=ORIENTED_EDGE('',*,*,#1887,.T.);
#2584=ORIENTED_EDGE('',*,*,#1888,.T.);
#2585=ORIENTED_EDGE('',*,*,#1884,.F.);
#2586=ORIENTED_EDGE('',*,*,#1889,.F.);
#2587=ORIENTED_EDGE('',*,*,#1890,.T.);
#2588=ORIENTED_EDGE('',*,*,#1891,.T.);
#2589=ORIENTED_EDGE('',*,*,#1887,.F.);
#2590=ORIENTED_EDGE('',*,*,#1892,.F.);
#2591=ORIENTED_EDGE('',*,*,#1893,.T.);
#2592=ORIENTED_EDGE('',*,*,#1894,.T.);
#2593=ORIENTED_EDGE('',*,*,#1890,.F.);
#2594=ORIENTED_EDGE('',*,*,#1895,.F.);
#2595=ORIENTED_EDGE('',*,*,#1896,.T.);
#2596=ORIENTED_EDGE('',*,*,#1897,.T.);
#2597=ORIENTED_EDGE('',*,*,#1893,.F.);
#2598=ORIENTED_EDGE('',*,*,#1898,.F.);
#2599=ORIENTED_EDGE('',*,*,#1899,.T.);
#2600=ORIENTED_EDGE('',*,*,#1900,.T.);
#2601=ORIENTED_EDGE('',*,*,#1896,.F.);
#2602=ORIENTED_EDGE('',*,*,#1901,.F.);
#2603=ORIENTED_EDGE('',*,*,#1902,.T.);
#2604=ORIENTED_EDGE('',*,*,#1903,.T.);
#2605=ORIENTED_EDGE('',*,*,#1899,.F.);
#2606=ORIENTED_EDGE('',*,*,#1904,.F.);
#2607=ORIENTED_EDGE('',*,*,#1882,.T.);
#2608=ORIENTED_EDGE('',*,*,#1905,.T.);
#2609=ORIENTED_EDGE('',*,*,#1902,.F.);
#2610=ORIENTED_EDGE('',*,*,#1906,.F.);
#2611=ORIENTED_EDGE('',*,*,#1907,.T.);
#2612=ORIENTED_EDGE('',*,*,#1908,.T.);
#2613=ORIENTED_EDGE('',*,*,#1909,.F.);
#2614=ORIENTED_EDGE('',*,*,#1910,.F.);
#2615=ORIENTED_EDGE('',*,*,#1911,.T.);
#2616=ORIENTED_EDGE('',*,*,#1912,.T.);
#2617=ORIENTED_EDGE('',*,*,#1907,.F.);
#2618=ORIENTED_EDGE('',*,*,#1913,.F.);
#2619=ORIENTED_EDGE('',*,*,#1914,.T.);
#2620=ORIENTED_EDGE('',*,*,#1915,.T.);
#2621=ORIENTED_EDGE('',*,*,#1911,.F.);
#2622=ORIENTED_EDGE('',*,*,#1916,.F.);
#2623=ORIENTED_EDGE('',*,*,#1917,.T.);
#2624=ORIENTED_EDGE('',*,*,#1918,.T.);
#2625=ORIENTED_EDGE('',*,*,#1914,.F.);
#2626=ORIENTED_EDGE('',*,*,#1919,.F.);
#2627=ORIENTED_EDGE('',*,*,#1920,.T.);
#2628=ORIENTED_EDGE('',*,*,#1921,.T.);
#2629=ORIENTED_EDGE('',*,*,#1917,.F.);
#2630=ORIENTED_EDGE('',*,*,#1922,.F.);
#2631=ORIENTED_EDGE('',*,*,#1923,.T.);
#2632=ORIENTED_EDGE('',*,*,#1924,.T.);
#2633=ORIENTED_EDGE('',*,*,#1920,.F.);
#2634=ORIENTED_EDGE('',*,*,#1925,.F.);
#2635=ORIENTED_EDGE('',*,*,#1926,.T.);
#2636=ORIENTED_EDGE('',*,*,#1927,.T.);
#2637=ORIENTED_EDGE('',*,*,#1923,.F.);
#2638=ORIENTED_EDGE('',*,*,#1928,.F.);
#2639=ORIENTED_EDGE('',*,*,#1929,.T.);
#2640=ORIENTED_EDGE('',*,*,#1930,.T.);
#2641=ORIENTED_EDGE('',*,*,#1926,.F.);
#2642=ORIENTED_EDGE('',*,*,#1931,.F.);
#2643=ORIENTED_EDGE('',*,*,#1932,.T.);
#2644=ORIENTED_EDGE('',*,*,#1933,.T.);
#2645=ORIENTED_EDGE('',*,*,#1929,.F.);
#2646=ORIENTED_EDGE('',*,*,#1934,.F.);
#2647=ORIENTED_EDGE('',*,*,#1909,.T.);
#2648=ORIENTED_EDGE('',*,*,#1935,.T.);
#2649=ORIENTED_EDGE('',*,*,#1932,.F.);
#2650=ORIENTED_EDGE('',*,*,#1936,.F.);
#2651=ORIENTED_EDGE('',*,*,#1937,.T.);
#2652=ORIENTED_EDGE('',*,*,#1938,.T.);
#2653=ORIENTED_EDGE('',*,*,#1939,.F.);
#2654=ORIENTED_EDGE('',*,*,#1940,.F.);
#2655=ORIENTED_EDGE('',*,*,#1941,.T.);
#2656=ORIENTED_EDGE('',*,*,#1942,.T.);
#2657=ORIENTED_EDGE('',*,*,#1937,.F.);
#2658=ORIENTED_EDGE('',*,*,#1943,.F.);
#2659=ORIENTED_EDGE('',*,*,#1944,.T.);
#2660=ORIENTED_EDGE('',*,*,#1945,.T.);
#2661=ORIENTED_EDGE('',*,*,#1941,.F.);
#2662=ORIENTED_EDGE('',*,*,#1946,.F.);
#2663=ORIENTED_EDGE('',*,*,#1947,.T.);
#2664=ORIENTED_EDGE('',*,*,#1948,.T.);
#2665=ORIENTED_EDGE('',*,*,#1944,.F.);
#2666=ORIENTED_EDGE('',*,*,#1949,.F.);
#2667=ORIENTED_EDGE('',*,*,#1950,.T.);
#2668=ORIENTED_EDGE('',*,*,#1951,.T.);
#2669=ORIENTED_EDGE('',*,*,#1947,.F.);
#2670=ORIENTED_EDGE('',*,*,#1952,.F.);
#2671=ORIENTED_EDGE('',*,*,#1953,.T.);
#2672=ORIENTED_EDGE('',*,*,#1954,.T.);
#2673=ORIENTED_EDGE('',*,*,#1950,.F.);
#2674=ORIENTED_EDGE('',*,*,#1955,.F.);
#2675=ORIENTED_EDGE('',*,*,#1956,.T.);
#2676=ORIENTED_EDGE('',*,*,#1957,.T.);
#2677=ORIENTED_EDGE('',*,*,#1953,.F.);
#2678=ORIENTED_EDGE('',*,*,#1958,.F.);
#2679=ORIENTED_EDGE('',*,*,#1959,.T.);
#2680=ORIENTED_EDGE('',*,*,#1960,.T.);
#2681=ORIENTED_EDGE('',*,*,#1956,.F.);
#2682=ORIENTED_EDGE('',*,*,#1961,.F.);
#2683=ORIENTED_EDGE('',*,*,#1962,.T.);
#2684=ORIENTED_EDGE('',*,*,#1963,.T.);
#2685=ORIENTED_EDGE('',*,*,#1959,.F.);
#2686=ORIENTED_EDGE('',*,*,#1964,.F.);
#2687=ORIENTED_EDGE('',*,*,#1965,.T.);
#2688=ORIENTED_EDGE('',*,*,#1966,.T.);
#2689=ORIENTED_EDGE('',*,*,#1962,.F.);
#2690=ORIENTED_EDGE('',*,*,#1967,.F.);
#2691=ORIENTED_EDGE('',*,*,#1968,.T.);
#2692=ORIENTED_EDGE('',*,*,#1969,.T.);
#2693=ORIENTED_EDGE('',*,*,#1965,.F.);
#2694=ORIENTED_EDGE('',*,*,#1970,.F.);
#2695=ORIENTED_EDGE('',*,*,#1971,.T.);
#2696=ORIENTED_EDGE('',*,*,#1972,.T.);
#2697=ORIENTED_EDGE('',*,*,#1968,.F.);
#2698=ORIENTED_EDGE('',*,*,#1973,.F.);
#2699=ORIENTED_EDGE('',*,*,#1974,.T.);
#2700=ORIENTED_EDGE('',*,*,#1975,.T.);
#2701=ORIENTED_EDGE('',*,*,#1971,.F.);
#2702=ORIENTED_EDGE('',*,*,#1976,.F.);
#2703=ORIENTED_EDGE('',*,*,#1939,.T.);
#2704=ORIENTED_EDGE('',*,*,#1977,.T.);
#2705=ORIENTED_EDGE('',*,*,#1974,.F.);
#2706=ORIENTED_EDGE('',*,*,#1977,.F.);
#2707=ORIENTED_EDGE('',*,*,#1938,.F.);
#2708=ORIENTED_EDGE('',*,*,#1942,.F.);
#2709=ORIENTED_EDGE('',*,*,#1945,.F.);
#2710=ORIENTED_EDGE('',*,*,#1948,.F.);
#2711=ORIENTED_EDGE('',*,*,#1951,.F.);
#2712=ORIENTED_EDGE('',*,*,#1954,.F.);
#2713=ORIENTED_EDGE('',*,*,#1957,.F.);
#2714=ORIENTED_EDGE('',*,*,#1960,.F.);
#2715=ORIENTED_EDGE('',*,*,#1963,.F.);
#2716=ORIENTED_EDGE('',*,*,#1966,.F.);
#2717=ORIENTED_EDGE('',*,*,#1969,.F.);
#2718=ORIENTED_EDGE('',*,*,#1972,.F.);
#2719=ORIENTED_EDGE('',*,*,#1975,.F.);
#2720=ORIENTED_EDGE('',*,*,#1935,.F.);
#2721=ORIENTED_EDGE('',*,*,#1908,.F.);
#2722=ORIENTED_EDGE('',*,*,#1912,.F.);
#2723=ORIENTED_EDGE('',*,*,#1915,.F.);
#2724=ORIENTED_EDGE('',*,*,#1918,.F.);
#2725=ORIENTED_EDGE('',*,*,#1921,.F.);
#2726=ORIENTED_EDGE('',*,*,#1924,.F.);
#2727=ORIENTED_EDGE('',*,*,#1927,.F.);
#2728=ORIENTED_EDGE('',*,*,#1930,.F.);
#2729=ORIENTED_EDGE('',*,*,#1933,.F.);
#2730=ORIENTED_EDGE('',*,*,#1905,.F.);
#2731=ORIENTED_EDGE('',*,*,#1881,.F.);
#2732=ORIENTED_EDGE('',*,*,#1885,.F.);
#2733=ORIENTED_EDGE('',*,*,#1888,.F.);
#2734=ORIENTED_EDGE('',*,*,#1891,.F.);
#2735=ORIENTED_EDGE('',*,*,#1894,.F.);
#2736=ORIENTED_EDGE('',*,*,#1897,.F.);
#2737=ORIENTED_EDGE('',*,*,#1900,.F.);
#2738=ORIENTED_EDGE('',*,*,#1903,.F.);
#2739=ORIENTED_EDGE('',*,*,#1978,.F.);
#2740=ORIENTED_EDGE('',*,*,#1979,.T.);
#2741=ORIENTED_EDGE('',*,*,#1980,.T.);
#2742=ORIENTED_EDGE('',*,*,#1981,.F.);
#2743=ORIENTED_EDGE('',*,*,#1982,.F.);
#2744=ORIENTED_EDGE('',*,*,#1983,.T.);
#2745=ORIENTED_EDGE('',*,*,#1984,.T.);
#2746=ORIENTED_EDGE('',*,*,#1979,.F.);
#2747=ORIENTED_EDGE('',*,*,#1985,.F.);
#2748=ORIENTED_EDGE('',*,*,#1986,.T.);
#2749=ORIENTED_EDGE('',*,*,#1987,.T.);
#2750=ORIENTED_EDGE('',*,*,#1983,.F.);
#2751=ORIENTED_EDGE('',*,*,#1988,.F.);
#2752=ORIENTED_EDGE('',*,*,#1989,.T.);
#2753=ORIENTED_EDGE('',*,*,#1990,.T.);
#2754=ORIENTED_EDGE('',*,*,#1986,.F.);
#2755=ORIENTED_EDGE('',*,*,#1991,.F.);
#2756=ORIENTED_EDGE('',*,*,#1992,.T.);
#2757=ORIENTED_EDGE('',*,*,#1993,.T.);
#2758=ORIENTED_EDGE('',*,*,#1989,.F.);
#2759=ORIENTED_EDGE('',*,*,#1994,.F.);
#2760=ORIENTED_EDGE('',*,*,#1995,.T.);
#2761=ORIENTED_EDGE('',*,*,#1996,.T.);
#2762=ORIENTED_EDGE('',*,*,#1992,.F.);
#2763=ORIENTED_EDGE('',*,*,#1997,.F.);
#2764=ORIENTED_EDGE('',*,*,#1998,.T.);
#2765=ORIENTED_EDGE('',*,*,#1999,.T.);
#2766=ORIENTED_EDGE('',*,*,#1995,.F.);
#2767=ORIENTED_EDGE('',*,*,#2000,.F.);
#2768=ORIENTED_EDGE('',*,*,#2001,.T.);
#2769=ORIENTED_EDGE('',*,*,#2002,.T.);
#2770=ORIENTED_EDGE('',*,*,#1998,.F.);
#2771=ORIENTED_EDGE('',*,*,#2003,.F.);
#2772=ORIENTED_EDGE('',*,*,#2004,.T.);
#2773=ORIENTED_EDGE('',*,*,#2005,.T.);
#2774=ORIENTED_EDGE('',*,*,#2001,.F.);
#2775=ORIENTED_EDGE('',*,*,#2006,.F.);
#2776=ORIENTED_EDGE('',*,*,#2007,.T.);
#2777=ORIENTED_EDGE('',*,*,#2008,.T.);
#2778=ORIENTED_EDGE('',*,*,#2004,.F.);
#2779=ORIENTED_EDGE('',*,*,#2009,.F.);
#2780=ORIENTED_EDGE('',*,*,#2010,.T.);
#2781=ORIENTED_EDGE('',*,*,#2011,.T.);
#2782=ORIENTED_EDGE('',*,*,#2007,.F.);
#2783=ORIENTED_EDGE('',*,*,#2012,.F.);
#2784=ORIENTED_EDGE('',*,*,#2013,.T.);
#2785=ORIENTED_EDGE('',*,*,#2014,.T.);
#2786=ORIENTED_EDGE('',*,*,#2010,.F.);
#2787=ORIENTED_EDGE('',*,*,#2015,.F.);
#2788=ORIENTED_EDGE('',*,*,#2016,.T.);
#2789=ORIENTED_EDGE('',*,*,#2017,.T.);
#2790=ORIENTED_EDGE('',*,*,#2013,.F.);
#2791=ORIENTED_EDGE('',*,*,#2018,.F.);
#2792=ORIENTED_EDGE('',*,*,#2019,.T.);
#2793=ORIENTED_EDGE('',*,*,#2020,.T.);
#2794=ORIENTED_EDGE('',*,*,#2016,.F.);
#2795=ORIENTED_EDGE('',*,*,#2021,.F.);
#2796=ORIENTED_EDGE('',*,*,#2022,.T.);
#2797=ORIENTED_EDGE('',*,*,#2023,.T.);
#2798=ORIENTED_EDGE('',*,*,#2019,.F.);
#2799=ORIENTED_EDGE('',*,*,#2024,.F.);
#2800=ORIENTED_EDGE('',*,*,#2025,.T.);
#2801=ORIENTED_EDGE('',*,*,#2026,.T.);
#2802=ORIENTED_EDGE('',*,*,#2022,.F.);
#2803=ORIENTED_EDGE('',*,*,#2027,.F.);
#2804=ORIENTED_EDGE('',*,*,#1981,.T.);
#2805=ORIENTED_EDGE('',*,*,#2028,.T.);
#2806=ORIENTED_EDGE('',*,*,#2025,.F.);
#2807=ORIENTED_EDGE('',*,*,#2028,.F.);
#2808=ORIENTED_EDGE('',*,*,#1980,.F.);
#2809=ORIENTED_EDGE('',*,*,#1984,.F.);
#2810=ORIENTED_EDGE('',*,*,#1987,.F.);
#2811=ORIENTED_EDGE('',*,*,#1990,.F.);
#2812=ORIENTED_EDGE('',*,*,#1993,.F.);
#2813=ORIENTED_EDGE('',*,*,#1996,.F.);
#2814=ORIENTED_EDGE('',*,*,#1999,.F.);
#2815=ORIENTED_EDGE('',*,*,#2002,.F.);
#2816=ORIENTED_EDGE('',*,*,#2005,.F.);
#2817=ORIENTED_EDGE('',*,*,#2008,.F.);
#2818=ORIENTED_EDGE('',*,*,#2011,.F.);
#2819=ORIENTED_EDGE('',*,*,#2014,.F.);
#2820=ORIENTED_EDGE('',*,*,#2017,.F.);
#2821=ORIENTED_EDGE('',*,*,#2020,.F.);
#2822=ORIENTED_EDGE('',*,*,#2023,.F.);
#2823=ORIENTED_EDGE('',*,*,#2026,.F.);
#2824=ORIENTED_EDGE('',*,*,#1906,.T.);
#2825=ORIENTED_EDGE('',*,*,#1934,.T.);
#2826=ORIENTED_EDGE('',*,*,#1931,.T.);
#2827=ORIENTED_EDGE('',*,*,#1928,.T.);
#2828=ORIENTED_EDGE('',*,*,#1925,.T.);
#2829=ORIENTED_EDGE('',*,*,#1922,.T.);
#2830=ORIENTED_EDGE('',*,*,#1919,.T.);
#2831=ORIENTED_EDGE('',*,*,#1916,.T.);
#2832=ORIENTED_EDGE('',*,*,#1913,.T.);
#2833=ORIENTED_EDGE('',*,*,#1910,.T.);
#2834=ORIENTED_EDGE('',*,*,#1879,.T.);
#2835=ORIENTED_EDGE('',*,*,#1904,.T.);
#2836=ORIENTED_EDGE('',*,*,#1901,.T.);
#2837=ORIENTED_EDGE('',*,*,#1898,.T.);
#2838=ORIENTED_EDGE('',*,*,#1895,.T.);
#2839=ORIENTED_EDGE('',*,*,#1892,.T.);
#2840=ORIENTED_EDGE('',*,*,#1889,.T.);
#2841=ORIENTED_EDGE('',*,*,#1886,.T.);
#2842=ORIENTED_EDGE('',*,*,#1883,.T.);
#2843=ORIENTED_EDGE('',*,*,#1708,.T.);
#2844=ORIENTED_EDGE('',*,*,#1736,.T.);
#2845=ORIENTED_EDGE('',*,*,#1733,.T.);
#2846=ORIENTED_EDGE('',*,*,#1730,.T.);
#2847=ORIENTED_EDGE('',*,*,#1727,.T.);
#2848=ORIENTED_EDGE('',*,*,#1724,.T.);
#2849=ORIENTED_EDGE('',*,*,#1721,.T.);
#2850=ORIENTED_EDGE('',*,*,#1718,.T.);
#2851=ORIENTED_EDGE('',*,*,#1715,.T.);
#2852=ORIENTED_EDGE('',*,*,#1712,.T.);
#2853=ORIENTED_EDGE('',*,*,#1681,.T.);
#2854=ORIENTED_EDGE('',*,*,#1706,.T.);
#2855=ORIENTED_EDGE('',*,*,#1703,.T.);
#2856=ORIENTED_EDGE('',*,*,#1700,.T.);
#2857=ORIENTED_EDGE('',*,*,#1697,.T.);
#2858=ORIENTED_EDGE('',*,*,#1694,.T.);
#2859=ORIENTED_EDGE('',*,*,#1691,.T.);
#2860=ORIENTED_EDGE('',*,*,#1688,.T.);
#2861=ORIENTED_EDGE('',*,*,#1685,.T.);
#2862=ORIENTED_EDGE('',*,*,#2029,.F.);
#2863=ORIENTED_EDGE('',*,*,#2030,.T.);
#2864=ORIENTED_EDGE('',*,*,#2030,.F.);
#2865=ORIENTED_EDGE('',*,*,#2031,.F.);
#2866=ORIENTED_EDGE('',*,*,#2032,.T.);
#2867=ORIENTED_EDGE('',*,*,#2029,.T.);
#2868=ORIENTED_EDGE('',*,*,#2032,.F.);
#2869=ORIENTED_EDGE('',*,*,#2033,.F.);
#2870=ORIENTED_EDGE('',*,*,#2034,.T.);
#2871=ORIENTED_EDGE('',*,*,#2034,.F.);
#2872=ORIENTED_EDGE('',*,*,#2035,.F.);
#2873=ORIENTED_EDGE('',*,*,#2036,.T.);
#2874=ORIENTED_EDGE('',*,*,#2033,.T.);
#2875=ORIENTED_EDGE('',*,*,#2036,.F.);
#2876=ORIENTED_EDGE('',*,*,#2037,.F.);
#2877=ORIENTED_EDGE('',*,*,#2038,.T.);
#2878=ORIENTED_EDGE('',*,*,#2038,.F.);
#2879=ORIENTED_EDGE('',*,*,#2039,.F.);
#2880=ORIENTED_EDGE('',*,*,#2040,.T.);
#2881=ORIENTED_EDGE('',*,*,#2037,.T.);
#2882=ORIENTED_EDGE('',*,*,#2040,.F.);
#2883=ORIENTED_EDGE('',*,*,#2041,.F.);
#2884=ORIENTED_EDGE('',*,*,#2042,.T.);
#2885=ORIENTED_EDGE('',*,*,#2042,.F.);
#2886=ORIENTED_EDGE('',*,*,#2043,.F.);
#2887=ORIENTED_EDGE('',*,*,#2044,.T.);
#2888=ORIENTED_EDGE('',*,*,#2041,.T.);
#2889=ORIENTED_EDGE('',*,*,#2044,.F.);
#2890=ORIENTED_EDGE('',*,*,#2045,.T.);
#2891=ORIENTED_EDGE('',*,*,#2046,.T.);
#2892=ORIENTED_EDGE('',*,*,#2047,.T.);
#2893=ORIENTED_EDGE('',*,*,#2048,.T.);
#2894=ORIENTED_EDGE('',*,*,#2049,.T.);
#2895=ORIENTED_EDGE('',*,*,#2050,.T.);
#2896=ORIENTED_EDGE('',*,*,#2051,.T.);
#2897=ORIENTED_EDGE('',*,*,#2052,.T.);
#2898=ORIENTED_EDGE('',*,*,#1978,.T.);
#2899=ORIENTED_EDGE('',*,*,#2027,.T.);
#2900=ORIENTED_EDGE('',*,*,#2024,.T.);
#2901=ORIENTED_EDGE('',*,*,#2021,.T.);
#2902=ORIENTED_EDGE('',*,*,#2018,.T.);
#2903=ORIENTED_EDGE('',*,*,#2015,.T.);
#2904=ORIENTED_EDGE('',*,*,#2012,.T.);
#2905=ORIENTED_EDGE('',*,*,#2009,.T.);
#2906=ORIENTED_EDGE('',*,*,#2006,.T.);
#2907=ORIENTED_EDGE('',*,*,#2003,.T.);
#2908=ORIENTED_EDGE('',*,*,#2000,.T.);
#2909=ORIENTED_EDGE('',*,*,#1997,.T.);
#2910=ORIENTED_EDGE('',*,*,#1994,.T.);
#2911=ORIENTED_EDGE('',*,*,#1991,.T.);
#2912=ORIENTED_EDGE('',*,*,#1988,.T.);
#2913=ORIENTED_EDGE('',*,*,#1985,.T.);
#2914=ORIENTED_EDGE('',*,*,#1982,.T.);
#2915=ORIENTED_EDGE('',*,*,#1936,.T.);
#2916=ORIENTED_EDGE('',*,*,#1976,.T.);
#2917=ORIENTED_EDGE('',*,*,#1973,.T.);
#2918=ORIENTED_EDGE('',*,*,#1970,.T.);
#2919=ORIENTED_EDGE('',*,*,#1967,.T.);
#2920=ORIENTED_EDGE('',*,*,#1964,.T.);
#2921=ORIENTED_EDGE('',*,*,#1961,.T.);
#2922=ORIENTED_EDGE('',*,*,#1958,.T.);
#2923=ORIENTED_EDGE('',*,*,#1955,.T.);
#2924=ORIENTED_EDGE('',*,*,#1952,.T.);
#2925=ORIENTED_EDGE('',*,*,#1949,.T.);
#2926=ORIENTED_EDGE('',*,*,#1946,.T.);
#2927=ORIENTED_EDGE('',*,*,#1943,.T.);
#2928=ORIENTED_EDGE('',*,*,#1940,.T.);
#2929=ORIENTED_EDGE('',*,*,#1867,.T.);
#2930=ORIENTED_EDGE('',*,*,#1877,.T.);
#2931=ORIENTED_EDGE('',*,*,#1874,.T.);
#2932=ORIENTED_EDGE('',*,*,#1871,.T.);
#2933=ORIENTED_EDGE('',*,*,#1816,.T.);
#2934=ORIENTED_EDGE('',*,*,#1865,.T.);
#2935=ORIENTED_EDGE('',*,*,#1862,.T.);
#2936=ORIENTED_EDGE('',*,*,#1859,.T.);
#2937=ORIENTED_EDGE('',*,*,#1856,.T.);
#2938=ORIENTED_EDGE('',*,*,#1853,.T.);
#2939=ORIENTED_EDGE('',*,*,#1850,.T.);
#2940=ORIENTED_EDGE('',*,*,#1847,.T.);
#2941=ORIENTED_EDGE('',*,*,#1844,.T.);
#2942=ORIENTED_EDGE('',*,*,#1841,.T.);
#2943=ORIENTED_EDGE('',*,*,#1838,.T.);
#2944=ORIENTED_EDGE('',*,*,#1835,.T.);
#2945=ORIENTED_EDGE('',*,*,#1832,.T.);
#2946=ORIENTED_EDGE('',*,*,#1829,.T.);
#2947=ORIENTED_EDGE('',*,*,#1826,.T.);
#2948=ORIENTED_EDGE('',*,*,#1823,.T.);
#2949=ORIENTED_EDGE('',*,*,#1820,.T.);
#2950=ORIENTED_EDGE('',*,*,#1780,.T.);
#2951=ORIENTED_EDGE('',*,*,#1814,.T.);
#2952=ORIENTED_EDGE('',*,*,#1811,.T.);
#2953=ORIENTED_EDGE('',*,*,#1808,.T.);
#2954=ORIENTED_EDGE('',*,*,#1805,.T.);
#2955=ORIENTED_EDGE('',*,*,#1802,.T.);
#2956=ORIENTED_EDGE('',*,*,#1799,.T.);
#2957=ORIENTED_EDGE('',*,*,#1796,.T.);
#2958=ORIENTED_EDGE('',*,*,#1793,.T.);
#2959=ORIENTED_EDGE('',*,*,#1790,.T.);
#2960=ORIENTED_EDGE('',*,*,#1787,.T.);
#2961=ORIENTED_EDGE('',*,*,#1784,.T.);
#2962=ORIENTED_EDGE('',*,*,#1738,.T.);
#2963=ORIENTED_EDGE('',*,*,#1778,.T.);
#2964=ORIENTED_EDGE('',*,*,#1775,.T.);
#2965=ORIENTED_EDGE('',*,*,#1772,.T.);
#2966=ORIENTED_EDGE('',*,*,#1769,.T.);
#2967=ORIENTED_EDGE('',*,*,#1766,.T.);
#2968=ORIENTED_EDGE('',*,*,#1763,.T.);
#2969=ORIENTED_EDGE('',*,*,#1760,.T.);
#2970=ORIENTED_EDGE('',*,*,#1757,.T.);
#2971=ORIENTED_EDGE('',*,*,#1754,.T.);
#2972=ORIENTED_EDGE('',*,*,#1751,.T.);
#2973=ORIENTED_EDGE('',*,*,#1748,.T.);
#2974=ORIENTED_EDGE('',*,*,#1745,.T.);
#2975=ORIENTED_EDGE('',*,*,#1742,.T.);
#2976=ORIENTED_EDGE('',*,*,#1576,.T.);
#2977=ORIENTED_EDGE('',*,*,#1679,.T.);
#2978=ORIENTED_EDGE('',*,*,#1676,.T.);
#2979=ORIENTED_EDGE('',*,*,#1673,.T.);
#2980=ORIENTED_EDGE('',*,*,#1670,.T.);
#2981=ORIENTED_EDGE('',*,*,#1667,.T.);
#2982=ORIENTED_EDGE('',*,*,#1664,.T.);
#2983=ORIENTED_EDGE('',*,*,#1661,.T.);
#2984=ORIENTED_EDGE('',*,*,#1658,.T.);
#2985=ORIENTED_EDGE('',*,*,#1655,.T.);
#2986=ORIENTED_EDGE('',*,*,#1652,.T.);
#2987=ORIENTED_EDGE('',*,*,#1649,.T.);
#2988=ORIENTED_EDGE('',*,*,#1646,.T.);
#2989=ORIENTED_EDGE('',*,*,#1643,.T.);
#2990=ORIENTED_EDGE('',*,*,#1640,.T.);
#2991=ORIENTED_EDGE('',*,*,#1637,.T.);
#2992=ORIENTED_EDGE('',*,*,#1634,.T.);
#2993=ORIENTED_EDGE('',*,*,#1631,.T.);
#2994=ORIENTED_EDGE('',*,*,#1628,.T.);
#2995=ORIENTED_EDGE('',*,*,#1625,.T.);
#2996=ORIENTED_EDGE('',*,*,#1622,.T.);
#2997=ORIENTED_EDGE('',*,*,#1619,.T.);
#2998=ORIENTED_EDGE('',*,*,#1616,.T.);
#2999=ORIENTED_EDGE('',*,*,#1613,.T.);
#3000=ORIENTED_EDGE('',*,*,#1610,.T.);
#3001=ORIENTED_EDGE('',*,*,#1607,.T.);
#3002=ORIENTED_EDGE('',*,*,#1604,.T.);
#3003=ORIENTED_EDGE('',*,*,#1601,.T.);
#3004=ORIENTED_EDGE('',*,*,#1598,.T.);
#3005=ORIENTED_EDGE('',*,*,#1595,.T.);
#3006=ORIENTED_EDGE('',*,*,#1592,.T.);
#3007=ORIENTED_EDGE('',*,*,#1589,.T.);
#3008=ORIENTED_EDGE('',*,*,#1586,.T.);
#3009=ORIENTED_EDGE('',*,*,#1583,.T.);
#3010=ORIENTED_EDGE('',*,*,#1580,.T.);
#3011=ORIENTED_EDGE('',*,*,#2053,.F.);
#3012=ORIENTED_EDGE('',*,*,#2054,.T.);
#3013=ORIENTED_EDGE('',*,*,#2052,.F.);
#3014=ORIENTED_EDGE('',*,*,#2055,.F.);
#3015=ORIENTED_EDGE('',*,*,#2056,.T.);
#3016=ORIENTED_EDGE('',*,*,#2055,.T.);
#3017=ORIENTED_EDGE('',*,*,#2051,.F.);
#3018=ORIENTED_EDGE('',*,*,#2057,.F.);
#3019=ORIENTED_EDGE('',*,*,#2058,.F.);
#3020=ORIENTED_EDGE('',*,*,#2057,.T.);
#3021=ORIENTED_EDGE('',*,*,#2050,.F.);
#3022=ORIENTED_EDGE('',*,*,#2059,.F.);
#3023=ORIENTED_EDGE('',*,*,#2060,.T.);
#3024=ORIENTED_EDGE('',*,*,#2059,.T.);
#3025=ORIENTED_EDGE('',*,*,#2049,.F.);
#3026=ORIENTED_EDGE('',*,*,#2061,.F.);
#3027=ORIENTED_EDGE('',*,*,#2062,.F.);
#3028=ORIENTED_EDGE('',*,*,#2061,.T.);
#3029=ORIENTED_EDGE('',*,*,#2048,.F.);
#3030=ORIENTED_EDGE('',*,*,#2063,.F.);
#3031=ORIENTED_EDGE('',*,*,#2064,.T.);
#3032=ORIENTED_EDGE('',*,*,#2063,.T.);
#3033=ORIENTED_EDGE('',*,*,#2047,.F.);
#3034=ORIENTED_EDGE('',*,*,#2065,.F.);
#3035=ORIENTED_EDGE('',*,*,#2066,.F.);
#3036=ORIENTED_EDGE('',*,*,#2065,.T.);
#3037=ORIENTED_EDGE('',*,*,#2046,.F.);
#3038=ORIENTED_EDGE('',*,*,#2067,.F.);
#3039=ORIENTED_EDGE('',*,*,#2068,.T.);
#3040=ORIENTED_EDGE('',*,*,#2067,.T.);
#3041=ORIENTED_EDGE('',*,*,#2045,.F.);
#3042=ORIENTED_EDGE('',*,*,#2054,.F.);
#3043=ORIENTED_EDGE('',*,*,#2068,.F.);
#3044=ORIENTED_EDGE('',*,*,#2053,.T.);
#3045=ORIENTED_EDGE('',*,*,#2056,.F.);
#3046=ORIENTED_EDGE('',*,*,#2058,.T.);
#3047=ORIENTED_EDGE('',*,*,#2060,.F.);
#3048=ORIENTED_EDGE('',*,*,#2062,.T.);
#3049=ORIENTED_EDGE('',*,*,#2064,.F.);
#3050=ORIENTED_EDGE('',*,*,#2066,.T.);
#3051=ORIENTED_EDGE('',*,*,#2031,.T.);
#3052=ORIENTED_EDGE('',*,*,#2035,.T.);
#3053=ORIENTED_EDGE('',*,*,#2039,.T.);
#3054=ORIENTED_EDGE('',*,*,#2043,.T.);
#3055=B_SPLINE_SURFACE_WITH_KNOTS('',3,1,((#3905,#3906),(#3907,#3908),(#3909,
#3910),(#3911,#3912),(#3913,#3914)),.UNSPECIFIED.,.F.,.F.,.F.,(4,1,4),(2,
2),(0.,0.0239197333086384,0.0472144003899364),(0.,0.02),.UNSPECIFIED.);
#3056=B_SPLINE_SURFACE_WITH_KNOTS('',3,1,((#3931,#3932),(#3933,#3934),(#3935,
#3936),(#3937,#3938),(#3939,#3940)),.UNSPECIFIED.,.F.,.F.,.F.,(4,1,4),(2,
2),(0.,0.0312839190744411,0.0580200528433036),(0.,0.02),.UNSPECIFIED.);
#3057=B_SPLINE_SURFACE_WITH_KNOTS('',3,1,((#3954,#3955),(#3956,#3957),(#3958,
#3959),(#3960,#3961),(#3962,#3963)),.UNSPECIFIED.,.F.,.F.,.F.,(4,1,4),(2,
2),(0.,0.023904097719432,0.0494525389007353),(0.,0.02),.UNSPECIFIED.);
#3058=B_SPLINE_SURFACE_WITH_KNOTS('',3,1,((#3977,#3978),(#3979,#3980),(#3981,
#3982),(#3983,#3984),(#3985,#3986)),.UNSPECIFIED.,.F.,.F.,.F.,(4,1,4),(2,
2),(0.,0.0209737914131858,0.0432439328171358),(0.,0.02),.UNSPECIFIED.);
#3059=B_SPLINE_SURFACE_WITH_KNOTS('',3,1,((#4000,#4001),(#4002,#4003),(#4004,
#4005),(#4006,#4007),(#4008,#4009)),.UNSPECIFIED.,.F.,.F.,.F.,(4,1,4),(2,
2),(0.,0.0195861305923074,0.0397257619980315),(0.,0.02),.UNSPECIFIED.);
#3060=B_SPLINE_SURFACE_WITH_KNOTS('',3,1,((#4023,#4024),(#4025,#4026),(#4027,
#4028),(#4029,#4030),(#4031,#4032)),.UNSPECIFIED.,.F.,.F.,.F.,(4,1,4),(2,
2),(0.,0.0183470302449465,0.037475015189923),(0.,0.02),.UNSPECIFIED.);
#3061=B_SPLINE_SURFACE_WITH_KNOTS('',3,1,((#4046,#4047),(#4048,#4049),(#4050,
#4051),(#4052,#4053),(#4054,#4055)),.UNSPECIFIED.,.F.,.F.,.F.,(4,1,4),(2,
2),(0.,0.0221355801952792,0.0414832248666558),(0.,0.02),.UNSPECIFIED.);
#3062=B_SPLINE_SURFACE_WITH_KNOTS('',3,1,((#4069,#4070),(#4071,#4072),(#4073,
#4074),(#4075,#4076),(#4077,#4078)),.UNSPECIFIED.,.F.,.F.,.F.,(4,1,4),(2,
2),(0.,0.0350578894529857,0.057641399365873),(0.,0.02),.UNSPECIFIED.);
#3063=B_SPLINE_SURFACE_WITH_KNOTS('',3,1,((#4092,#4093),(#4094,#4095),(#4096,
#4097),(#4098,#4099),(#4100,#4101)),.UNSPECIFIED.,.F.,.F.,.F.,(4,1,4),(2,
2),(0.,0.0193622693416933,0.0532205677647684),(0.,0.02),.UNSPECIFIED.);
#3064=B_SPLINE_SURFACE_WITH_KNOTS('',3,1,((#4115,#4116),(#4117,#4118),(#4119,
#4120),(#4121,#4122),(#4123,#4124)),.UNSPECIFIED.,.F.,.F.,.F.,(4,1,4),(2,
2),(0.,0.0125164704445276,0.0248037264041875),(0.,0.02),.UNSPECIFIED.);
#3065=B_SPLINE_SURFACE_WITH_KNOTS('',3,1,((#4138,#4139),(#4140,#4141),(#4142,
#4143),(#4144,#4145),(#4146,#4147)),.UNSPECIFIED.,.F.,.F.,.F.,(4,1,4),(2,
2),(0.,0.0159097315293391,0.0307020106407232),(0.,0.02),.UNSPECIFIED.);
#3066=B_SPLINE_SURFACE_WITH_KNOTS('',3,1,((#4161,#4162),(#4163,#4164),(#4165,
#4166),(#4167,#4168),(#4169,#4170)),.UNSPECIFIED.,.F.,.F.,.F.,(4,1,4),(2,
2),(0.,0.0260875083789741,0.0457056077948195),(0.,0.02),.UNSPECIFIED.);
#3067=B_SPLINE_SURFACE_WITH_KNOTS('',3,1,((#4184,#4185),(#4186,#4187),(#4188,
#4189),(#4190,#4191),(#4192,#4193)),.UNSPECIFIED.,.F.,.F.,.F.,(4,1,4),(2,
2),(0.,0.0204007545520506,0.0458838449620491),(0.,0.02),.UNSPECIFIED.);
#3068=B_SPLINE_SURFACE_WITH_KNOTS('',3,1,((#4207,#4208),(#4209,#4210),(#4211,
#4212),(#4213,#4214),(#4215,#4216)),.UNSPECIFIED.,.F.,.F.,.F.,(4,1,4),(2,
2),(0.,0.0215470234058686,0.0405775009074972),(0.,0.02),.UNSPECIFIED.);
#3069=B_SPLINE_SURFACE_WITH_KNOTS('',3,1,((#4236,#4237),(#4238,#4239),(#4240,
#4241),(#4242,#4243),(#4244,#4245)),.UNSPECIFIED.,.F.,.F.,.F.,(4,1,4),(2,
2),(0.,0.0205197757126834,0.0416583947571025),(0.,0.02),.UNSPECIFIED.);
#3070=B_SPLINE_SURFACE_WITH_KNOTS('',3,1,((#4259,#4260),(#4261,#4262),(#4263,
#4264),(#4265,#4266),(#4267,#4268)),.UNSPECIFIED.,.F.,.F.,.F.,(4,1,4),(2,
2),(0.,0.0217962915792644,0.0424402003104033),(0.,0.02),.UNSPECIFIED.);
#3071=B_SPLINE_SURFACE_WITH_KNOTS('',3,1,((#4282,#4283),(#4284,#4285),(#4286,
#4287),(#4288,#4289),(#4290,#4291)),.UNSPECIFIED.,.F.,.F.,.F.,(4,1,4),(2,
2),(0.,0.0262509454671975,0.0500888202501259),(0.,0.02),.UNSPECIFIED.);
#3072=B_SPLINE_SURFACE_WITH_KNOTS('',3,1,((#4305,#4306),(#4307,#4308),(#4309,
#4310),(#4311,#4312),(#4313,#4314)),.UNSPECIFIED.,.F.,.F.,.F.,(4,1,4),(2,
2),(0.,0.0227046676402498,0.0468864717220878),(0.,0.02),.UNSPECIFIED.);
#3073=B_SPLINE_SURFACE_WITH_KNOTS('',3,1,((#4328,#4329),(#4330,#4331),(#4332,
#4333),(#4334,#4335),(#4336,#4337)),.UNSPECIFIED.,.F.,.F.,.F.,(4,1,4),(2,
2),(0.,0.0196000625210583,0.0405830484271909),(0.,0.02),.UNSPECIFIED.);
#3074=B_SPLINE_SURFACE_WITH_KNOTS('',3,1,((#4351,#4352),(#4353,#4354),(#4355,
#4356),(#4357,#4358),(#4359,#4360)),.UNSPECIFIED.,.F.,.F.,.F.,(4,1,4),(2,
2),(0.,0.0185068110490743,0.037387097132148),(0.,0.02),.UNSPECIFIED.);
#3075=B_SPLINE_SURFACE_WITH_KNOTS('',3,1,((#4374,#4375),(#4376,#4377),(#4378,
#4379),(#4380,#4381),(#4382,#4383)),.UNSPECIFIED.,.F.,.F.,.F.,(4,1,4),(2,
2),(0.,0.0161353684230444,0.0326741487715151),(0.,0.02),.UNSPECIFIED.);
#3076=B_SPLINE_SURFACE_WITH_KNOTS('',3,1,((#4397,#4398),(#4399,#4400),(#4401,
#4402),(#4403,#4404),(#4405,#4406)),.UNSPECIFIED.,.F.,.F.,.F.,(4,1,4),(2,
2),(0.,0.0188303114515902,0.0357250676708431),(0.,0.02),.UNSPECIFIED.);
#3077=B_SPLINE_SURFACE_WITH_KNOTS('',3,1,((#4420,#4421),(#4422,#4423),(#4424,
#4425),(#4426,#4427),(#4428,#4429)),.UNSPECIFIED.,.F.,.F.,.F.,(4,1,4),(2,
2),(0.,0.0303713938490624,0.0507966149004552),(0.,0.02),.UNSPECIFIED.);
#3078=B_SPLINE_SURFACE_WITH_KNOTS('',3,1,((#4443,#4444),(#4445,#4446),(#4447,
#4448),(#4449,#4450),(#4451,#4452)),.UNSPECIFIED.,.F.,.F.,.F.,(4,1,4),(2,
2),(0.,0.0169166327070174,0.0461635340883558),(0.,0.02),.UNSPECIFIED.);
#3079=B_SPLINE_SURFACE_WITH_KNOTS('',3,1,((#4466,#4467),(#4468,#4469),(#4470,
#4471),(#4472,#4473),(#4474,#4475)),.UNSPECIFIED.,.F.,.F.,.F.,(4,1,4),(2,
2),(0.,0.0121226174701419,0.0271563412959913),(0.,0.02),.UNSPECIFIED.);
#3080=B_SPLINE_SURFACE_WITH_KNOTS('',3,1,((#4489,#4490),(#4491,#4492),(#4493,
#4494),(#4495,#4496),(#4497,#4498)),.UNSPECIFIED.,.F.,.F.,.F.,(4,1,4),(2,
2),(0.,0.0111517941272745,0.021966834050742),(0.,0.02),.UNSPECIFIED.);
#3081=B_SPLINE_SURFACE_WITH_KNOTS('',3,1,((#4512,#4513),(#4514,#4515),(#4516,
#4517),(#4518,#4519),(#4520,#4521)),.UNSPECIFIED.,.F.,.F.,.F.,(4,1,4),(2,
2),(0.,0.011545641711429,0.0228336981928184),(0.,0.02),.UNSPECIFIED.);
#3082=B_SPLINE_SURFACE_WITH_KNOTS('',3,1,((#4535,#4536),(#4537,#4538),(#4539,
#4540),(#4541,#4542),(#4543,#4544)),.UNSPECIFIED.,.F.,.F.,.F.,(4,1,4),(2,
2),(0.,0.0142934554669549,0.0268046754683475),(0.,0.02),.UNSPECIFIED.);
#3083=B_SPLINE_SURFACE_WITH_KNOTS('',3,1,((#4558,#4559),(#4560,#4561),(#4562,
#4563),(#4564,#4565),(#4566,#4567)),.UNSPECIFIED.,.F.,.F.,.F.,(4,1,4),(2,
2),(0.,0.017876074376594,0.0340405165955439),(0.,0.02),.UNSPECIFIED.);
#3084=B_SPLINE_SURFACE_WITH_KNOTS('',3,1,((#4581,#4582),(#4583,#4584),(#4585,
#4586),(#4587,#4588),(#4589,#4590)),.UNSPECIFIED.,.F.,.F.,.F.,(4,1,4),(2,
2),(0.,0.0189539707461284,0.0392893900087161),(0.,0.02),.UNSPECIFIED.);
#3085=B_SPLINE_SURFACE_WITH_KNOTS('',3,1,((#4604,#4605),(#4606,#4607),(#4608,
#4609),(#4610,#4611),(#4612,#4613)),.UNSPECIFIED.,.F.,.F.,.F.,(4,1,4),(2,
2),(0.,0.0150023944924549,0.0321171631239275),(0.,0.02),.UNSPECIFIED.);
#3086=B_SPLINE_SURFACE_WITH_KNOTS('',3,1,((#4627,#4628),(#4629,#4630),(#4631,
#4632),(#4633,#4634),(#4635,#4636)),.UNSPECIFIED.,.F.,.F.,.F.,(4,1,4),(2,
2),(0.,0.0174682445165038,0.0326938060890072),(0.,0.02),.UNSPECIFIED.);
#3087=B_SPLINE_SURFACE_WITH_KNOTS('',3,1,((#4656,#4657),(#4658,#4659),(#4660,
#4661),(#4662,#4663),(#4664,#4665)),.UNSPECIFIED.,.F.,.F.,.F.,(4,1,4),(2,
2),(0.,0.0233912912966556,0.0474568164397344),(0.,0.02),.UNSPECIFIED.);
#3088=B_SPLINE_SURFACE_WITH_KNOTS('',3,1,((#4686,#4687),(#4688,#4689),(#4690,
#4691),(#4692,#4693),(#4694,#4695)),.UNSPECIFIED.,.F.,.F.,.F.,(4,1,4),(2,
2),(0.,0.0152761458279398,0.0382720196507317),(0.,0.02),.UNSPECIFIED.);
#3089=B_SPLINE_SURFACE_WITH_KNOTS('',3,1,((#4709,#4710),(#4711,#4712),(#4713,
#4714),(#4715,#4716),(#4717,#4718)),.UNSPECIFIED.,.F.,.F.,.F.,(4,1,4),(2,
2),(0.,0.0107744008674071,0.0217757528617326),(0.,0.02),.UNSPECIFIED.);
#3090=B_SPLINE_SURFACE_WITH_KNOTS('',3,1,((#4732,#4733),(#4734,#4735),(#4736,
#4737),(#4738,#4739),(#4740,#4741)),.UNSPECIFIED.,.F.,.F.,.F.,(4,1,4),(2,
2),(0.,0.0117975340896223,0.0229462454057749),(0.,0.02),.UNSPECIFIED.);
#3091=B_SPLINE_SURFACE_WITH_KNOTS('',3,1,((#4755,#4756),(#4757,#4758),(#4759,
#4760),(#4761,#4762),(#4763,#4764)),.UNSPECIFIED.,.F.,.F.,.F.,(4,1,4),(2,
2),(0.,0.0109157053339286,0.0230440615350045),(0.,0.02),.UNSPECIFIED.);
#3092=B_SPLINE_SURFACE_WITH_KNOTS('',3,1,((#4778,#4779),(#4780,#4781),(#4782,
#4783),(#4784,#4785),(#4786,#4787)),.UNSPECIFIED.,.F.,.F.,.F.,(4,1,4),(2,
2),(0.,0.0121356043948991,0.0230389876930334),(0.,0.02),.UNSPECIFIED.);
#3093=B_SPLINE_SURFACE_WITH_KNOTS('',3,1,((#4801,#4802),(#4803,#4804),(#4805,
#4806),(#4807,#4808),(#4809,#4810)),.UNSPECIFIED.,.F.,.F.,.F.,(4,1,4),(2,
2),(0.,0.0189002290085511,0.0317477243385713),(0.,0.02),.UNSPECIFIED.);
#3094=B_SPLINE_SURFACE_WITH_KNOTS('',3,1,((#4842,#4843),(#4844,#4845),(#4846,
#4847),(#4848,#4849),(#4850,#4851)),.UNSPECIFIED.,.F.,.F.,.F.,(4,1,4),(2,
2),(0.,0.0158108315818738,0.0369186155233401),(0.,0.02),.UNSPECIFIED.);
#3095=B_SPLINE_SURFACE_WITH_KNOTS('',3,1,((#4865,#4866),(#4867,#4868),(#4869,
#4870),(#4871,#4872),(#4873,#4874)),.UNSPECIFIED.,.F.,.F.,.F.,(4,1,4),(2,
2),(0.,0.0122555802683232,0.0249344734505325),(0.,0.02),.UNSPECIFIED.);
#3096=B_SPLINE_SURFACE_WITH_KNOTS('',3,1,((#4888,#4889),(#4890,#4891),(#4892,
#4893),(#4894,#4895),(#4896,#4897)),.UNSPECIFIED.,.F.,.F.,.F.,(4,1,4),(2,
2),(0.,0.0131891257317348,0.0256412236653126),(0.,0.02),.UNSPECIFIED.);
#3097=B_SPLINE_SURFACE_WITH_KNOTS('',3,1,((#4911,#4912),(#4913,#4914),(#4915,
#4916),(#4917,#4918),(#4919,#4920)),.UNSPECIFIED.,.F.,.F.,.F.,(4,1,4),(2,
2),(0.,0.0105035800557087,0.0218052125467719),(0.,0.02),.UNSPECIFIED.);
#3098=B_SPLINE_SURFACE_WITH_KNOTS('',3,1,((#4934,#4935),(#4936,#4937),(#4938,
#4939),(#4940,#4941),(#4942,#4943)),.UNSPECIFIED.,.F.,.F.,.F.,(4,1,4),(2,
2),(0.,0.00912413647633057,0.0189349095175956),(0.,0.02),.UNSPECIFIED.);
#3099=B_SPLINE_SURFACE_WITH_KNOTS('',3,1,((#4957,#4958),(#4959,#4960),(#4961,
#4962),(#4963,#4964),(#4965,#4966)),.UNSPECIFIED.,.F.,.F.,.F.,(4,1,4),(2,
2),(0.,0.0108367971391729,0.0203717722061518),(0.,0.02),.UNSPECIFIED.);
#3100=B_SPLINE_SURFACE_WITH_KNOTS('',3,1,((#4980,#4981),(#4982,#4983),(#4984,
#4985),(#4986,#4987),(#4988,#4989)),.UNSPECIFIED.,.F.,.F.,.F.,(4,1,4),(2,
2),(0.,0.0136458127710088,0.0225586363558566),(0.,0.02),.UNSPECIFIED.);
#3101=B_SPLINE_SURFACE_WITH_KNOTS('',3,1,((#5012,#5013),(#5014,#5015),(#5016,
#5017),(#5018,#5019),(#5020,#5021)),.UNSPECIFIED.,.F.,.F.,.F.,(4,1,4),(2,
2),(0.,0.0185770898615216,0.0406218313445531),(0.,0.02),.UNSPECIFIED.);
#3102=B_SPLINE_SURFACE_WITH_KNOTS('',3,1,((#5038,#5039),(#5040,#5041),(#5042,
#5043),(#5044,#5045),(#5046,#5047)),.UNSPECIFIED.,.F.,.F.,.F.,(4,1,4),(2,
2),(0.,0.0142437118561258,0.0301798462448372),(0.,0.02),.UNSPECIFIED.);
#3103=B_SPLINE_SURFACE_WITH_KNOTS('',3,1,((#5061,#5062),(#5063,#5064),(#5065,
#5066),(#5067,#5068),(#5069,#5070)),.UNSPECIFIED.,.F.,.F.,.F.,(4,1,4),(2,
2),(0.,0.0157288187133592,0.0298374708745805),(0.,0.02),.UNSPECIFIED.);
#3104=B_SPLINE_SURFACE_WITH_KNOTS('',3,1,((#5084,#5085),(#5086,#5087),(#5088,
#5089),(#5090,#5091),(#5092,#5093)),.UNSPECIFIED.,.F.,.F.,.F.,(4,1,4),(2,
2),(0.,0.0170477867624159,0.033714107300601),(0.,0.02),.UNSPECIFIED.);
#3105=B_SPLINE_SURFACE_WITH_KNOTS('',3,1,((#5107,#5108),(#5109,#5110),(#5111,
#5112),(#5113,#5114),(#5115,#5116)),.UNSPECIFIED.,.F.,.F.,.F.,(4,1,4),(2,
2),(0.,0.0197271725610409,0.0403324886890094),(0.,0.02),.UNSPECIFIED.);
#3106=B_SPLINE_SURFACE_WITH_KNOTS('',3,1,((#5130,#5131),(#5132,#5133),(#5134,
#5135),(#5136,#5137),(#5138,#5139)),.UNSPECIFIED.,.F.,.F.,.F.,(4,1,4),(2,
2),(0.,0.0219834857537341,0.0421519767331008),(0.,0.02),.UNSPECIFIED.);
#3107=B_SPLINE_SURFACE_WITH_KNOTS('',3,1,((#5153,#5154),(#5155,#5156),(#5157,
#5158),(#5159,#5160),(#5161,#5162)),.UNSPECIFIED.,.F.,.F.,.F.,(4,1,4),(2,
2),(0.,0.0168135769876409,0.0351654579684834),(0.,0.02),.UNSPECIFIED.);
#3108=B_SPLINE_SURFACE_WITH_KNOTS('',3,1,((#5176,#5177),(#5178,#5179),(#5180,
#5181),(#5182,#5183),(#5184,#5185)),.UNSPECIFIED.,.F.,.F.,.F.,(4,1,4),(2,
2),(0.,0.015712208500306,0.0317241976312862),(0.,0.02),.UNSPECIFIED.);
#3109=B_SPLINE_SURFACE_WITH_KNOTS('',3,1,((#5199,#5200),(#5201,#5202),(#5203,
#5204),(#5205,#5206),(#5207,#5208)),.UNSPECIFIED.,.F.,.F.,.F.,(4,1,4),(2,
2),(0.,0.0177334374092334,0.0347720644709187),(0.,0.02),.UNSPECIFIED.);
#3110=B_SPLINE_SURFACE_WITH_KNOTS('',3,1,((#5222,#5223),(#5224,#5225),(#5226,
#5227),(#5228,#5229),(#5230,#5231)),.UNSPECIFIED.,.F.,.F.,.F.,(4,1,4),(2,
2),(0.,0.0181937980673923,0.0362190434656116),(0.,0.02),.UNSPECIFIED.);
#3111=B_SPLINE_SURFACE_WITH_KNOTS('',3,1,((#5245,#5246),(#5247,#5248),(#5249,
#5250),(#5251,#5252),(#5253,#5254)),.UNSPECIFIED.,.F.,.F.,.F.,(4,1,4),(2,
2),(0.,0.0258839153748499,0.0468166199283065),(0.,0.02),.UNSPECIFIED.);
#3112=B_SPLINE_SURFACE_WITH_KNOTS('',3,1,((#5357,#5358),(#5359,#5360),(#5361,
#5362),(#5363,#5364),(#5365,#5366)),.UNSPECIFIED.,.F.,.F.,.F.,(4,1,4),(2,
2),(0.,0.0268289798453926,0.0664548850006869),(0.,0.02),.UNSPECIFIED.);
#3113=B_SPLINE_SURFACE_WITH_KNOTS('',3,1,((#5383,#5384),(#5385,#5386),(#5387,
#5388),(#5389,#5390),(#5391,#5392)),.UNSPECIFIED.,.F.,.F.,.F.,(4,1,4),(2,
2),(0.,0.0315224369874872,0.0557088580596073),(0.,0.02),.UNSPECIFIED.);
#3114=B_SPLINE_SURFACE_WITH_KNOTS('',3,1,((#5406,#5407),(#5408,#5409),(#5410,
#5411),(#5412,#5413),(#5414,#5415)),.UNSPECIFIED.,.F.,.F.,.F.,(4,1,4),(2,
2),(0.,0.0175494999207853,0.0373353451608001),(0.,0.02),.UNSPECIFIED.);
#3115=B_SPLINE_SURFACE_WITH_KNOTS('',3,1,((#5429,#5430),(#5431,#5432),(#5433,
#5434),(#5435,#5436),(#5437,#5438)),.UNSPECIFIED.,.F.,.F.,.F.,(4,1,4),(2,
2),(0.,0.0159500729381997,0.032096151554866),(0.,0.02),.UNSPECIFIED.);
#3116=B_SPLINE_SURFACE_WITH_KNOTS('',3,1,((#5452,#5453),(#5454,#5455),(#5456,
#5457),(#5458,#5459),(#5460,#5461)),.UNSPECIFIED.,.F.,.F.,.F.,(4,1,4),(2,
2),(0.,0.0283274684652708,0.0485612519680079),(0.,0.02),.UNSPECIFIED.);
#3117=B_SPLINE_SURFACE_WITH_KNOTS('',3,1,((#5493,#5494),(#5495,#5496),(#5497,
#5498),(#5499,#5500),(#5501,#5502)),.UNSPECIFIED.,.F.,.F.,.F.,(4,1,4),(2,
2),(0.,0.028065219455503,0.0636799486945475),(0.,0.02),.UNSPECIFIED.);
#3118=B_SPLINE_SURFACE_WITH_KNOTS('',3,1,((#5516,#5517),(#5518,#5519),(#5520,
#5521),(#5522,#5523),(#5524,#5525)),.UNSPECIFIED.,.F.,.F.,.F.,(4,1,4),(2,
2),(0.,0.0242055763304774,0.0481162587002329),(0.,0.02),.UNSPECIFIED.);
#3119=B_SPLINE_SURFACE_WITH_KNOTS('',3,1,((#5539,#5540),(#5541,#5542),(#5543,
#5544),(#5545,#5546),(#5547,#5548)),.UNSPECIFIED.,.F.,.F.,.F.,(4,1,4),(2,
2),(0.,0.0320752631236582,0.0591788901176385),(0.,0.02),.UNSPECIFIED.);
#3120=B_SPLINE_SURFACE_WITH_KNOTS('',3,1,((#5562,#5563),(#5564,#5565),(#5566,
#5567),(#5568,#5569),(#5570,#5571)),.UNSPECIFIED.,.F.,.F.,.F.,(4,1,4),(2,
2),(0.,0.0277603983435749,0.0606228479150272),(0.,0.02),.UNSPECIFIED.);
#3121=B_SPLINE_SURFACE_WITH_KNOTS('',3,1,((#5585,#5586),(#5587,#5588),(#5589,
#5590),(#5591,#5592),(#5593,#5594)),.UNSPECIFIED.,.F.,.F.,.F.,(4,1,4),(2,
2),(0.,0.023389696394185,0.0480716519679509),(0.,0.02),.UNSPECIFIED.);
#3122=B_SPLINE_SURFACE_WITH_KNOTS('',3,1,((#5608,#5609),(#5610,#5611),(#5612,
#5613),(#5614,#5615),(#5616,#5617)),.UNSPECIFIED.,.F.,.F.,.F.,(4,1,4),(2,
2),(0.,0.0338751314889561,0.0606973542641305),(0.,0.02),.UNSPECIFIED.);
#3123=B_SPLINE_SURFACE_WITH_KNOTS('',3,1,((#5681,#5682),(#5683,#5684),(#5685,
#5686),(#5687,#5688),(#5689,#5690)),.UNSPECIFIED.,.F.,.F.,.F.,(4,1,4),(2,
2),(0.,0.0152761458279398,0.0382719600891509),(0.,0.02),.UNSPECIFIED.);
#3124=B_SPLINE_SURFACE_WITH_KNOTS('',3,1,((#5704,#5705),(#5706,#5707),(#5708,
#5709),(#5710,#5711),(#5712,#5713)),.UNSPECIFIED.,.F.,.F.,.F.,(4,1,4),(2,
2),(0.,0.0107743607728529,0.0217757127671784),(0.,0.02),.UNSPECIFIED.);
#3125=B_SPLINE_SURFACE_WITH_KNOTS('',3,1,((#5727,#5728),(#5729,#5730),(#5731,
#5732),(#5733,#5734),(#5735,#5736)),.UNSPECIFIED.,.F.,.F.,.F.,(4,1,4),(2,
2),(0.,0.0117975190115148,0.0229463021242884),(0.,0.02),.UNSPECIFIED.);
#3126=B_SPLINE_SURFACE_WITH_KNOTS('',3,1,((#5750,#5751),(#5752,#5753),(#5754,
#5755),(#5756,#5757),(#5758,#5759)),.UNSPECIFIED.,.F.,.F.,.F.,(4,1,4),(2,
2),(0.,0.0109157577126833,0.0230440981994283),(0.,0.02),.UNSPECIFIED.);
#3127=B_SPLINE_SURFACE_WITH_KNOTS('',3,1,((#5773,#5774),(#5775,#5776),(#5777,
#5778),(#5779,#5780),(#5781,#5782)),.UNSPECIFIED.,.F.,.F.,.F.,(4,1,4),(2,
2),(0.,0.0121357674060584,0.0230390637727839),(0.,0.02),.UNSPECIFIED.);
#3128=B_SPLINE_SURFACE_WITH_KNOTS('',3,1,((#5796,#5797),(#5798,#5799),(#5800,
#5801),(#5802,#5803),(#5804,#5805)),.UNSPECIFIED.,.F.,.F.,.F.,(4,1,4),(2,
2),(0.,0.0189003481301618,0.031747667225645),(0.,0.02),.UNSPECIFIED.);
#3129=B_SPLINE_SURFACE_WITH_KNOTS('',3,1,((#5837,#5838),(#5839,#5840),(#5841,
#5842),(#5843,#5844),(#5845,#5846)),.UNSPECIFIED.,.F.,.F.,.F.,(4,1,4),(2,
2),(0.,0.0158107147372395,0.0369186177419508),(0.,0.02),.UNSPECIFIED.);
#3130=B_SPLINE_SURFACE_WITH_KNOTS('',3,1,((#5860,#5861),(#5862,#5863),(#5864,
#5865),(#5866,#5867),(#5868,#5869)),.UNSPECIFIED.,.F.,.F.,.F.,(4,1,4),(2,
2),(0.,0.0122554971225335,0.0249345499388843),(0.,0.02),.UNSPECIFIED.);
#3131=B_SPLINE_SURFACE_WITH_KNOTS('',3,1,((#5883,#5884),(#5885,#5886),(#5887,
#5888),(#5889,#5890),(#5891,#5892)),.UNSPECIFIED.,.F.,.F.,.F.,(4,1,4),(2,
2),(0.,0.0131891338236482,0.025641206044023),(0.,0.02),.UNSPECIFIED.);
#3132=B_SPLINE_SURFACE_WITH_KNOTS('',3,1,((#5906,#5907),(#5908,#5909),(#5910,
#5911),(#5912,#5913),(#5914,#5915)),.UNSPECIFIED.,.F.,.F.,.F.,(4,1,4),(2,
2),(0.,0.0105035800557087,0.0218052125467719),(0.,0.02),.UNSPECIFIED.);
#3133=B_SPLINE_SURFACE_WITH_KNOTS('',3,1,((#5929,#5930),(#5931,#5932),(#5933,
#5934),(#5935,#5936),(#5937,#5938)),.UNSPECIFIED.,.F.,.F.,.F.,(4,1,4),(2,
2),(0.,0.00912409080112687,0.0189348980320628),(0.,0.02),.UNSPECIFIED.);
#3134=B_SPLINE_SURFACE_WITH_KNOTS('',3,1,((#5952,#5953),(#5954,#5955),(#5956,
#5957),(#5958,#5959),(#5960,#5961)),.UNSPECIFIED.,.F.,.F.,.F.,(4,1,4),(2,
2),(0.,0.0108367971391729,0.0203717722061518),(0.,0.02),.UNSPECIFIED.);
#3135=B_SPLINE_SURFACE_WITH_KNOTS('',3,1,((#5975,#5976),(#5977,#5978),(#5979,
#5980),(#5981,#5982),(#5983,#5984)),.UNSPECIFIED.,.F.,.F.,.F.,(4,1,4),(2,
2),(0.,0.0136458723613998,0.0225585773399519),(0.,0.02),.UNSPECIFIED.);
#3136=B_SPLINE_SURFACE_WITH_KNOTS('',3,1,((#6007,#6008),(#6009,#6010),(#6011,
#6012),(#6013,#6014),(#6015,#6016)),.UNSPECIFIED.,.F.,.F.,.F.,(4,1,4),(2,
2),(0.,0.0185770898615216,0.0406217718068523),(0.,0.02),.UNSPECIFIED.);
#3137=B_SPLINE_SURFACE_WITH_KNOTS('',3,1,((#6033,#6034),(#6035,#6036),(#6037,
#6038),(#6039,#6040),(#6041,#6042)),.UNSPECIFIED.,.F.,.F.,.F.,(4,1,4),(2,
2),(0.,0.0142437633251553,0.0301798977138667),(0.,0.02),.UNSPECIFIED.);
#3138=B_SPLINE_SURFACE_WITH_KNOTS('',3,1,((#6056,#6057),(#6058,#6059),(#6060,
#6061),(#6062,#6063),(#6064,#6065)),.UNSPECIFIED.,.F.,.F.,.F.,(4,1,4),(2,
2),(0.,0.0157287872900048,0.0298374394512262),(0.,0.02),.UNSPECIFIED.);
#3139=B_SPLINE_SURFACE_WITH_KNOTS('',3,1,((#6079,#6080),(#6081,#6082),(#6083,
#6084),(#6085,#6086),(#6087,#6088)),.UNSPECIFIED.,.F.,.F.,.F.,(4,1,4),(2,
2),(0.,0.0170477867624159,0.033714107300601),(0.,0.02),.UNSPECIFIED.);
#3140=B_SPLINE_SURFACE_WITH_KNOTS('',3,1,((#6102,#6103),(#6104,#6105),(#6106,
#6107),(#6108,#6109),(#6110,#6111)),.UNSPECIFIED.,.F.,.F.,.F.,(4,1,4),(2,
2),(0.,0.0197271725610409,0.0403324886890094),(0.,0.02),.UNSPECIFIED.);
#3141=B_SPLINE_SURFACE_WITH_KNOTS('',3,1,((#6125,#6126),(#6127,#6128),(#6129,
#6130),(#6131,#6132),(#6133,#6134)),.UNSPECIFIED.,.F.,.F.,.F.,(4,1,4),(2,
2),(0.,0.0219835401397876,0.0421520311191543),(0.,0.02),.UNSPECIFIED.);
#3142=B_SPLINE_SURFACE_WITH_KNOTS('',3,1,((#6148,#6149),(#6150,#6151),(#6152,
#6153),(#6154,#6155),(#6156,#6157)),.UNSPECIFIED.,.F.,.F.,.F.,(4,1,4),(2,
2),(0.,0.0168136543685869,0.0351654855011862),(0.,0.02),.UNSPECIFIED.);
#3143=B_SPLINE_SURFACE_WITH_KNOTS('',3,1,((#6171,#6172),(#6173,#6174),(#6175,
#6176),(#6177,#6178),(#6179,#6180)),.UNSPECIFIED.,.F.,.F.,.F.,(4,1,4),(2,
2),(0.,0.015712208500306,0.0317241733498999),(0.,0.02),.UNSPECIFIED.);
#3144=B_SPLINE_SURFACE_WITH_KNOTS('',3,1,((#6194,#6195),(#6196,#6197),(#6198,
#6199),(#6200,#6201),(#6202,#6203)),.UNSPECIFIED.,.F.,.F.,.F.,(4,1,4),(2,
2),(0.,0.0177334126905878,0.0347720397522732),(0.,0.02),.UNSPECIFIED.);
#3145=B_SPLINE_SURFACE_WITH_KNOTS('',3,1,((#6217,#6218),(#6219,#6220),(#6221,
#6222),(#6223,#6224),(#6225,#6226)),.UNSPECIFIED.,.F.,.F.,.F.,(4,1,4),(2,
2),(0.,0.0181938486276619,0.0362190940258811),(0.,0.02),.UNSPECIFIED.);
#3146=B_SPLINE_SURFACE_WITH_KNOTS('',3,1,((#6240,#6241),(#6242,#6243),(#6244,
#6245),(#6246,#6247),(#6248,#6249)),.UNSPECIFIED.,.F.,.F.,.F.,(4,1,4),(2,
2),(0.,0.0258839153748499,0.0468166199283065),(0.,0.02),.UNSPECIFIED.);
#3147=B_SPLINE_SURFACE_WITH_KNOTS('',3,1,((#6279,#6280),(#6281,#6282),(#6283,
#6284),(#6285,#6286),(#6287,#6288)),.UNSPECIFIED.,.F.,.F.,.F.,(4,1,4),(2,
2),(0.,0.0268289475235574,0.0664548585144481),(0.,0.02),.UNSPECIFIED.);
#3148=B_SPLINE_SURFACE_WITH_KNOTS('',3,1,((#6305,#6306),(#6307,#6308),(#6309,
#6310),(#6311,#6312),(#6313,#6314)),.UNSPECIFIED.,.F.,.F.,.F.,(4,1,4),(2,
2),(0.,0.0315224369874872,0.0557089220172119),(0.,0.02),.UNSPECIFIED.);
#3149=B_SPLINE_SURFACE_WITH_KNOTS('',3,1,((#6328,#6329),(#6330,#6331),(#6332,
#6333),(#6334,#6335),(#6336,#6337)),.UNSPECIFIED.,.F.,.F.,.F.,(4,1,4),(2,
2),(0.,0.0175495347173734,0.0373352688233435),(0.,0.02),.UNSPECIFIED.);
#3150=B_SPLINE_SURFACE_WITH_KNOTS('',3,1,((#6351,#6352),(#6353,#6354),(#6355,
#6356),(#6357,#6358),(#6359,#6360)),.UNSPECIFIED.,.F.,.F.,.F.,(4,1,4),(2,
2),(0.,0.0159500690946612,0.0320961767288272),(0.,0.02),.UNSPECIFIED.);
#3151=B_SPLINE_SURFACE_WITH_KNOTS('',3,1,((#6374,#6375),(#6376,#6377),(#6378,
#6379),(#6380,#6381),(#6382,#6383)),.UNSPECIFIED.,.F.,.F.,.F.,(4,1,4),(2,
2),(0.,0.0283274678681682,0.0485612455192578),(0.,0.02),.UNSPECIFIED.);
#3152=B_SPLINE_SURFACE_WITH_KNOTS('',3,1,((#6415,#6416),(#6417,#6418),(#6419,
#6420),(#6421,#6422),(#6423,#6424)),.UNSPECIFIED.,.F.,.F.,.F.,(4,1,4),(2,
2),(0.,0.0280652232583301,0.0636799554940642),(0.,0.02),.UNSPECIFIED.);
#3153=B_SPLINE_SURFACE_WITH_KNOTS('',3,1,((#6438,#6439),(#6440,#6441),(#6442,
#6443),(#6444,#6445),(#6446,#6447)),.UNSPECIFIED.,.F.,.F.,.F.,(4,1,4),(2,
2),(0.,0.0242055409780541,0.0481162134176617),(0.,0.02),.UNSPECIFIED.);
#3154=B_SPLINE_SURFACE_WITH_KNOTS('',3,1,((#6461,#6462),(#6463,#6464),(#6465,
#6466),(#6467,#6468),(#6469,#6470)),.UNSPECIFIED.,.F.,.F.,.F.,(4,1,4),(2,
2),(0.,0.0320752779583176,0.0591789470720823),(0.,0.02),.UNSPECIFIED.);
#3155=B_SPLINE_SURFACE_WITH_KNOTS('',3,1,((#6484,#6485),(#6486,#6487),(#6488,
#6489),(#6490,#6491),(#6492,#6493)),.UNSPECIFIED.,.F.,.F.,.F.,(4,1,4),(2,
2),(0.,0.0277603707220086,0.0606227610229172),(0.,0.02),.UNSPECIFIED.);
#3156=B_SPLINE_SURFACE_WITH_KNOTS('',3,1,((#6507,#6508),(#6509,#6510),(#6511,
#6512),(#6513,#6514),(#6515,#6516)),.UNSPECIFIED.,.F.,.F.,.F.,(4,1,4),(2,
2),(0.,0.0233896811569758,0.048071670821585),(0.,0.02),.UNSPECIFIED.);
#3157=B_SPLINE_SURFACE_WITH_KNOTS('',3,1,((#6530,#6531),(#6532,#6533),(#6534,
#6535),(#6536,#6537),(#6538,#6539)),.UNSPECIFIED.,.F.,.F.,.F.,(4,1,4),(2,
2),(0.,0.0338751286758764,0.0606973692145693),(0.,0.02),.UNSPECIFIED.);
#3158=ADVANCED_FACE('',(#123),#3055,.F.);
#3159=ADVANCED_FACE('',(#124),#3056,.F.);
#3160=ADVANCED_FACE('',(#125),#3057,.F.);
#3161=ADVANCED_FACE('',(#126),#3058,.F.);
#3162=ADVANCED_FACE('',(#127),#3059,.F.);
#3163=ADVANCED_FACE('',(#128),#3060,.F.);
#3164=ADVANCED_FACE('',(#129),#3061,.F.);
#3165=ADVANCED_FACE('',(#130),#3062,.F.);
#3166=ADVANCED_FACE('',(#131),#3063,.F.);
#3167=ADVANCED_FACE('',(#132),#3064,.F.);
#3168=ADVANCED_FACE('',(#133),#3065,.F.);
#3169=ADVANCED_FACE('',(#134),#3066,.F.);
#3170=ADVANCED_FACE('',(#135),#3067,.F.);
#3171=ADVANCED_FACE('',(#136),#3068,.F.);
#3172=ADVANCED_FACE('',(#137),#58,.F.);
#3173=ADVANCED_FACE('',(#138),#3069,.F.);
#3174=ADVANCED_FACE('',(#139),#3070,.F.);
#3175=ADVANCED_FACE('',(#140),#3071,.F.);
#3176=ADVANCED_FACE('',(#141),#3072,.F.);
#3177=ADVANCED_FACE('',(#142),#3073,.F.);
#3178=ADVANCED_FACE('',(#143),#3074,.F.);
#3179=ADVANCED_FACE('',(#144),#3075,.F.);
#3180=ADVANCED_FACE('',(#145),#3076,.F.);
#3181=ADVANCED_FACE('',(#146),#3077,.F.);
#3182=ADVANCED_FACE('',(#147),#3078,.F.);
#3183=ADVANCED_FACE('',(#148),#3079,.F.);
#3184=ADVANCED_FACE('',(#149),#3080,.F.);
#3185=ADVANCED_FACE('',(#150),#3081,.F.);
#3186=ADVANCED_FACE('',(#151),#3082,.F.);
#3187=ADVANCED_FACE('',(#152),#3083,.F.);
#3188=ADVANCED_FACE('',(#153),#3084,.F.);
#3189=ADVANCED_FACE('',(#154),#3085,.F.);
#3190=ADVANCED_FACE('',(#155),#3086,.F.);
#3191=ADVANCED_FACE('',(#156),#59,.F.);
#3192=ADVANCED_FACE('',(#157),#3087,.F.);
#3193=ADVANCED_FACE('',(#158),#60,.T.);
#3194=ADVANCED_FACE('',(#159),#61,.F.);
#3195=ADVANCED_FACE('',(#160),#3088,.F.);
#3196=ADVANCED_FACE('',(#161),#3089,.F.);
#3197=ADVANCED_FACE('',(#162),#3090,.F.);
#3198=ADVANCED_FACE('',(#163),#3091,.F.);
#3199=ADVANCED_FACE('',(#164),#3092,.F.);
#3200=ADVANCED_FACE('',(#165),#3093,.F.);
#3201=ADVANCED_FACE('',(#166),#62,.F.);
#3202=ADVANCED_FACE('',(#167),#63,.F.);
#3203=ADVANCED_FACE('',(#168),#64,.F.);
#3204=ADVANCED_FACE('',(#169),#3094,.F.);
#3205=ADVANCED_FACE('',(#170),#3095,.F.);
#3206=ADVANCED_FACE('',(#171),#3096,.F.);
#3207=ADVANCED_FACE('',(#172),#3097,.F.);
#3208=ADVANCED_FACE('',(#173),#3098,.F.);
#3209=ADVANCED_FACE('',(#174),#3099,.F.);
#3210=ADVANCED_FACE('',(#175),#3100,.F.);
#3211=ADVANCED_FACE('',(#176),#65,.F.);
#3212=ADVANCED_FACE('',(#177),#66,.F.);
#3213=ADVANCED_FACE('',(#178),#3101,.F.);
#3214=ADVANCED_FACE('',(#179),#3102,.F.);
#3215=ADVANCED_FACE('',(#180),#3103,.F.);
#3216=ADVANCED_FACE('',(#181),#3104,.F.);
#3217=ADVANCED_FACE('',(#182),#3105,.F.);
#3218=ADVANCED_FACE('',(#183),#3106,.F.);
#3219=ADVANCED_FACE('',(#184),#3107,.F.);
#3220=ADVANCED_FACE('',(#185),#3108,.F.);
#3221=ADVANCED_FACE('',(#186),#3109,.F.);
#3222=ADVANCED_FACE('',(#187),#3110,.F.);
#3223=ADVANCED_FACE('',(#188),#3111,.F.);
#3224=ADVANCED_FACE('',(#189),#67,.F.);
#3225=ADVANCED_FACE('',(#190),#68,.F.);
#3226=ADVANCED_FACE('',(#191),#69,.F.);
#3227=ADVANCED_FACE('',(#192,#43,#44),#70,.T.);
#3228=ADVANCED_FACE('',(#193),#71,.F.);
#3229=ADVANCED_FACE('',(#194),#72,.F.);
#3230=ADVANCED_FACE('',(#195),#73,.F.);
#3231=ADVANCED_FACE('',(#196),#74,.F.);
#3232=ADVANCED_FACE('',(#197),#75,.F.);
#3233=ADVANCED_FACE('',(#198),#76,.F.);
#3234=ADVANCED_FACE('',(#199),#77,.F.);
#3235=ADVANCED_FACE('',(#200),#78,.F.);
#3236=ADVANCED_FACE('',(#201),#79,.F.);
#3237=ADVANCED_FACE('',(#202),#80,.F.);
#3238=ADVANCED_FACE('',(#203),#81,.F.);
#3239=ADVANCED_FACE('',(#204),#82,.F.);
#3240=ADVANCED_FACE('',(#205),#83,.F.);
#3241=ADVANCED_FACE('',(#206),#3112,.F.);
#3242=ADVANCED_FACE('',(#207),#3113,.F.);
#3243=ADVANCED_FACE('',(#208),#3114,.F.);
#3244=ADVANCED_FACE('',(#209),#3115,.F.);
#3245=ADVANCED_FACE('',(#210),#3116,.F.);
#3246=ADVANCED_FACE('',(#211),#84,.F.);
#3247=ADVANCED_FACE('',(#212),#85,.F.);
#3248=ADVANCED_FACE('',(#213),#86,.F.);
#3249=ADVANCED_FACE('',(#214),#3117,.F.);
#3250=ADVANCED_FACE('',(#215),#3118,.F.);
#3251=ADVANCED_FACE('',(#216),#3119,.F.);
#3252=ADVANCED_FACE('',(#217),#3120,.F.);
#3253=ADVANCED_FACE('',(#218),#3121,.F.);
#3254=ADVANCED_FACE('',(#219),#3122,.F.);
#3255=ADVANCED_FACE('',(#220),#87,.F.);
#3256=ADVANCED_FACE('',(#221),#88,.F.);
#3257=ADVANCED_FACE('',(#222),#89,.F.);
#3258=ADVANCED_FACE('',(#223),#90,.T.);
#3259=ADVANCED_FACE('',(#224),#91,.F.);
#3260=ADVANCED_FACE('',(#225),#92,.F.);
#3261=ADVANCED_FACE('',(#226),#93,.F.);
#3262=ADVANCED_FACE('',(#227),#94,.F.);
#3263=ADVANCED_FACE('',(#228),#95,.F.);
#3264=ADVANCED_FACE('',(#229),#96,.F.);
#3265=ADVANCED_FACE('',(#230),#3123,.F.);
#3266=ADVANCED_FACE('',(#231),#3124,.F.);
#3267=ADVANCED_FACE('',(#232),#3125,.F.);
#3268=ADVANCED_FACE('',(#233),#3126,.F.);
#3269=ADVANCED_FACE('',(#234),#3127,.F.);
#3270=ADVANCED_FACE('',(#235),#3128,.F.);
#3271=ADVANCED_FACE('',(#236),#97,.F.);
#3272=ADVANCED_FACE('',(#237),#98,.F.);
#3273=ADVANCED_FACE('',(#238),#99,.F.);
#3274=ADVANCED_FACE('',(#239),#3129,.F.);
#3275=ADVANCED_FACE('',(#240),#3130,.F.);
#3276=ADVANCED_FACE('',(#241),#3131,.F.);
#3277=ADVANCED_FACE('',(#242),#3132,.F.);
#3278=ADVANCED_FACE('',(#243),#3133,.F.);
#3279=ADVANCED_FACE('',(#244),#3134,.F.);
#3280=ADVANCED_FACE('',(#245),#3135,.F.);
#3281=ADVANCED_FACE('',(#246),#100,.F.);
#3282=ADVANCED_FACE('',(#247),#101,.F.);
#3283=ADVANCED_FACE('',(#248),#3136,.F.);
#3284=ADVANCED_FACE('',(#249),#3137,.F.);
#3285=ADVANCED_FACE('',(#250),#3138,.F.);
#3286=ADVANCED_FACE('',(#251),#3139,.F.);
#3287=ADVANCED_FACE('',(#252),#3140,.F.);
#3288=ADVANCED_FACE('',(#253),#3141,.F.);
#3289=ADVANCED_FACE('',(#254),#3142,.F.);
#3290=ADVANCED_FACE('',(#255),#3143,.F.);
#3291=ADVANCED_FACE('',(#256),#3144,.F.);
#3292=ADVANCED_FACE('',(#257),#3145,.F.);
#3293=ADVANCED_FACE('',(#258),#3146,.F.);
#3294=ADVANCED_FACE('',(#259),#102,.F.);
#3295=ADVANCED_FACE('',(#260),#103,.F.);
#3296=ADVANCED_FACE('',(#261),#104,.F.);
#3297=ADVANCED_FACE('',(#262,#45,#46),#105,.T.);
#3298=ADVANCED_FACE('',(#263),#3147,.F.);
#3299=ADVANCED_FACE('',(#264),#3148,.F.);
#3300=ADVANCED_FACE('',(#265),#3149,.F.);
#3301=ADVANCED_FACE('',(#266),#3150,.F.);
#3302=ADVANCED_FACE('',(#267),#3151,.F.);
#3303=ADVANCED_FACE('',(#268),#106,.F.);
#3304=ADVANCED_FACE('',(#269),#107,.F.);
#3305=ADVANCED_FACE('',(#270),#108,.F.);
#3306=ADVANCED_FACE('',(#271),#3152,.F.);
#3307=ADVANCED_FACE('',(#272),#3153,.F.);
#3308=ADVANCED_FACE('',(#273),#3154,.F.);
#3309=ADVANCED_FACE('',(#274),#3155,.F.);
#3310=ADVANCED_FACE('',(#275),#3156,.F.);
#3311=ADVANCED_FACE('',(#276),#3157,.F.);
#3312=ADVANCED_FACE('',(#277),#109,.F.);
#3313=ADVANCED_FACE('',(#278),#110,.F.);
#3314=ADVANCED_FACE('',(#279),#111,.F.);
#3315=ADVANCED_FACE('',(#280),#112,.T.);
#3316=ADVANCED_FACE('',(#281),#113,.T.);
#3317=ADVANCED_FACE('',(#282),#114,.T.);
#3318=ADVANCED_FACE('',(#283),#115,.T.);
#3319=ADVANCED_FACE('',(#284),#116,.T.);
#3320=ADVANCED_FACE('',(#285),#39,.F.);
#3321=ADVANCED_FACE('',(#286),#15,.F.);
#3322=ADVANCED_FACE('',(#287),#40,.F.);
#3323=ADVANCED_FACE('',(#288),#16,.F.);
#3324=ADVANCED_FACE('',(#289),#41,.F.);
#3325=ADVANCED_FACE('',(#290),#17,.F.);
#3326=ADVANCED_FACE('',(#291),#42,.F.);
#3327=ADVANCED_FACE('',(#292),#18,.F.);
#3328=ADVANCED_FACE('',(#293,#47,#48,#49,#50,#51,#52,#53),#117,.T.);
#3329=ADVANCED_FACE('',(#294),#118,.T.);
#3330=ADVANCED_FACE('',(#295),#19,.T.);
#3331=ADVANCED_FACE('',(#296),#119,.T.);
#3332=ADVANCED_FACE('',(#297),#20,.T.);
#3333=ADVANCED_FACE('',(#298),#120,.T.);
#3334=ADVANCED_FACE('',(#299),#21,.T.);
#3335=ADVANCED_FACE('',(#300),#121,.T.);
#3336=ADVANCED_FACE('',(#301),#22,.T.);
#3337=ADVANCED_FACE('',(#302,#54,#55,#56,#57),#122,.F.);
#3338=CLOSED_SHELL('',(#3158,#3159,#3160,#3161,#3162,#3163,#3164,#3165,
#3166,#3167,#3168,#3169,#3170,#3171,#3172,#3173,#3174,#3175,#3176,#3177,
#3178,#3179,#3180,#3181,#3182,#3183,#3184,#3185,#3186,#3187,#3188,#3189,
#3190,#3191,#3192,#3193,#3194,#3195,#3196,#3197,#3198,#3199,#3200,#3201,
#3202,#3203,#3204,#3205,#3206,#3207,#3208,#3209,#3210,#3211,#3212,#3213,
#3214,#3215,#3216,#3217,#3218,#3219,#3220,#3221,#3222,#3223,#3224,#3225,
#3226,#3227,#3228,#3229,#3230,#3231,#3232,#3233,#3234,#3235,#3236,#3237,
#3238,#3239,#3240,#3241,#3242,#3243,#3244,#3245,#3246,#3247,#3248,#3249,
#3250,#3251,#3252,#3253,#3254,#3255,#3256,#3257,#3258,#3259,#3260,#3261,
#3262,#3263,#3264,#3265,#3266,#3267,#3268,#3269,#3270,#3271,#3272,#3273,
#3274,#3275,#3276,#3277,#3278,#3279,#3280,#3281,#3282,#3283,#3284,#3285,
#3286,#3287,#3288,#3289,#3290,#3291,#3292,#3293,#3294,#3295,#3296,#3297,
#3298,#3299,#3300,#3301,#3302,#3303,#3304,#3305,#3306,#3307,#3308,#3309,
#3310,#3311,#3312,#3313,#3314,#3315,#3316,#3317,#3318,#3319,#3320,#3321,
#3322,#3323,#3324,#3325,#3326,#3327,#3328,#3329,#3330,#3331,#3332,#3333,
#3334,#3335,#3336,#3337));
#3339=DERIVED_UNIT_ELEMENT(#3341,1.);
#3340=DERIVED_UNIT_ELEMENT(#6664,-3.);
#3341=(
MASS_UNIT()
NAMED_UNIT(*)
SI_UNIT(.KILO.,.GRAM.)
);
#3342=DERIVED_UNIT((#3339,#3340));
#3343=MEASURE_REPRESENTATION_ITEM('density measure',
POSITIVE_RATIO_MEASURE(7850.),#3342);
#3344=PROPERTY_DEFINITION_REPRESENTATION(#3349,#3346);
#3345=PROPERTY_DEFINITION_REPRESENTATION(#3350,#3347);
#3346=REPRESENTATION('material name',(#3348),#6661);
#3347=REPRESENTATION('density',(#3343),#6661);
#3348=DESCRIPTIVE_REPRESENTATION_ITEM('Steel','Steel');
#3349=PROPERTY_DEFINITION('material property','material name',#6671);
#3350=PROPERTY_DEFINITION('material property','density of part',#6671);
#3351=AXIS2_PLACEMENT_3D('',#3904,#3445,#3446);
#3352=AXIS2_PLACEMENT_3D('',#4230,#3462,#3463);
#3353=AXIS2_PLACEMENT_3D('',#4650,#3485,#3486);
#3354=AXIS2_PLACEMENT_3D('',#4676,#3490,#3491);
#3355=AXIS2_PLACEMENT_3D('',#4677,#3492,#3493);
#3356=AXIS2_PLACEMENT_3D('',#4824,#3504,#3505);
#3357=AXIS2_PLACEMENT_3D('',#4830,#3509,#3510);
#3358=AXIS2_PLACEMENT_3D('',#4833,#3513,#3514);
#3359=AXIS2_PLACEMENT_3D('',#5003,#3526,#3527);
#3360=AXIS2_PLACEMENT_3D('',#5009,#3531,#3532);
#3361=AXIS2_PLACEMENT_3D('',#5268,#3547,#3548);
#3362=AXIS2_PLACEMENT_3D('',#5274,#3552,#3553);
#3363=AXIS2_PLACEMENT_3D('',#5280,#3557,#3558);
#3364=AXIS2_PLACEMENT_3D('',#5283,#3561,#3562);
#3365=AXIS2_PLACEMENT_3D('',#5284,#3563,#3564);
#3366=AXIS2_PLACEMENT_3D('',#5293,#3569,#3570);
#3367=AXIS2_PLACEMENT_3D('',#5299,#3574,#3575);
#3368=AXIS2_PLACEMENT_3D('',#5305,#3579,#3580);
#3369=AXIS2_PLACEMENT_3D('',#5311,#3584,#3585);
#3370=AXIS2_PLACEMENT_3D('',#5317,#3589,#3590);
#3371=AXIS2_PLACEMENT_3D('',#5323,#3594,#3595);
#3372=AXIS2_PLACEMENT_3D('',#5329,#3599,#3600);
#3373=AXIS2_PLACEMENT_3D('',#5335,#3604,#3605);
#3374=AXIS2_PLACEMENT_3D('',#5341,#3609,#3610);
#3375=AXIS2_PLACEMENT_3D('',#5347,#3614,#3615);
#3376=AXIS2_PLACEMENT_3D('',#5353,#3619,#3620);
#3377=AXIS2_PLACEMENT_3D('',#5356,#3623,#3624);
#3378=AXIS2_PLACEMENT_3D('',#5475,#3631,#3632);
#3379=AXIS2_PLACEMENT_3D('',#5481,#3636,#3637);
#3380=AXIS2_PLACEMENT_3D('',#5487,#3641,#3642);
#3381=AXIS2_PLACEMENT_3D('',#5631,#3652,#3653);
#3382=AXIS2_PLACEMENT_3D('',#5637,#3657,#3658);
#3383=AXIS2_PLACEMENT_3D('',#5643,#3662,#3663);
#3384=AXIS2_PLACEMENT_3D('',#5646,#3666,#3667);
#3385=AXIS2_PLACEMENT_3D('',#5647,#3668,#3669);
#3386=AXIS2_PLACEMENT_3D('',#5656,#3674,#3675);
#3387=AXIS2_PLACEMENT_3D('',#5662,#3679,#3680);
#3388=AXIS2_PLACEMENT_3D('',#5668,#3684,#3685);
#3389=AXIS2_PLACEMENT_3D('',#5671,#3688,#3689);
#3390=AXIS2_PLACEMENT_3D('',#5672,#3690,#3691);
#3391=AXIS2_PLACEMENT_3D('',#5819,#3702,#3703);
#3392=AXIS2_PLACEMENT_3D('',#5825,#3707,#3708);
#3393=AXIS2_PLACEMENT_3D('',#5828,#3711,#3712);
#3394=AXIS2_PLACEMENT_3D('',#5998,#3724,#3725);
#3395=AXIS2_PLACEMENT_3D('',#6004,#3729,#3730);
#3396=AXIS2_PLACEMENT_3D('',#6263,#3745,#3746);
#3397=AXIS2_PLACEMENT_3D('',#6269,#3750,#3751);
#3398=AXIS2_PLACEMENT_3D('',#6275,#3755,#3756);
#3399=AXIS2_PLACEMENT_3D('',#6278,#3759,#3760);
#3400=AXIS2_PLACEMENT_3D('',#6397,#3767,#3768);
#3401=AXIS2_PLACEMENT_3D('',#6403,#3772,#3773);
#3402=AXIS2_PLACEMENT_3D('',#6409,#3777,#3778);
#3403=AXIS2_PLACEMENT_3D('',#6553,#3788,#3789);
#3404=AXIS2_PLACEMENT_3D('',#6559,#3793,#3794);
#3405=AXIS2_PLACEMENT_3D('',#6565,#3798,#3799);
#3406=AXIS2_PLACEMENT_3D('',#6568,#3802,#3803);
#3407=AXIS2_PLACEMENT_3D('',#6569,#3804,#3805);
#3408=AXIS2_PLACEMENT_3D('',#6570,#3806,#3807);
#3409=AXIS2_PLACEMENT_3D('',#6571,#3808,#3809);
#3410=AXIS2_PLACEMENT_3D('',#6572,#3810,#3811);
#3411=AXIS2_PLACEMENT_3D('',#6573,#3812,#3813);
#3412=AXIS2_PLACEMENT_3D('',#6575,#3814,#3815);
#3413=AXIS2_PLACEMENT_3D('',#6578,#3817,#3818);
#3414=AXIS2_PLACEMENT_3D('',#6580,#3819,#3820);
#3415=AXIS2_PLACEMENT_3D('',#6582,#3822,#3823);
#3416=AXIS2_PLACEMENT_3D('',#6584,#3824,#3825);
#3417=AXIS2_PLACEMENT_3D('',#6587,#3827,#3828);
#3418=AXIS2_PLACEMENT_3D('',#6589,#3829,#3830);
#3419=AXIS2_PLACEMENT_3D('',#6591,#3832,#3833);
#3420=AXIS2_PLACEMENT_3D('',#6593,#3834,#3835);
#3421=AXIS2_PLACEMENT_3D('',#6596,#3837,#3838);
#3422=AXIS2_PLACEMENT_3D('',#6598,#3839,#3840);
#3423=AXIS2_PLACEMENT_3D('',#6600,#3842,#3843);
#3424=AXIS2_PLACEMENT_3D('',#6602,#3844,#3845);
#3425=AXIS2_PLACEMENT_3D('',#6605,#3847,#3848);
#3426=AXIS2_PLACEMENT_3D('',#6607,#3849,#3850);
#3427=AXIS2_PLACEMENT_3D('',#6609,#3852,#3853);
#3428=AXIS2_PLACEMENT_3D('',#6612,#3854,#3855);
#3429=AXIS2_PLACEMENT_3D('',#6616,#3857,#3858);
#3430=AXIS2_PLACEMENT_3D('',#6620,#3860,#3861);
#3431=AXIS2_PLACEMENT_3D('',#6624,#3863,#3864);
#3432=AXIS2_PLACEMENT_3D('',#6626,#3866,#3867);
#3433=AXIS2_PLACEMENT_3D('',#6632,#3871,#3872);
#3434=AXIS2_PLACEMENT_3D('',#6634,#3873,#3874);
#3435=AXIS2_PLACEMENT_3D('',#6636,#3876,#3877);
#3436=AXIS2_PLACEMENT_3D('',#6640,#3880,#3881);
#3437=AXIS2_PLACEMENT_3D('',#6642,#3882,#3883);
#3438=AXIS2_PLACEMENT_3D('',#6644,#3885,#3886);
#3439=AXIS2_PLACEMENT_3D('',#6648,#3889,#3890);
#3440=AXIS2_PLACEMENT_3D('',#6650,#3891,#3892);
#3441=AXIS2_PLACEMENT_3D('',#6652,#3894,#3895);
#3442=AXIS2_PLACEMENT_3D('',#6656,#3898,#3899);
#3443=AXIS2_PLACEMENT_3D('',#6657,#3900,#3901);
#3444=AXIS2_PLACEMENT_3D('',#6658,#3902,#3903);
#3445=DIRECTION('axis',(0.,0.,1.));
#3446=DIRECTION('refdir',(1.,0.,0.));
#3447=DIRECTION('',(0.,-1.,0.));
#3448=DIRECTION('',(0.,-1.,0.));
#3449=DIRECTION('',(0.,-1.,0.));
#3450=DIRECTION('',(0.,-1.,0.));
#3451=DIRECTION('',(0.,-1.,0.));
#3452=DIRECTION('',(0.,-1.,0.));
#3453=DIRECTION('',(0.,-1.,0.));
#3454=DIRECTION('',(0.,-1.,0.));
#3455=DIRECTION('',(0.,-1.,0.));
#3456=DIRECTION('',(0.,-1.,0.));
#3457=DIRECTION('',(0.,-1.,0.));
#3458=DIRECTION('',(0.,-1.,0.));
#3459=DIRECTION('',(0.,-1.,0.));
#3460=DIRECTION('',(0.,-1.,0.));
#3461=DIRECTION('',(0.,-1.,0.));
#3462=DIRECTION('center_axis',(-0.0750565001101665,0.,-0.997179282672486));
#3463=DIRECTION('ref_axis',(0.997179282672485,0.,-0.0750565001101664));
#3464=DIRECTION('',(0.997179282672485,0.,-0.0750565001101664));
#3465=DIRECTION('',(0.,-1.,0.));
#3466=DIRECTION('',(0.997179282672485,0.,-0.0750565001101664));
#3467=DIRECTION('',(0.,-1.,0.));
#3468=DIRECTION('',(0.,-1.,0.));
#3469=DIRECTION('',(0.,-1.,0.));
#3470=DIRECTION('',(0.,-1.,0.));
#3471=DIRECTION('',(0.,-1.,0.));
#3472=DIRECTION('',(0.,-1.,0.));
#3473=DIRECTION('',(0.,-1.,0.));
#3474=DIRECTION('',(0.,-1.,0.));
#3475=DIRECTION('',(0.,-1.,0.));
#3476=DIRECTION('',(0.,-1.,0.));
#3477=DIRECTION('',(0.,-1.,0.));
#3478=DIRECTION('',(0.,-1.,0.));
#3479=DIRECTION('',(0.,-1.,0.));
#3480=DIRECTION('',(0.,-1.,0.));
#3481=DIRECTION('',(0.,-1.,0.));
#3482=DIRECTION('',(0.,-1.,0.));
#3483=DIRECTION('',(0.,-1.,0.));
#3484=DIRECTION('',(0.,-1.,0.));
#3485=DIRECTION('center_axis',(0.0870992684842059,0.,0.996199637336571));
#3486=DIRECTION('ref_axis',(-0.996199637336571,0.,0.0870992684842059));
#3487=DIRECTION('',(-0.996199637336571,0.,0.0870992684842059));
#3488=DIRECTION('',(0.,-1.,0.));
#3489=DIRECTION('',(-0.996199637336571,0.,0.0870992684842059));
#3490=DIRECTION('center_axis',(0.,1.,0.));
#3491=DIRECTION('ref_axis',(-1.,0.,0.));
#3492=DIRECTION('center_axis',(0.,0.,-1.));
#3493=DIRECTION('ref_axis',(1.,0.,0.));
#3494=DIRECTION('',(1.,0.,0.));
#3495=DIRECTION('',(0.,-1.,0.));
#3496=DIRECTION('',(1.,0.,0.));
#3497=DIRECTION('',(0.,-1.,0.));
#3498=DIRECTION('',(0.,-1.,0.));
#3499=DIRECTION('',(0.,-1.,0.));
#3500=DIRECTION('',(0.,-1.,0.));
#3501=DIRECTION('',(0.,-1.,0.));
#3502=DIRECTION('',(0.,-1.,0.));
#3503=DIRECTION('',(0.,-1.,0.));
#3504=DIRECTION('center_axis',(0.,0.,1.));
#3505=DIRECTION('ref_axis',(-1.,0.,0.));
#3506=DIRECTION('',(-1.,0.,0.));
#3507=DIRECTION('',(0.,-1.,0.));
#3508=DIRECTION('',(-1.,0.,0.));
#3509=DIRECTION('center_axis',(-1.,0.,0.));
#3510=DIRECTION('ref_axis',(0.,0.,-1.));
#3511=DIRECTION('',(0.,0.,-1.));
#3512=DIRECTION('',(0.,0.,-1.));
#3513=DIRECTION('center_axis',(0.,0.,-1.));
#3514=DIRECTION('ref_axis',(1.,0.,0.));
#3515=DIRECTION('',(1.,0.,0.));
#3516=DIRECTION('',(0.,-1.,0.));
#3517=DIRECTION('',(1.,0.,0.));
#3518=DIRECTION('',(0.,-1.,0.));
#3519=DIRECTION('',(0.,-1.,0.));
#3520=DIRECTION('',(0.,-1.,0.));
#3521=DIRECTION('',(0.,-1.,0.));
#3522=DIRECTION('',(0.,-1.,0.));
#3523=DIRECTION('',(0.,-1.,0.));
#3524=DIRECTION('',(0.,-1.,0.));
#3525=DIRECTION('',(0.,-1.,0.));
#3526=DIRECTION('center_axis',(0.,0.,1.));
#3527=DIRECTION('ref_axis',(-1.,0.,0.));
#3528=DIRECTION('',(-1.,0.,0.));
#3529=DIRECTION('',(0.,-1.,0.));
#3530=DIRECTION('',(-1.,0.,0.));
#3531=DIRECTION('center_axis',(-1.,0.,0.));
#3532=DIRECTION('ref_axis',(0.,0.,-1.));
#3533=DIRECTION('',(0.,0.,-1.));
#3534=DIRECTION('',(0.,0.,-1.));
#3535=DIRECTION('',(0.,-1.,0.));
#3536=DIRECTION('',(0.,-1.,0.));
#3537=DIRECTION('',(0.,-1.,0.));
#3538=DIRECTION('',(0.,-1.,0.));
#3539=DIRECTION('',(0.,-1.,0.));
#3540=DIRECTION('',(0.,-1.,0.));
#3541=DIRECTION('',(0.,-1.,0.));
#3542=DIRECTION('',(0.,-1.,0.));
#3543=DIRECTION('',(0.,-1.,0.));
#3544=DIRECTION('',(0.,-1.,0.));
#3545=DIRECTION('',(0.,-1.,0.));
#3546=DIRECTION('',(0.,-1.,0.));
#3547=DIRECTION('center_axis',(0.,0.,1.));
#3548=DIRECTION('ref_axis',(-1.,0.,0.));
#3549=DIRECTION('',(-1.,0.,0.));
#3550=DIRECTION('',(0.,-1.,0.));
#3551=DIRECTION('',(-1.,0.,0.));
#3552=DIRECTION('center_axis',(1.,0.,0.));
#3553=DIRECTION('ref_axis',(0.,0.,1.));
#3554=DIRECTION('',(0.,0.,1.));
#3555=DIRECTION('',(0.,-1.,0.));
#3556=DIRECTION('',(0.,0.,1.));
#3557=DIRECTION('center_axis',(0.,0.,-1.));
#3558=DIRECTION('ref_axis',(1.,0.,0.));
#3559=DIRECTION('',(1.,0.,0.));
#3560=DIRECTION('',(1.,0.,0.));
#3561=DIRECTION('center_axis',(0.,1.,0.));
#3562=DIRECTION('ref_axis',(-1.,0.,0.));
#3563=DIRECTION('center_axis',(-1.,0.,0.));
#3564=DIRECTION('ref_axis',(0.,0.,-1.));
#3565=DIRECTION('',(0.,0.,-1.));
#3566=DIRECTION('',(0.,-1.,0.));
#3567=DIRECTION('',(0.,0.,-1.));
#3568=DIRECTION('',(0.,-1.,0.));
#3569=DIRECTION('center_axis',(0.,0.,-1.));
#3570=DIRECTION('ref_axis',(1.,0.,0.));
#3571=DIRECTION('',(1.,0.,0.));
#3572=DIRECTION('',(0.,-1.,0.));
#3573=DIRECTION('',(1.,0.,0.));
#3574=DIRECTION('center_axis',(1.,0.,0.));
#3575=DIRECTION('ref_axis',(0.,0.,1.));
#3576=DIRECTION('',(0.,0.,1.));
#3577=DIRECTION('',(0.,-1.,0.));
#3578=DIRECTION('',(0.,0.,1.));
#3579=DIRECTION('center_axis',(0.,0.,-1.));
#3580=DIRECTION('ref_axis',(1.,0.,0.));
#3581=DIRECTION('',(1.,0.,0.));
#3582=DIRECTION('',(0.,-1.,0.));
#3583=DIRECTION('',(1.,0.,0.));
#3584=DIRECTION('center_axis',(-1.,0.,0.));
#3585=DIRECTION('ref_axis',(0.,0.,-1.));
#3586=DIRECTION('',(0.,0.,-1.));
#3587=DIRECTION('',(0.,-1.,0.));
#3588=DIRECTION('',(0.,0.,-1.));
#3589=DIRECTION('center_axis',(0.,0.,1.));
#3590=DIRECTION('ref_axis',(-1.,0.,0.));
#3591=DIRECTION('',(-1.,0.,0.));
#3592=DIRECTION('',(0.,-1.,0.));
#3593=DIRECTION('',(-1.,0.,0.));
#3594=DIRECTION('center_axis',(1.,0.,0.));
#3595=DIRECTION('ref_axis',(0.,0.,1.));
#3596=DIRECTION('',(0.,0.,1.));
#3597=DIRECTION('',(0.,-1.,0.));
#3598=DIRECTION('',(0.,0.,1.));
#3599=DIRECTION('center_axis',(0.,0.,1.));
#3600=DIRECTION('ref_axis',(-1.,0.,0.));
#3601=DIRECTION('',(-1.,0.,0.));
#3602=DIRECTION('',(0.,-1.,0.));
#3603=DIRECTION('',(-1.,0.,0.));
#3604=DIRECTION('center_axis',(-1.,0.,0.));
#3605=DIRECTION('ref_axis',(0.,0.,-1.));
#3606=DIRECTION('',(0.,0.,-1.));
#3607=DIRECTION('',(0.,-1.,0.));
#3608=DIRECTION('',(0.,0.,-1.));
#3609=DIRECTION('center_axis',(0.,0.,1.));
#3610=DIRECTION('ref_axis',(-1.,0.,0.));
#3611=DIRECTION('',(-1.,0.,0.));
#3612=DIRECTION('',(0.,-1.,0.));
#3613=DIRECTION('',(-1.,0.,0.));
#3614=DIRECTION('center_axis',(1.,0.,0.));
#3615=DIRECTION('ref_axis',(0.,0.,1.));
#3616=DIRECTION('',(0.,0.,1.));
#3617=DIRECTION('',(0.,-1.,0.));
#3618=DIRECTION('',(0.,0.,1.));
#3619=DIRECTION('center_axis',(0.,0.,-1.));
#3620=DIRECTION('ref_axis',(1.,0.,0.));
#3621=DIRECTION('',(1.,0.,0.));
#3622=DIRECTION('',(1.,0.,0.));
#3623=DIRECTION('center_axis',(0.,-1.,0.));
#3624=DIRECTION('ref_axis',(0.,0.,-1.));
#3625=DIRECTION('',(0.,-1.,0.));
#3626=DIRECTION('',(0.,-1.,0.));
#3627=DIRECTION('',(0.,-1.,0.));
#3628=DIRECTION('',(0.,-1.,0.));
#3629=DIRECTION('',(0.,-1.,0.));
#3630=DIRECTION('',(0.,-1.,0.));
#3631=DIRECTION('center_axis',(-1.,0.,0.));
#3632=DIRECTION('ref_axis',(0.,0.,-1.));
#3633=DIRECTION('',(0.,0.,-1.));
#3634=DIRECTION('',(0.,-1.,0.));
#3635=DIRECTION('',(0.,0.,-1.));
#3636=DIRECTION('center_axis',(0.,0.,1.));
#3637=DIRECTION('ref_axis',(-1.,0.,0.));
#3638=DIRECTION('',(-1.,0.,0.));
#3639=DIRECTION('',(0.,-1.,0.));
#3640=DIRECTION('',(-1.,0.,0.));
#3641=DIRECTION('center_axis',(1.,0.,0.));
#3642=DIRECTION('ref_axis',(0.,0.,1.));
#3643=DIRECTION('',(0.,0.,1.));
#3644=DIRECTION('',(0.,-1.,0.));
#3645=DIRECTION('',(0.,0.,1.));
#3646=DIRECTION('',(0.,-1.,0.));
#3647=DIRECTION('',(0.,-1.,0.));
#3648=DIRECTION('',(0.,-1.,0.));
#3649=DIRECTION('',(0.,-1.,0.));
#3650=DIRECTION('',(0.,-1.,0.));
#3651=DIRECTION('',(0.,-1.,0.));
#3652=DIRECTION('center_axis',(-1.,0.,0.));
#3653=DIRECTION('ref_axis',(0.,0.,-1.));
#3654=DIRECTION('',(0.,0.,-1.));
#3655=DIRECTION('',(0.,-1.,0.));
#3656=DIRECTION('',(0.,0.,-1.));
#3657=DIRECTION('center_axis',(0.,0.,1.));
#3658=DIRECTION('ref_axis',(-1.,0.,0.));
#3659=DIRECTION('',(-1.,0.,0.));
#3660=DIRECTION('',(0.,-1.,0.));
#3661=DIRECTION('',(-1.,0.,0.));
#3662=DIRECTION('center_axis',(1.,0.,0.));
#3663=DIRECTION('ref_axis',(0.,0.,1.));
#3664=DIRECTION('',(0.,0.,1.));
#3665=DIRECTION('',(0.,0.,1.));
#3666=DIRECTION('center_axis',(0.,1.,0.));
#3667=DIRECTION('ref_axis',(-1.,0.,0.));
#3668=DIRECTION('center_axis',(-1.,0.,0.));
#3669=DIRECTION('ref_axis',(0.,0.,-1.));
#3670=DIRECTION('',(0.,0.,-1.));
#3671=DIRECTION('',(0.,-1.,0.));
#3672=DIRECTION('',(0.,0.,-1.));
#3673=DIRECTION('',(0.,-1.,0.));
#3674=DIRECTION('center_axis',(0.,0.,1.));
#3675=DIRECTION('ref_axis',(-1.,0.,0.));
#3676=DIRECTION('',(-1.,0.,0.));
#3677=DIRECTION('',(0.,-1.,0.));
#3678=DIRECTION('',(-1.,0.,0.));
#3679=DIRECTION('center_axis',(1.,0.,0.));
#3680=DIRECTION('ref_axis',(0.,0.,1.));
#3681=DIRECTION('',(0.,0.,1.));
#3682=DIRECTION('',(0.,-1.,0.));
#3683=DIRECTION('',(0.,0.,1.));
#3684=DIRECTION('center_axis',(0.,0.,-1.));
#3685=DIRECTION('ref_axis',(1.,0.,0.));
#3686=DIRECTION('',(1.,0.,0.));
#3687=DIRECTION('',(1.,0.,0.));
#3688=DIRECTION('center_axis',(0.,-1.,0.));
#3689=DIRECTION('ref_axis',(0.,0.,-1.));
#3690=DIRECTION('center_axis',(0.,0.,-1.));
#3691=DIRECTION('ref_axis',(1.,0.,0.));
#3692=DIRECTION('',(1.,0.,0.));
#3693=DIRECTION('',(0.,-1.,0.));
#3694=DIRECTION('',(1.,0.,0.));
#3695=DIRECTION('',(0.,-1.,0.));
#3696=DIRECTION('',(0.,-1.,0.));
#3697=DIRECTION('',(0.,-1.,0.));
#3698=DIRECTION('',(0.,-1.,0.));
#3699=DIRECTION('',(0.,-1.,0.));
#3700=DIRECTION('',(0.,-1.,0.));
#3701=DIRECTION('',(0.,-1.,0.));
#3702=DIRECTION('center_axis',(0.,0.,1.));
#3703=DIRECTION('ref_axis',(-1.,0.,0.));
#3704=DIRECTION('',(-1.,0.,0.));
#3705=DIRECTION('',(0.,-1.,0.));
#3706=DIRECTION('',(-1.,0.,0.));
#3707=DIRECTION('center_axis',(-1.,0.,0.));
#3708=DIRECTION('ref_axis',(0.,0.,-1.));
#3709=DIRECTION('',(0.,0.,-1.));
#3710=DIRECTION('',(0.,0.,-1.));
#3711=DIRECTION('center_axis',(0.,0.,-1.));
#3712=DIRECTION('ref_axis',(1.,0.,0.));
#3713=DIRECTION('',(1.,0.,0.));
#3714=DIRECTION('',(0.,-1.,0.));
#3715=DIRECTION('',(1.,0.,0.));
#3716=DIRECTION('',(0.,-1.,0.));
#3717=DIRECTION('',(0.,-1.,0.));
#3718=DIRECTION('',(0.,-1.,0.));
#3719=DIRECTION('',(0.,-1.,0.));
#3720=DIRECTION('',(0.,-1.,0.));
#3721=DIRECTION('',(0.,-1.,0.));
#3722=DIRECTION('',(0.,-1.,0.));
#3723=DIRECTION('',(0.,-1.,0.));
#3724=DIRECTION('center_axis',(0.,0.,1.));
#3725=DIRECTION('ref_axis',(-1.,0.,0.));
#3726=DIRECTION('',(-1.,0.,0.));
#3727=DIRECTION('',(0.,-1.,0.));
#3728=DIRECTION('',(-1.,0.,0.));
#3729=DIRECTION('center_axis',(-1.,0.,0.));
#3730=DIRECTION('ref_axis',(0.,0.,-1.));
#3731=DIRECTION('',(0.,0.,-1.));
#3732=DIRECTION('',(0.,0.,-1.));
#3733=DIRECTION('',(0.,-1.,0.));
#3734=DIRECTION('',(0.,-1.,0.));
#3735=DIRECTION('',(0.,-1.,0.));
#3736=DIRECTION('',(0.,-1.,0.));
#3737=DIRECTION('',(0.,-1.,0.));
#3738=DIRECTION('',(0.,-1.,0.));
#3739=DIRECTION('',(0.,-1.,0.));
#3740=DIRECTION('',(0.,-1.,0.));
#3741=DIRECTION('',(0.,-1.,0.));
#3742=DIRECTION('',(0.,-1.,0.));
#3743=DIRECTION('',(0.,-1.,0.));
#3744=DIRECTION('',(0.,-1.,0.));
#3745=DIRECTION('center_axis',(0.,0.,1.));
#3746=DIRECTION('ref_axis',(-1.,0.,0.));
#3747=DIRECTION('',(-1.,0.,0.));
#3748=DIRECTION('',(0.,-1.,0.));
#3749=DIRECTION('',(-1.,0.,0.));
#3750=DIRECTION('center_axis',(1.,0.,0.));
#3751=DIRECTION('ref_axis',(0.,0.,1.));
#3752=DIRECTION('',(0.,0.,1.));
#3753=DIRECTION('',(0.,-1.,0.));
#3754=DIRECTION('',(0.,0.,1.));
#3755=DIRECTION('center_axis',(0.,0.,-1.));
#3756=DIRECTION('ref_axis',(1.,0.,0.));
#3757=DIRECTION('',(1.,0.,0.));
#3758=DIRECTION('',(1.,0.,0.));
#3759=DIRECTION('center_axis',(0.,1.,0.));
#3760=DIRECTION('ref_axis',(-1.,0.,0.));
#3761=DIRECTION('',(0.,-1.,0.));
#3762=DIRECTION('',(0.,-1.,0.));
#3763=DIRECTION('',(0.,-1.,0.));
#3764=DIRECTION('',(0.,-1.,0.));
#3765=DIRECTION('',(0.,-1.,0.));
#3766=DIRECTION('',(0.,-1.,0.));
#3767=DIRECTION('center_axis',(-1.,0.,0.));
#3768=DIRECTION('ref_axis',(0.,0.,-1.));
#3769=DIRECTION('',(0.,0.,-1.));
#3770=DIRECTION('',(0.,-1.,0.));
#3771=DIRECTION('',(0.,0.,-1.));
#3772=DIRECTION('center_axis',(0.,0.,1.));
#3773=DIRECTION('ref_axis',(-1.,0.,0.));
#3774=DIRECTION('',(-1.,0.,0.));
#3775=DIRECTION('',(0.,-1.,0.));
#3776=DIRECTION('',(-1.,0.,0.));
#3777=DIRECTION('center_axis',(1.,0.,0.));
#3778=DIRECTION('ref_axis',(0.,0.,1.));
#3779=DIRECTION('',(0.,0.,1.));
#3780=DIRECTION('',(0.,-1.,0.));
#3781=DIRECTION('',(0.,0.,1.));
#3782=DIRECTION('',(0.,-1.,0.));
#3783=DIRECTION('',(0.,-1.,0.));
#3784=DIRECTION('',(0.,-1.,0.));
#3785=DIRECTION('',(0.,-1.,0.));
#3786=DIRECTION('',(0.,-1.,0.));
#3787=DIRECTION('',(0.,-1.,0.));
#3788=DIRECTION('center_axis',(-1.,0.,0.));
#3789=DIRECTION('ref_axis',(0.,0.,-1.));
#3790=DIRECTION('',(0.,0.,-1.));
#3791=DIRECTION('',(0.,-1.,0.));
#3792=DIRECTION('',(0.,0.,-1.));
#3793=DIRECTION('center_axis',(0.,0.,1.));
#3794=DIRECTION('ref_axis',(-1.,0.,0.));
#3795=DIRECTION('',(-1.,0.,0.));
#3796=DIRECTION('',(0.,-1.,0.));
#3797=DIRECTION('',(-1.,0.,0.));
#3798=DIRECTION('center_axis',(1.,0.,0.));
#3799=DIRECTION('ref_axis',(0.,0.,1.));
#3800=DIRECTION('',(0.,0.,1.));
#3801=DIRECTION('',(0.,0.,1.));
#3802=DIRECTION('center_axis',(0.,1.,0.));
#3803=DIRECTION('ref_axis',(-1.,0.,0.));
#3804=DIRECTION('center_axis',(0.,1.,0.));
#3805=DIRECTION('ref_axis',(1.,0.,0.));
#3806=DIRECTION('center_axis',(0.,1.,0.));
#3807=DIRECTION('ref_axis',(1.,0.,0.));
#3808=DIRECTION('center_axis',(0.,1.,0.));
#3809=DIRECTION('ref_axis',(1.,0.,0.));
#3810=DIRECTION('center_axis',(0.,1.,0.));
#3811=DIRECTION('ref_axis',(1.,0.,0.));
#3812=DIRECTION('center_axis',(0.,-1.,0.));
#3813=DIRECTION('ref_axis',(0.,0.,-1.));
#3814=DIRECTION('center_axis',(0.,1.,0.));
#3815=DIRECTION('ref_axis',(0.,0.,-1.));
#3816=DIRECTION('',(-1.04972719113862E-16,0.515038074910054,-0.857167300702112));
#3817=DIRECTION('center_axis',(0.,1.,0.));
#3818=DIRECTION('ref_axis',(0.,0.,-1.));
#3819=DIRECTION('center_axis',(0.,1.,0.));
#3820=DIRECTION('ref_axis',(0.,0.,-1.));
#3821=DIRECTION('',(0.,1.,0.));
#3822=DIRECTION('center_axis',(0.,-1.,0.));
#3823=DIRECTION('ref_axis',(0.,0.,-1.));
#3824=DIRECTION('center_axis',(0.,1.,0.));
#3825=DIRECTION('ref_axis',(0.,0.,-1.));
#3826=DIRECTION('',(-1.04972719113862E-16,0.515038074910054,-0.857167300702112));
#3827=DIRECTION('center_axis',(0.,1.,0.));
#3828=DIRECTION('ref_axis',(0.,0.,-1.));
#3829=DIRECTION('center_axis',(0.,1.,0.));
#3830=DIRECTION('ref_axis',(0.,0.,-1.));
#3831=DIRECTION('',(0.,1.,0.));
#3832=DIRECTION('center_axis',(0.,-1.,0.));
#3833=DIRECTION('ref_axis',(0.,0.,-1.));
#3834=DIRECTION('center_axis',(0.,1.,0.));
#3835=DIRECTION('ref_axis',(0.,0.,-1.));
#3836=DIRECTION('',(-1.04972719113862E-16,0.515038074910054,-0.857167300702112));
#3837=DIRECTION('center_axis',(0.,1.,0.));
#3838=DIRECTION('ref_axis',(0.,0.,-1.));
#3839=DIRECTION('center_axis',(0.,1.,0.));
#3840=DIRECTION('ref_axis',(0.,0.,-1.));
#3841=DIRECTION('',(0.,1.,0.));
#3842=DIRECTION('center_axis',(0.,-1.,0.));
#3843=DIRECTION('ref_axis',(0.,0.,-1.));
#3844=DIRECTION('center_axis',(0.,1.,0.));
#3845=DIRECTION('ref_axis',(0.,0.,-1.));
#3846=DIRECTION('',(-1.04972719113862E-16,0.515038074910054,-0.857167300702112));
#3847=DIRECTION('center_axis',(0.,1.,0.));
#3848=DIRECTION('ref_axis',(0.,0.,-1.));
#3849=DIRECTION('center_axis',(0.,1.,0.));
#3850=DIRECTION('ref_axis',(0.,0.,-1.));
#3851=DIRECTION('',(0.,1.,0.));
#3852=DIRECTION('center_axis',(0.,1.,0.));
#3853=DIRECTION('ref_axis',(1.,0.,0.));
#3854=DIRECTION('center_axis',(0.,1.,0.));
#3855=DIRECTION('ref_axis',(-1.,0.,-8.88178419700126E-16));
#3856=DIRECTION('',(1.,0.,0.));
#3857=DIRECTION('center_axis',(0.,1.,0.));
#3858=DIRECTION('ref_axis',(-1.77635683940025E-15,0.,1.));
#3859=DIRECTION('',(0.,0.,-1.));
#3860=DIRECTION('center_axis',(0.,1.,0.));
#3861=DIRECTION('ref_axis',(1.,0.,1.22124532708767E-15));
#3862=DIRECTION('',(-1.,0.,0.));
#3863=DIRECTION('center_axis',(0.,1.,0.));
#3864=DIRECTION('ref_axis',(8.88178419700126E-16,0.,-1.));
#3865=DIRECTION('',(-2.92163953848725E-17,0.,1.));
#3866=DIRECTION('center_axis',(-1.,0.,-2.92163953848725E-17));
#3867=DIRECTION('ref_axis',(-2.92163953848725E-17,0.,1.));
#3868=DIRECTION('',(2.92163953848725E-17,0.,-1.));
#3869=DIRECTION('',(0.,1.,0.));
#3870=DIRECTION('',(0.,1.,0.));
#3871=DIRECTION('center_axis',(0.,1.,0.));
#3872=DIRECTION('ref_axis',(8.88178419700126E-16,0.,-1.));
#3873=DIRECTION('center_axis',(0.,1.,0.));
#3874=DIRECTION('ref_axis',(8.88178419700126E-16,0.,-1.));
#3875=DIRECTION('',(0.,1.,0.));
#3876=DIRECTION('center_axis',(0.,0.,-1.));
#3877=DIRECTION('ref_axis',(-1.,0.,0.));
#3878=DIRECTION('',(1.,0.,0.));
#3879=DIRECTION('',(0.,1.,0.));
#3880=DIRECTION('center_axis',(0.,1.,0.));
#3881=DIRECTION('ref_axis',(1.,0.,1.22124532708767E-15));
#3882=DIRECTION('center_axis',(0.,1.,0.));
#3883=DIRECTION('ref_axis',(1.,0.,1.22124532708767E-15));
#3884=DIRECTION('',(0.,1.,0.));
#3885=DIRECTION('center_axis',(1.,0.,0.));
#3886=DIRECTION('ref_axis',(0.,0.,-1.));
#3887=DIRECTION('',(0.,0.,1.));
#3888=DIRECTION('',(0.,1.,0.));
#3889=DIRECTION('center_axis',(0.,1.,0.));
#3890=DIRECTION('ref_axis',(-1.77635683940025E-15,0.,1.));
#3891=DIRECTION('center_axis',(0.,1.,0.));
#3892=DIRECTION('ref_axis',(-1.77635683940025E-15,0.,1.));
#3893=DIRECTION('',(0.,1.,0.));
#3894=DIRECTION('center_axis',(0.,0.,1.));
#3895=DIRECTION('ref_axis',(1.,0.,0.));
#3896=DIRECTION('',(-1.,0.,0.));
#3897=DIRECTION('',(0.,1.,0.));
#3898=DIRECTION('center_axis',(0.,1.,0.));
#3899=DIRECTION('ref_axis',(-1.,0.,-8.88178419700126E-16));
#3900=DIRECTION('center_axis',(0.,1.,0.));
#3901=DIRECTION('ref_axis',(-1.,0.,-8.88178419700126E-16));
#3902=DIRECTION('center_axis',(0.,1.,0.));
#3903=DIRECTION('ref_axis',(1.,0.,0.));
#3904=CARTESIAN_POINT('',(0.,0.,0.));
#3905=CARTESIAN_POINT('Ctrl Pts',(59.8582458394662,3.,32.8980611148125));
#3906=CARTESIAN_POINT('Ctrl Pts',(59.8582458394662,2.8,32.8980611148125));
#3907=CARTESIAN_POINT('Ctrl Pts',(59.9302827120049,3.,32.9347387102315));
#3908=CARTESIAN_POINT('Ctrl Pts',(59.9302827120049,2.8,32.9347387102315));
#3909=CARTESIAN_POINT('Ctrl Pts',(60.0724740023087,3.,33.0071354486527));
#3910=CARTESIAN_POINT('Ctrl Pts',(60.0724740023087,2.8,33.0071354486527));
#3911=CARTESIAN_POINT('Ctrl Pts',(60.1699671351316,3.,33.1333619745848));
#3912=CARTESIAN_POINT('Ctrl Pts',(60.1699671351316,2.8,33.1333619745848));
#3913=CARTESIAN_POINT('Ctrl Pts',(60.2180683511392,3.,33.1956396880394));
#3914=CARTESIAN_POINT('Ctrl Pts',(60.2180683511392,2.8,33.1956396880394));
#3915=CARTESIAN_POINT('',(59.8582458394662,3.,32.8980611148125));
#3916=CARTESIAN_POINT('',(60.2180683511392,3.,33.1956396880394));
#3917=CARTESIAN_POINT('Ctrl Pts',(59.8582458394662,3.,32.8980611148125));
#3918=CARTESIAN_POINT('Ctrl Pts',(59.9302827120049,3.,32.9347387102315));
#3919=CARTESIAN_POINT('Ctrl Pts',(60.0724740023087,3.,33.0071354486527));
#3920=CARTESIAN_POINT('Ctrl Pts',(60.1699671351316,3.,33.1333619745848));
#3921=CARTESIAN_POINT('Ctrl Pts',(60.2180683511392,3.,33.1956396880394));
#3922=CARTESIAN_POINT('',(59.8582458394662,2.8,32.8980611148125));
#3923=CARTESIAN_POINT('',(59.8582458394662,3.,32.8980611148125));
#3924=CARTESIAN_POINT('',(60.2180683511392,2.8,33.1956396880394));
#3925=CARTESIAN_POINT('Ctrl Pts',(59.8582458394662,2.8,32.8980611148125));
#3926=CARTESIAN_POINT('Ctrl Pts',(59.9302827120049,2.8,32.9347387102315));
#3927=CARTESIAN_POINT('Ctrl Pts',(60.0724740023087,2.8,33.0071354486527));
#3928=CARTESIAN_POINT('Ctrl Pts',(60.1699671351316,2.8,33.1333619745848));
#3929=CARTESIAN_POINT('Ctrl Pts',(60.2180683511392,2.8,33.1956396880394));
#3930=CARTESIAN_POINT('',(60.2180683511392,3.,33.1956396880394));
#3931=CARTESIAN_POINT('Ctrl Pts',(59.2895212668077,3.,32.7991525712258));
#3932=CARTESIAN_POINT('Ctrl Pts',(59.2895212668077,2.8,32.7991525712258));
#3933=CARTESIAN_POINT('Ctrl Pts',(59.3944905862258,3.,32.8018167155551));
#3934=CARTESIAN_POINT('Ctrl Pts',(59.3944905862258,2.8,32.8018167155551));
#3935=CARTESIAN_POINT('Ctrl Pts',(59.589169694207,3.,32.8067577139769));
#3936=CARTESIAN_POINT('Ctrl Pts',(59.589169694207,2.8,32.8067577139769));
#3937=CARTESIAN_POINT('Ctrl Pts',(59.7733664212052,3.,32.8692596781756));
#3938=CARTESIAN_POINT('Ctrl Pts',(59.7733664212052,2.8,32.8692596781756));
#3939=CARTESIAN_POINT('Ctrl Pts',(59.8582458394662,3.,32.8980611148125));
#3940=CARTESIAN_POINT('Ctrl Pts',(59.8582458394662,2.8,32.8980611148125));
#3941=CARTESIAN_POINT('',(59.2895212668077,3.,32.7991525712258));
#3942=CARTESIAN_POINT('Ctrl Pts',(59.2895212668077,3.,32.7991525712258));
#3943=CARTESIAN_POINT('Ctrl Pts',(59.3944905862258,3.,32.8018167155551));
#3944=CARTESIAN_POINT('Ctrl Pts',(59.589169694207,3.,32.8067577139769));
#3945=CARTESIAN_POINT('Ctrl Pts',(59.7733664212052,3.,32.8692596781756));
#3946=CARTESIAN_POINT('Ctrl Pts',(59.8582458394662,3.,32.8980611148125));
#3947=CARTESIAN_POINT('',(59.2895212668077,2.8,32.7991525712258));
#3948=CARTESIAN_POINT('',(59.2895212668077,3.,32.7991525712258));
#3949=CARTESIAN_POINT('Ctrl Pts',(59.2895212668077,2.8,32.7991525712258));
#3950=CARTESIAN_POINT('Ctrl Pts',(59.3944905862258,2.8,32.8018167155551));
#3951=CARTESIAN_POINT('Ctrl Pts',(59.589169694207,2.8,32.8067577139769));
#3952=CARTESIAN_POINT('Ctrl Pts',(59.7733664212052,2.8,32.8692596781756));
#3953=CARTESIAN_POINT('Ctrl Pts',(59.8582458394662,2.8,32.8980611148125));
#3954=CARTESIAN_POINT('Ctrl Pts',(58.8077685135499,3.,32.897208470369));
#3955=CARTESIAN_POINT('Ctrl Pts',(58.8077685135499,2.8,32.897208470369));
#3956=CARTESIAN_POINT('Ctrl Pts',(58.8827390598508,3.,32.868617686166));
#3957=CARTESIAN_POINT('Ctrl Pts',(58.8827390598508,2.8,32.868617686166));
#3958=CARTESIAN_POINT('Ctrl Pts',(59.0378373154246,3.,32.8094693809425));
#3959=CARTESIAN_POINT('Ctrl Pts',(59.0378373154246,2.8,32.8094693809425));
#3960=CARTESIAN_POINT('Ctrl Pts',(59.2037872854496,3.,32.802666904051));
#3961=CARTESIAN_POINT('Ctrl Pts',(59.2037872854496,2.8,32.802666904051));
#3962=CARTESIAN_POINT('Ctrl Pts',(59.2895212668077,3.,32.7991525712258));
#3963=CARTESIAN_POINT('Ctrl Pts',(59.2895212668077,2.8,32.7991525712258));
#3964=CARTESIAN_POINT('',(58.8077685135499,3.,32.897208470369));
#3965=CARTESIAN_POINT('Ctrl Pts',(58.8077685135499,3.,32.897208470369));
#3966=CARTESIAN_POINT('Ctrl Pts',(58.8827390598508,3.,32.868617686166));
#3967=CARTESIAN_POINT('Ctrl Pts',(59.0378373154246,3.,32.8094693809425));
#3968=CARTESIAN_POINT('Ctrl Pts',(59.2037872854496,3.,32.802666904051));
#3969=CARTESIAN_POINT('Ctrl Pts',(59.2895212668077,3.,32.7991525712258));
#3970=CARTESIAN_POINT('',(58.8077685135499,2.8,32.897208470369));
#3971=CARTESIAN_POINT('',(58.8077685135499,3.,32.897208470369));
#3972=CARTESIAN_POINT('Ctrl Pts',(58.8077685135499,2.8,32.897208470369));
#3973=CARTESIAN_POINT('Ctrl Pts',(58.8827390598508,2.8,32.868617686166));
#3974=CARTESIAN_POINT('Ctrl Pts',(59.0378373154246,2.8,32.8094693809425));
#3975=CARTESIAN_POINT('Ctrl Pts',(59.2037872854496,2.8,32.802666904051));
#3976=CARTESIAN_POINT('Ctrl Pts',(59.2895212668077,2.8,32.7991525712258));
#3977=CARTESIAN_POINT('Ctrl Pts',(58.4794941443101,3.,33.1717650475746));
#3978=CARTESIAN_POINT('Ctrl Pts',(58.4794941443101,2.8,33.1717650475746));
#3979=CARTESIAN_POINT('Ctrl Pts',(58.5227506544417,3.,33.1157444381798));
#3980=CARTESIAN_POINT('Ctrl Pts',(58.5227506544417,2.8,33.1157444381798));
#3981=CARTESIAN_POINT('Ctrl Pts',(58.6119372769833,3.,33.0002406925136));
#3982=CARTESIAN_POINT('Ctrl Pts',(58.6119372769833,2.8,33.0002406925136));
#3983=CARTESIAN_POINT('Ctrl Pts',(58.7411997742141,3.,32.9322321226697));
#3984=CARTESIAN_POINT('Ctrl Pts',(58.7411997742141,2.8,32.9322321226697));
#3985=CARTESIAN_POINT('Ctrl Pts',(58.8077685135499,3.,32.897208470369));
#3986=CARTESIAN_POINT('Ctrl Pts',(58.8077685135499,2.8,32.897208470369));
#3987=CARTESIAN_POINT('',(58.4794941443101,3.,33.1717650475746));
#3988=CARTESIAN_POINT('Ctrl Pts',(58.4794941443101,3.,33.1717650475746));
#3989=CARTESIAN_POINT('Ctrl Pts',(58.5227506544417,3.,33.1157444381798));
#3990=CARTESIAN_POINT('Ctrl Pts',(58.6119372769833,3.,33.0002406925136));
#3991=CARTESIAN_POINT('Ctrl Pts',(58.7411997742141,3.,32.9322321226697));
#3992=CARTESIAN_POINT('Ctrl Pts',(58.8077685135499,3.,32.897208470369));
#3993=CARTESIAN_POINT('',(58.4794941443101,2.8,33.1717650475746));
#3994=CARTESIAN_POINT('',(58.4794941443101,3.,33.1717650475746));
#3995=CARTESIAN_POINT('Ctrl Pts',(58.4794941443101,2.8,33.1717650475746));
#3996=CARTESIAN_POINT('Ctrl Pts',(58.5227506544417,2.8,33.1157444381798));
#3997=CARTESIAN_POINT('Ctrl Pts',(58.6119372769833,2.8,33.0002406925136));
#3998=CARTESIAN_POINT('Ctrl Pts',(58.7411997742141,2.8,32.9322321226697));
#3999=CARTESIAN_POINT('Ctrl Pts',(58.8077685135499,2.8,32.897208470369));
#4000=CARTESIAN_POINT('Ctrl Pts',(58.365237702717,3.,33.5477883997208));
#4001=CARTESIAN_POINT('Ctrl Pts',(58.365237702717,2.8,33.5477883997208));
#4002=CARTESIAN_POINT('Ctrl Pts',(58.370258205277,3.,33.4818418210282));
#4003=CARTESIAN_POINT('Ctrl Pts',(58.370258205277,2.8,33.4818418210282));
#4004=CARTESIAN_POINT('Ctrl Pts',(58.3804410889696,3.,33.3480850242284));
#4005=CARTESIAN_POINT('Ctrl Pts',(58.3804410889696,2.8,33.3480850242284));
#4006=CARTESIAN_POINT('Ctrl Pts',(58.4461711857401,3.,33.2310817769465));
#4007=CARTESIAN_POINT('Ctrl Pts',(58.4461711857401,2.8,33.2310817769465));
#4008=CARTESIAN_POINT('Ctrl Pts',(58.4794941443101,3.,33.1717650475746));
#4009=CARTESIAN_POINT('Ctrl Pts',(58.4794941443101,2.8,33.1717650475746));
#4010=CARTESIAN_POINT('',(58.365237702717,3.,33.5477883997208));
#4011=CARTESIAN_POINT('Ctrl Pts',(58.365237702717,3.,33.5477883997208));
#4012=CARTESIAN_POINT('Ctrl Pts',(58.370258205277,3.,33.4818418210282));
#4013=CARTESIAN_POINT('Ctrl Pts',(58.3804410889696,3.,33.3480850242284));
#4014=CARTESIAN_POINT('Ctrl Pts',(58.4461711857401,3.,33.2310817769465));
#4015=CARTESIAN_POINT('Ctrl Pts',(58.4794941443101,3.,33.1717650475746));
#4016=CARTESIAN_POINT('',(58.365237702717,2.8,33.5477883997208));
#4017=CARTESIAN_POINT('',(58.365237702717,3.,33.5477883997208));
#4018=CARTESIAN_POINT('Ctrl Pts',(58.365237702717,2.8,33.5477883997208));
#4019=CARTESIAN_POINT('Ctrl Pts',(58.370258205277,2.8,33.4818418210282));
#4020=CARTESIAN_POINT('Ctrl Pts',(58.3804410889696,2.8,33.3480850242284));
#4021=CARTESIAN_POINT('Ctrl Pts',(58.4461711857401,2.8,33.2310817769465));
#4022=CARTESIAN_POINT('Ctrl Pts',(58.4794941443101,2.8,33.1717650475746));
#4023=CARTESIAN_POINT('Ctrl Pts',(58.469262410988,3.,33.9033476891762));
#4024=CARTESIAN_POINT('Ctrl Pts',(58.469262410988,2.8,33.9033476891762));
#4025=CARTESIAN_POINT('Ctrl Pts',(58.4389255221174,3.,33.8492778131082));
#4026=CARTESIAN_POINT('Ctrl Pts',(58.4389255221174,2.8,33.8492778131082));
#4027=CARTESIAN_POINT('Ctrl Pts',(58.3769604326145,3.,33.7388365373314));
#4028=CARTESIAN_POINT('Ctrl Pts',(58.3769604326145,2.8,33.7388365373314));
#4029=CARTESIAN_POINT('Ctrl Pts',(58.3691991923988,3.,33.6123497461383));
#4030=CARTESIAN_POINT('Ctrl Pts',(58.3691991923988,2.8,33.6123497461383));
#4031=CARTESIAN_POINT('Ctrl Pts',(58.365237702717,3.,33.5477883997208));
#4032=CARTESIAN_POINT('Ctrl Pts',(58.365237702717,2.8,33.5477883997208));
#4033=CARTESIAN_POINT('',(58.469262410988,3.,33.9033476891762));
#4034=CARTESIAN_POINT('Ctrl Pts',(58.469262410988,3.,33.9033476891762));
#4035=CARTESIAN_POINT('Ctrl Pts',(58.4389255221174,3.,33.8492778131082));
#4036=CARTESIAN_POINT('Ctrl Pts',(58.3769604326145,3.,33.7388365373314));
#4037=CARTESIAN_POINT('Ctrl Pts',(58.3691991923988,3.,33.6123497461383));
#4038=CARTESIAN_POINT('Ctrl Pts',(58.365237702717,3.,33.5477883997208));
#4039=CARTESIAN_POINT('',(58.469262410988,2.8,33.9033476891762));
#4040=CARTESIAN_POINT('',(58.469262410988,3.,33.9033476891762));
#4041=CARTESIAN_POINT('Ctrl Pts',(58.469262410988,2.8,33.9033476891762));
#4042=CARTESIAN_POINT('Ctrl Pts',(58.4389255221174,2.8,33.8492778131082));
#4043=CARTESIAN_POINT('Ctrl Pts',(58.3769604326145,2.8,33.7388365373314));
#4044=CARTESIAN_POINT('Ctrl Pts',(58.3691991923988,2.8,33.6123497461383));
#4045=CARTESIAN_POINT('Ctrl Pts',(58.365237702717,2.8,33.5477883997208));
#4046=CARTESIAN_POINT('Ctrl Pts',(58.7915679711,3.,34.1582931461579));
#4047=CARTESIAN_POINT('Ctrl Pts',(58.7915679711,2.8,34.1582931461579));
#4048=CARTESIAN_POINT('Ctrl Pts',(58.7249475495629,3.,34.124472942071));
#4049=CARTESIAN_POINT('Ctrl Pts',(58.7249475495629,2.8,34.124472942071));
#4050=CARTESIAN_POINT('Ctrl Pts',(58.6000974257823,3.,34.0610921262626));
#4051=CARTESIAN_POINT('Ctrl Pts',(58.6000974257823,2.8,34.0610921262626));
#4052=CARTESIAN_POINT('Ctrl Pts',(58.5108753189743,3.,33.9535193099472));
#4053=CARTESIAN_POINT('Ctrl Pts',(58.5108753189743,2.8,33.9535193099472));
#4054=CARTESIAN_POINT('Ctrl Pts',(58.469262410988,3.,33.9033476891762));
#4055=CARTESIAN_POINT('Ctrl Pts',(58.469262410988,2.8,33.9033476891762));
#4056=CARTESIAN_POINT('',(58.7915679711,3.,34.1582931461579));
#4057=CARTESIAN_POINT('Ctrl Pts',(58.7915679711,3.,34.1582931461579));
#4058=CARTESIAN_POINT('Ctrl Pts',(58.7249475495629,3.,34.124472942071));
#4059=CARTESIAN_POINT('Ctrl Pts',(58.6000974257823,3.,34.0610921262626));
#4060=CARTESIAN_POINT('Ctrl Pts',(58.5108753189743,3.,33.9535193099472));
#4061=CARTESIAN_POINT('Ctrl Pts',(58.469262410988,3.,33.9033476891762));
#4062=CARTESIAN_POINT('',(58.7915679711,2.8,34.1582931461579));
#4063=CARTESIAN_POINT('',(58.7915679711,3.,34.1582931461579));
#4064=CARTESIAN_POINT('Ctrl Pts',(58.7915679711,2.8,34.1582931461579));
#4065=CARTESIAN_POINT('Ctrl Pts',(58.7249475495629,2.8,34.124472942071));
#4066=CARTESIAN_POINT('Ctrl Pts',(58.6000974257823,2.8,34.0610921262626));
#4067=CARTESIAN_POINT('Ctrl Pts',(58.5108753189743,2.8,33.9535193099472));
#4068=CARTESIAN_POINT('Ctrl Pts',(58.469262410988,2.8,33.9033476891762));
#4069=CARTESIAN_POINT('Ctrl Pts',(59.3449443477289,3.,34.3177406373268));
#4070=CARTESIAN_POINT('Ctrl Pts',(59.3449443477289,2.8,34.3177406373268));
#4071=CARTESIAN_POINT('Ctrl Pts',(59.2307238727608,3.,34.2922223118825));
#4072=CARTESIAN_POINT('Ctrl Pts',(59.2307238727608,2.8,34.2922223118825));
#4073=CARTESIAN_POINT('Ctrl Pts',(59.0429251171563,3.,34.2502656507418));
#4074=CARTESIAN_POINT('Ctrl Pts',(59.0429251171563,2.8,34.2502656507418));
#4075=CARTESIAN_POINT('Ctrl Pts',(58.8623256279259,3.,34.1841836331358));
#4076=CARTESIAN_POINT('Ctrl Pts',(58.8623256279259,2.8,34.1841836331358));
#4077=CARTESIAN_POINT('Ctrl Pts',(58.7915679711,3.,34.1582931461579));
#4078=CARTESIAN_POINT('Ctrl Pts',(58.7915679711,2.8,34.1582931461579));
#4079=CARTESIAN_POINT('',(59.3449443477289,3.,34.3177406373268));
#4080=CARTESIAN_POINT('Ctrl Pts',(59.3449443477289,3.,34.3177406373268));
#4081=CARTESIAN_POINT('Ctrl Pts',(59.2307238727608,3.,34.2922223118825));
#4082=CARTESIAN_POINT('Ctrl Pts',(59.0429251171563,3.,34.2502656507418));
#4083=CARTESIAN_POINT('Ctrl Pts',(58.8623256279259,3.,34.1841836331358));
#4084=CARTESIAN_POINT('Ctrl Pts',(58.7915679711,3.,34.1582931461579));
#4085=CARTESIAN_POINT('',(59.3449443477289,2.8,34.3177406373268));
#4086=CARTESIAN_POINT('',(59.3449443477289,3.,34.3177406373268));
#4087=CARTESIAN_POINT('Ctrl Pts',(59.3449443477289,2.8,34.3177406373268));
#4088=CARTESIAN_POINT('Ctrl Pts',(59.2307238727608,2.8,34.2922223118825));
#4089=CARTESIAN_POINT('Ctrl Pts',(59.0429251171563,2.8,34.2502656507418));
#4090=CARTESIAN_POINT('Ctrl Pts',(58.8623256279259,2.8,34.1841836331358));
#4091=CARTESIAN_POINT('Ctrl Pts',(58.7915679711,2.8,34.1582931461579));
#4092=CARTESIAN_POINT('Ctrl Pts',(59.8437505859033,3.,34.4959466042763));
#4093=CARTESIAN_POINT('Ctrl Pts',(59.8437505859033,2.8,34.4959466042763));
#4094=CARTESIAN_POINT('Ctrl Pts',(59.787126870011,3.,34.4643892899349));
#4095=CARTESIAN_POINT('Ctrl Pts',(59.787126870011,2.8,34.4643892899349));
#4096=CARTESIAN_POINT('Ctrl Pts',(59.6314867301306,3.,34.3776485181408));
#4097=CARTESIAN_POINT('Ctrl Pts',(59.6314867301306,2.8,34.3776485181408));
#4098=CARTESIAN_POINT('Ctrl Pts',(59.4563587232134,3.,34.3410342215832));
#4099=CARTESIAN_POINT('Ctrl Pts',(59.4563587232134,2.8,34.3410342215832));
#4100=CARTESIAN_POINT('Ctrl Pts',(59.3449443477289,3.,34.3177406373268));
#4101=CARTESIAN_POINT('Ctrl Pts',(59.3449443477289,2.8,34.3177406373268));
#4102=CARTESIAN_POINT('',(59.8437505859033,3.,34.4959466042763));
#4103=CARTESIAN_POINT('Ctrl Pts',(59.8437505859033,3.,34.4959466042763));
#4104=CARTESIAN_POINT('Ctrl Pts',(59.787126870011,3.,34.4643892899349));
#4105=CARTESIAN_POINT('Ctrl Pts',(59.6314867301306,3.,34.3776485181408));
#4106=CARTESIAN_POINT('Ctrl Pts',(59.4563587232134,3.,34.3410342215832));
#4107=CARTESIAN_POINT('Ctrl Pts',(59.3449443477289,3.,34.3177406373268));
#4108=CARTESIAN_POINT('',(59.8437505859033,2.8,34.4959466042763));
#4109=CARTESIAN_POINT('',(59.8437505859033,3.,34.4959466042763));
#4110=CARTESIAN_POINT('Ctrl Pts',(59.8437505859033,2.8,34.4959466042763));
#4111=CARTESIAN_POINT('Ctrl Pts',(59.787126870011,2.8,34.4643892899349));
#4112=CARTESIAN_POINT('Ctrl Pts',(59.6314867301306,2.8,34.3776485181408));
#4113=CARTESIAN_POINT('Ctrl Pts',(59.4563587232134,2.8,34.3410342215832));
#4114=CARTESIAN_POINT('Ctrl Pts',(59.3449443477289,2.8,34.3177406373268));
#4115=CARTESIAN_POINT('Ctrl Pts',(59.940953840603,3.,34.7176381829029));
#4116=CARTESIAN_POINT('Ctrl Pts',(59.940953840603,2.8,34.7176381829029));
#4117=CARTESIAN_POINT('Ctrl Pts',(59.9370555109352,3.,34.6748577576033));
#4118=CARTESIAN_POINT('Ctrl Pts',(59.9370555109352,2.8,34.6748577576033));
#4119=CARTESIAN_POINT('Ctrl Pts',(59.9293302418232,3.,34.5900803461684));
#4120=CARTESIAN_POINT('Ctrl Pts',(59.9293302418232,2.8,34.5900803461684));
#4121=CARTESIAN_POINT('Ctrl Pts',(59.8721008497737,3.,34.5271306093189));
#4122=CARTESIAN_POINT('Ctrl Pts',(59.8721008497737,2.8,34.5271306093189));
#4123=CARTESIAN_POINT('Ctrl Pts',(59.8437505859033,3.,34.4959466042763));
#4124=CARTESIAN_POINT('Ctrl Pts',(59.8437505859033,2.8,34.4959466042763));
#4125=CARTESIAN_POINT('',(59.940953840603,3.,34.7176381829029));
#4126=CARTESIAN_POINT('Ctrl Pts',(59.940953840603,3.,34.7176381829029));
#4127=CARTESIAN_POINT('Ctrl Pts',(59.9370555109352,3.,34.6748577576033));
#4128=CARTESIAN_POINT('Ctrl Pts',(59.9293302418232,3.,34.5900803461684));
#4129=CARTESIAN_POINT('Ctrl Pts',(59.8721008497737,3.,34.5271306093189));
#4130=CARTESIAN_POINT('Ctrl Pts',(59.8437505859033,3.,34.4959466042763));
#4131=CARTESIAN_POINT('',(59.940953840603,2.8,34.7176381829029));
#4132=CARTESIAN_POINT('',(59.940953840603,3.,34.7176381829029));
#4133=CARTESIAN_POINT('Ctrl Pts',(59.940953840603,2.8,34.7176381829029));
#4134=CARTESIAN_POINT('Ctrl Pts',(59.9370555109352,2.8,34.6748577576033));
#4135=CARTESIAN_POINT('Ctrl Pts',(59.9293302418232,2.8,34.5900803461684));
#4136=CARTESIAN_POINT('Ctrl Pts',(59.8721008497737,2.8,34.5271306093189));
#4137=CARTESIAN_POINT('Ctrl Pts',(59.8437505859033,2.8,34.4959466042763));
#4138=CARTESIAN_POINT('Ctrl Pts',(59.8036757010118,3.,34.9828155222183));
#4139=CARTESIAN_POINT('Ctrl Pts',(59.8036757010118,2.8,34.9828155222183));
#4140=CARTESIAN_POINT('Ctrl Pts',(59.8436994695682,3.,34.945275520605));
#4141=CARTESIAN_POINT('Ctrl Pts',(59.8436994695682,2.8,34.945275520605));
#4142=CARTESIAN_POINT('Ctrl Pts',(59.920935855728,3.,34.8728322158981));
#4143=CARTESIAN_POINT('Ctrl Pts',(59.920935855728,2.8,34.8728322158981));
#4144=CARTESIAN_POINT('Ctrl Pts',(59.9344450760716,3.,34.7680988773109));
#4145=CARTESIAN_POINT('Ctrl Pts',(59.9344450760716,2.8,34.7680988773109));
#4146=CARTESIAN_POINT('Ctrl Pts',(59.940953840603,3.,34.7176381829029));
#4147=CARTESIAN_POINT('Ctrl Pts',(59.940953840603,2.8,34.7176381829029));
#4148=CARTESIAN_POINT('',(59.8036757010118,3.,34.9828155222183));
#4149=CARTESIAN_POINT('Ctrl Pts',(59.8036757010118,3.,34.9828155222183));
#4150=CARTESIAN_POINT('Ctrl Pts',(59.8436994695682,3.,34.945275520605));
#4151=CARTESIAN_POINT('Ctrl Pts',(59.920935855728,3.,34.8728322158981));
#4152=CARTESIAN_POINT('Ctrl Pts',(59.9344450760716,3.,34.7680988773109));
#4153=CARTESIAN_POINT('Ctrl Pts',(59.940953840603,3.,34.7176381829029));
#4154=CARTESIAN_POINT('',(59.8036757010118,2.8,34.9828155222183));
#4155=CARTESIAN_POINT('',(59.8036757010118,3.,34.9828155222183));
#4156=CARTESIAN_POINT('Ctrl Pts',(59.8036757010118,2.8,34.9828155222183));
#4157=CARTESIAN_POINT('Ctrl Pts',(59.8436994695682,2.8,34.945275520605));
#4158=CARTESIAN_POINT('Ctrl Pts',(59.920935855728,2.8,34.8728322158981));
#4159=CARTESIAN_POINT('Ctrl Pts',(59.9344450760716,2.8,34.7680988773109));
#4160=CARTESIAN_POINT('Ctrl Pts',(59.940953840603,2.8,34.7176381829029));
#4161=CARTESIAN_POINT('Ctrl Pts',(59.3662607568399,3.,35.092808741594));
#4162=CARTESIAN_POINT('Ctrl Pts',(59.3662607568399,2.8,35.092808741594));
#4163=CARTESIAN_POINT('Ctrl Pts',(59.4548971692732,3.,35.0914622949612));
#4164=CARTESIAN_POINT('Ctrl Pts',(59.4548971692732,2.8,35.0914622949612));
#4165=CARTESIAN_POINT('Ctrl Pts',(59.6101891597603,3.,35.0891033053321));
#4166=CARTESIAN_POINT('Ctrl Pts',(59.6101891597603,2.8,35.0891033053321));
#4167=CARTESIAN_POINT('Ctrl Pts',(59.7455675751264,3.,35.014736005376));
#4168=CARTESIAN_POINT('Ctrl Pts',(59.7455675751264,2.8,35.014736005376));
#4169=CARTESIAN_POINT('Ctrl Pts',(59.8036757010118,3.,34.9828155222183));
#4170=CARTESIAN_POINT('Ctrl Pts',(59.8036757010118,2.8,34.9828155222183));
#4171=CARTESIAN_POINT('',(59.3662607568399,3.,35.092808741594));
#4172=CARTESIAN_POINT('Ctrl Pts',(59.3662607568399,3.,35.092808741594));
#4173=CARTESIAN_POINT('Ctrl Pts',(59.4548971692732,3.,35.0914622949612));
#4174=CARTESIAN_POINT('Ctrl Pts',(59.6101891597603,3.,35.0891033053321));
#4175=CARTESIAN_POINT('Ctrl Pts',(59.7455675751264,3.,35.014736005376));
#4176=CARTESIAN_POINT('Ctrl Pts',(59.8036757010118,3.,34.9828155222183));
#4177=CARTESIAN_POINT('',(59.3662607568399,2.8,35.092808741594));
#4178=CARTESIAN_POINT('',(59.3662607568399,3.,35.092808741594));
#4179=CARTESIAN_POINT('Ctrl Pts',(59.3662607568399,2.8,35.092808741594));
#4180=CARTESIAN_POINT('Ctrl Pts',(59.4548971692732,2.8,35.0914622949612));
#4181=CARTESIAN_POINT('Ctrl Pts',(59.6101891597603,2.8,35.0891033053321));
#4182=CARTESIAN_POINT('Ctrl Pts',(59.7455675751264,2.8,35.014736005376));
#4183=CARTESIAN_POINT('Ctrl Pts',(59.8036757010118,2.8,34.9828155222183));
#4184=CARTESIAN_POINT('Ctrl Pts',(58.9305513995782,3.,34.9717309954411));
#4185=CARTESIAN_POINT('Ctrl Pts',(58.9305513995782,2.8,34.9717309954411));
#4186=CARTESIAN_POINT('Ctrl Pts',(58.9899723760745,3.,35.0069339085783));
#4187=CARTESIAN_POINT('Ctrl Pts',(58.9899723760745,2.8,35.0069339085783));
#4188=CARTESIAN_POINT('Ctrl Pts',(59.1236175736624,3.,35.0861096569302));
#4189=CARTESIAN_POINT('Ctrl Pts',(59.1236175736624,2.8,35.0861096569302));
#4190=CARTESIAN_POINT('Ctrl Pts',(59.27961981952,3.,35.0904166901592));
#4191=CARTESIAN_POINT('Ctrl Pts',(59.27961981952,2.8,35.0904166901592));
#4192=CARTESIAN_POINT('Ctrl Pts',(59.3662607568399,3.,35.092808741594));
#4193=CARTESIAN_POINT('Ctrl Pts',(59.3662607568399,2.8,35.092808741594));
#4194=CARTESIAN_POINT('',(58.9305513995782,3.,34.9717309954411));
#4195=CARTESIAN_POINT('Ctrl Pts',(58.9305513995782,3.,34.9717309954411));
#4196=CARTESIAN_POINT('Ctrl Pts',(58.9899723760745,3.,35.0069339085783));
#4197=CARTESIAN_POINT('Ctrl Pts',(59.1236175736624,3.,35.0861096569302));
#4198=CARTESIAN_POINT('Ctrl Pts',(59.27961981952,3.,35.0904166901592));
#4199=CARTESIAN_POINT('Ctrl Pts',(59.3662607568399,3.,35.092808741594));
#4200=CARTESIAN_POINT('',(58.9305513995782,2.8,34.9717309954411));
#4201=CARTESIAN_POINT('',(58.9305513995782,3.,34.9717309954411));
#4202=CARTESIAN_POINT('Ctrl Pts',(58.9305513995782,2.8,34.9717309954411));
#4203=CARTESIAN_POINT('Ctrl Pts',(58.9899723760745,2.8,35.0069339085783));
#4204=CARTESIAN_POINT('Ctrl Pts',(59.1236175736624,2.8,35.0861096569302));
#4205=CARTESIAN_POINT('Ctrl Pts',(59.27961981952,2.8,35.0904166901592));
#4206=CARTESIAN_POINT('Ctrl Pts',(59.3662607568399,2.8,35.092808741594));
#4207=CARTESIAN_POINT('Ctrl Pts',(58.7574615973131,3.,34.6136136236435));
#4208=CARTESIAN_POINT('Ctrl Pts',(58.7574615973131,2.8,34.6136136236435));
#4209=CARTESIAN_POINT('Ctrl Pts',(58.7693839384502,3.,34.686338440643));
#4210=CARTESIAN_POINT('Ctrl Pts',(58.7693839384502,2.8,34.686338440643));
#4211=CARTESIAN_POINT('Ctrl Pts',(58.7918361723018,3.,34.8232943102407));
#4212=CARTESIAN_POINT('Ctrl Pts',(58.7918361723018,2.8,34.8232943102407));
#4213=CARTESIAN_POINT('Ctrl Pts',(58.8862650962633,3.,34.9243410138729));
#4214=CARTESIAN_POINT('Ctrl Pts',(58.8862650962633,2.8,34.9243410138729));
#4215=CARTESIAN_POINT('Ctrl Pts',(58.9305513995782,3.,34.9717309954411));
#4216=CARTESIAN_POINT('Ctrl Pts',(58.9305513995782,2.8,34.9717309954411));
#4217=CARTESIAN_POINT('',(58.7574615973131,3.,34.6136136236435));
#4218=CARTESIAN_POINT('Ctrl Pts',(58.7574615973131,3.,34.6136136236435));
#4219=CARTESIAN_POINT('Ctrl Pts',(58.7693839384502,3.,34.686338440643));
#4220=CARTESIAN_POINT('Ctrl Pts',(58.7918361723018,3.,34.8232943102407));
#4221=CARTESIAN_POINT('Ctrl Pts',(58.8862650962633,3.,34.9243410138729));
#4222=CARTESIAN_POINT('Ctrl Pts',(58.9305513995782,3.,34.9717309954411));
#4223=CARTESIAN_POINT('',(58.7574615973131,2.8,34.6136136236435));
#4224=CARTESIAN_POINT('',(58.7574615973131,3.,34.6136136236435));
#4225=CARTESIAN_POINT('Ctrl Pts',(58.7574615973131,2.8,34.6136136236435));
#4226=CARTESIAN_POINT('Ctrl Pts',(58.7693839384502,2.8,34.686338440643));
#4227=CARTESIAN_POINT('Ctrl Pts',(58.7918361723018,2.8,34.8232943102407));
#4228=CARTESIAN_POINT('Ctrl Pts',(58.8862650962633,2.8,34.9243410138729));
#4229=CARTESIAN_POINT('Ctrl Pts',(58.9305513995782,2.8,34.9717309954411));
#4230=CARTESIAN_POINT('Origin',(58.4402719038621,3.,34.6374881150967));
#4231=CARTESIAN_POINT('',(58.4402719038621,3.,34.6374881150967));
#4232=CARTESIAN_POINT('',(50.2288205766667,3.,35.2555543025455));
#4233=CARTESIAN_POINT('',(58.4402719038621,2.8,34.6374881150967));
#4234=CARTESIAN_POINT('',(58.4402719038621,3.,34.6374881150967));
#4235=CARTESIAN_POINT('',(58.4402719038621,2.8,34.6374881150967));
#4236=CARTESIAN_POINT('Ctrl Pts',(58.5630547898904,3.,35.0314171495682));
#4237=CARTESIAN_POINT('Ctrl Pts',(58.5630547898904,2.8,35.0314171495682));
#4238=CARTESIAN_POINT('Ctrl Pts',(58.5293560388147,3.,34.9709882264824));
#4239=CARTESIAN_POINT('Ctrl Pts',(58.5293560388147,2.8,34.9709882264824));
#4240=CARTESIAN_POINT('Ctrl Pts',(58.4609422366956,3.,34.8483079414783));
#4241=CARTESIAN_POINT('Ctrl Pts',(58.4609422366956,2.8,34.8483079414783));
#4242=CARTESIAN_POINT('Ctrl Pts',(58.4472299145196,3.,34.708453909919));
#4243=CARTESIAN_POINT('Ctrl Pts',(58.4472299145196,2.8,34.708453909919));
#4244=CARTESIAN_POINT('Ctrl Pts',(58.4402719038621,3.,34.6374881150967));
#4245=CARTESIAN_POINT('Ctrl Pts',(58.4402719038621,2.8,34.6374881150967));
#4246=CARTESIAN_POINT('',(58.5630547898904,3.,35.0314171495682));
#4247=CARTESIAN_POINT('Ctrl Pts',(58.5630547898904,3.,35.0314171495682));
#4248=CARTESIAN_POINT('Ctrl Pts',(58.5293560388147,3.,34.9709882264824));
#4249=CARTESIAN_POINT('Ctrl Pts',(58.4609422366956,3.,34.8483079414783));
#4250=CARTESIAN_POINT('Ctrl Pts',(58.4472299145196,3.,34.708453909919));
#4251=CARTESIAN_POINT('Ctrl Pts',(58.4402719038621,3.,34.6374881150967));
#4252=CARTESIAN_POINT('',(58.5630547898904,2.8,35.0314171495682));
#4253=CARTESIAN_POINT('',(58.5630547898904,3.,35.0314171495682));
#4254=CARTESIAN_POINT('Ctrl Pts',(58.5630547898904,2.8,35.0314171495682));
#4255=CARTESIAN_POINT('Ctrl Pts',(58.5293560388147,2.8,34.9709882264824));
#4256=CARTESIAN_POINT('Ctrl Pts',(58.4609422366956,2.8,34.8483079414783));
#4257=CARTESIAN_POINT('Ctrl Pts',(58.4472299145196,2.8,34.708453909919));
#4258=CARTESIAN_POINT('Ctrl Pts',(58.4402719038621,2.8,34.6374881150967));
#4259=CARTESIAN_POINT('Ctrl Pts',(58.88962357222,3.,35.2948891999966));
#4260=CARTESIAN_POINT('Ctrl Pts',(58.88962357222,2.8,35.2948891999966));
#4261=CARTESIAN_POINT('Ctrl Pts',(58.8234905424591,3.,35.2623546818797));
#4262=CARTESIAN_POINT('Ctrl Pts',(58.8234905424591,2.8,35.2623546818797));
#4263=CARTESIAN_POINT('Ctrl Pts',(58.6947209753986,3.,35.1990057648924));
#4264=CARTESIAN_POINT('Ctrl Pts',(58.6947209753986,2.8,35.1990057648924));
#4265=CARTESIAN_POINT('Ctrl Pts',(58.6061417852987,3.,35.0862595517467));
#4266=CARTESIAN_POINT('Ctrl Pts',(58.6061417852987,2.8,35.0862595517467));
#4267=CARTESIAN_POINT('Ctrl Pts',(58.5630547898904,3.,35.0314171495682));
#4268=CARTESIAN_POINT('Ctrl Pts',(58.5630547898904,2.8,35.0314171495682));
#4269=CARTESIAN_POINT('',(58.88962357222,3.,35.2948891999966));
#4270=CARTESIAN_POINT('Ctrl Pts',(58.88962357222,3.,35.2948891999966));
#4271=CARTESIAN_POINT('Ctrl Pts',(58.8234905424591,3.,35.2623546818797));
#4272=CARTESIAN_POINT('Ctrl Pts',(58.6947209753986,3.,35.1990057648924));
#4273=CARTESIAN_POINT('Ctrl Pts',(58.6061417852987,3.,35.0862595517467));
#4274=CARTESIAN_POINT('Ctrl Pts',(58.5630547898904,3.,35.0314171495682));
#4275=CARTESIAN_POINT('',(58.88962357222,2.8,35.2948891999966));
#4276=CARTESIAN_POINT('',(58.88962357222,3.,35.2948891999966));
#4277=CARTESIAN_POINT('Ctrl Pts',(58.88962357222,2.8,35.2948891999966));
#4278=CARTESIAN_POINT('Ctrl Pts',(58.8234905424591,2.8,35.2623546818797));
#4279=CARTESIAN_POINT('Ctrl Pts',(58.6947209753986,2.8,35.1990057648924));
#4280=CARTESIAN_POINT('Ctrl Pts',(58.6061417852987,2.8,35.0862595517467));
#4281=CARTESIAN_POINT('Ctrl Pts',(58.5630547898904,2.8,35.0314171495682));
#4282=CARTESIAN_POINT('Ctrl Pts',(59.3799033659593,3.,35.3844185056931));
#4283=CARTESIAN_POINT('Ctrl Pts',(59.3799033659593,2.8,35.3844185056931));
#4284=CARTESIAN_POINT('Ctrl Pts',(59.2918738828877,3.,35.3814615720339));
#4285=CARTESIAN_POINT('Ctrl Pts',(59.2918738828877,2.8,35.3814615720339));
#4286=CARTESIAN_POINT('Ctrl Pts',(59.1239068677645,3.,35.3758195154941));
#4287=CARTESIAN_POINT('Ctrl Pts',(59.1239068677645,2.8,35.3758195154941));
#4288=CARTESIAN_POINT('Ctrl Pts',(58.9651688926273,3.,35.3209854122797));
#4289=CARTESIAN_POINT('Ctrl Pts',(58.9651688926273,2.8,35.3209854122797));
#4290=CARTESIAN_POINT('Ctrl Pts',(58.88962357222,3.,35.2948891999966));
#4291=CARTESIAN_POINT('Ctrl Pts',(58.88962357222,2.8,35.2948891999966));
#4292=CARTESIAN_POINT('',(59.3799033659593,3.,35.3844185056931));
#4293=CARTESIAN_POINT('Ctrl Pts',(59.3799033659593,3.,35.3844185056931));
#4294=CARTESIAN_POINT('Ctrl Pts',(59.2918738828877,3.,35.3814615720339));
#4295=CARTESIAN_POINT('Ctrl Pts',(59.1239068677645,3.,35.3758195154941));
#4296=CARTESIAN_POINT('Ctrl Pts',(58.9651688926273,3.,35.3209854122797));
#4297=CARTESIAN_POINT('Ctrl Pts',(58.88962357222,3.,35.2948891999966));
#4298=CARTESIAN_POINT('',(59.3799033659593,2.8,35.3844185056931));
#4299=CARTESIAN_POINT('',(59.3799033659593,3.,35.3844185056931));
#4300=CARTESIAN_POINT('Ctrl Pts',(59.3799033659593,2.8,35.3844185056931));
#4301=CARTESIAN_POINT('Ctrl Pts',(59.2918738828877,2.8,35.3814615720339));
#4302=CARTESIAN_POINT('Ctrl Pts',(59.1239068677645,2.8,35.3758195154941));
#4303=CARTESIAN_POINT('Ctrl Pts',(58.9651688926273,2.8,35.3209854122797));
#4304=CARTESIAN_POINT('Ctrl Pts',(58.88962357222,2.8,35.2948891999966));
#4305=CARTESIAN_POINT('Ctrl Pts',(59.8386347192422,3.,35.2991525712258));
#4306=CARTESIAN_POINT('Ctrl Pts',(59.8386347192422,2.8,35.2991525712258));
#4307=CARTESIAN_POINT('Ctrl Pts',(59.76668702559,3.,35.3240149650537));
#4308=CARTESIAN_POINT('Ctrl Pts',(59.76668702559,2.8,35.3240149650537));
#4309=CARTESIAN_POINT('Ctrl Pts',(59.618110813978,3.,35.3753572680385));
#4310=CARTESIAN_POINT('Ctrl Pts',(59.618110813978,2.8,35.3753572680385));
#4311=CARTESIAN_POINT('Ctrl Pts',(59.4609562094913,3.,35.3813353146177));
#4312=CARTESIAN_POINT('Ctrl Pts',(59.4609562094913,2.8,35.3813353146177));
#4313=CARTESIAN_POINT('Ctrl Pts',(59.3799033659593,3.,35.3844185056931));
#4314=CARTESIAN_POINT('Ctrl Pts',(59.3799033659593,2.8,35.3844185056931));
#4315=CARTESIAN_POINT('',(59.8386347192422,3.,35.2991525712258));
#4316=CARTESIAN_POINT('Ctrl Pts',(59.8386347192422,3.,35.2991525712258));
#4317=CARTESIAN_POINT('Ctrl Pts',(59.76668702559,3.,35.3240149650537));
#4318=CARTESIAN_POINT('Ctrl Pts',(59.618110813978,3.,35.3753572680385));
#4319=CARTESIAN_POINT('Ctrl Pts',(59.4609562094913,3.,35.3813353146177));
#4320=CARTESIAN_POINT('Ctrl Pts',(59.3799033659593,3.,35.3844185056931));
#4321=CARTESIAN_POINT('',(59.8386347192422,2.8,35.2991525712258));
#4322=CARTESIAN_POINT('',(59.8386347192422,3.,35.2991525712258));
#4323=CARTESIAN_POINT('Ctrl Pts',(59.8386347192422,2.8,35.2991525712258));
#4324=CARTESIAN_POINT('Ctrl Pts',(59.76668702559,2.8,35.3240149650537));
#4325=CARTESIAN_POINT('Ctrl Pts',(59.618110813978,2.8,35.3753572680385));
#4326=CARTESIAN_POINT('Ctrl Pts',(59.4609562094913,2.8,35.3813353146177));
#4327=CARTESIAN_POINT('Ctrl Pts',(59.3799033659593,2.8,35.3844185056931));
#4328=CARTESIAN_POINT('Ctrl Pts',(60.1524135368959,3.,35.0493231299168));
#4329=CARTESIAN_POINT('Ctrl Pts',(60.1524135368959,2.8,35.0493231299168));
#4330=CARTESIAN_POINT('Ctrl Pts',(60.1113767087591,3.,35.1013184345899));
#4331=CARTESIAN_POINT('Ctrl Pts',(60.1113767087591,2.8,35.1013184345899));
#4332=CARTESIAN_POINT('Ctrl Pts',(60.0264076132889,3.,35.2089776813535));
#4333=CARTESIAN_POINT('Ctrl Pts',(60.0264076132889,2.8,35.2089776813535));
#4334=CARTESIAN_POINT('Ctrl Pts',(59.9026316297465,3.,35.2684190919012));
#4335=CARTESIAN_POINT('Ctrl Pts',(59.9026316297465,2.8,35.2684190919012));
#4336=CARTESIAN_POINT('Ctrl Pts',(59.8386347192422,3.,35.2991525712258));
#4337=CARTESIAN_POINT('Ctrl Pts',(59.8386347192422,2.8,35.2991525712258));
#4338=CARTESIAN_POINT('',(60.1524135368959,3.,35.0493231299168));
#4339=CARTESIAN_POINT('Ctrl Pts',(60.1524135368959,3.,35.0493231299168));
#4340=CARTESIAN_POINT('Ctrl Pts',(60.1113767087591,3.,35.1013184345899));
#4341=CARTESIAN_POINT('Ctrl Pts',(60.0264076132889,3.,35.2089776813535));
#4342=CARTESIAN_POINT('Ctrl Pts',(59.9026316297465,3.,35.2684190919012));
#4343=CARTESIAN_POINT('Ctrl Pts',(59.8386347192422,3.,35.2991525712258));
#4344=CARTESIAN_POINT('',(60.1524135368959,2.8,35.0493231299168));
#4345=CARTESIAN_POINT('',(60.1524135368959,3.,35.0493231299168));
#4346=CARTESIAN_POINT('Ctrl Pts',(60.1524135368959,2.8,35.0493231299168));
#4347=CARTESIAN_POINT('Ctrl Pts',(60.1113767087591,2.8,35.1013184345899));
#4348=CARTESIAN_POINT('Ctrl Pts',(60.0264076132889,2.8,35.2089776813535));
#4349=CARTESIAN_POINT('Ctrl Pts',(59.9026316297465,2.8,35.2684190919012));
#4350=CARTESIAN_POINT('Ctrl Pts',(59.8386347192422,2.8,35.2991525712258));
#4351=CARTESIAN_POINT('Ctrl Pts',(60.259848822941,3.,34.6954691293484));
#4352=CARTESIAN_POINT('Ctrl Pts',(60.259848822941,2.8,34.6954691293484));
#4353=CARTESIAN_POINT('Ctrl Pts',(60.255196174201,3.,34.7578040282347));
#4354=CARTESIAN_POINT('Ctrl Pts',(60.255196174201,2.8,34.7578040282347));
#4355=CARTESIAN_POINT('Ctrl Pts',(60.245796984362,3.,34.8837317698217));
#4356=CARTESIAN_POINT('Ctrl Pts',(60.245796984362,2.8,34.8837317698217));
#4357=CARTESIAN_POINT('Ctrl Pts',(60.1837479637492,3.,34.9937596387283));
#4358=CARTESIAN_POINT('Ctrl Pts',(60.1837479637492,2.8,34.9937596387283));
#4359=CARTESIAN_POINT('Ctrl Pts',(60.1524135368959,3.,35.0493231299168));
#4360=CARTESIAN_POINT('Ctrl Pts',(60.1524135368959,2.8,35.0493231299168));
#4361=CARTESIAN_POINT('',(60.259848822941,3.,34.6954691293484));
#4362=CARTESIAN_POINT('Ctrl Pts',(60.259848822941,3.,34.6954691293484));
#4363=CARTESIAN_POINT('Ctrl Pts',(60.255196174201,3.,34.7578040282347));
#4364=CARTESIAN_POINT('Ctrl Pts',(60.245796984362,3.,34.8837317698217));
#4365=CARTESIAN_POINT('Ctrl Pts',(60.1837479637492,3.,34.9937596387283));
#4366=CARTESIAN_POINT('Ctrl Pts',(60.1524135368959,3.,35.0493231299168));
#4367=CARTESIAN_POINT('',(60.259848822941,2.8,34.6954691293484));
#4368=CARTESIAN_POINT('',(60.259848822941,3.,34.6954691293484));
#4369=CARTESIAN_POINT('Ctrl Pts',(60.259848822941,2.8,34.6954691293484));
#4370=CARTESIAN_POINT('Ctrl Pts',(60.255196174201,2.8,34.7578040282347));
#4371=CARTESIAN_POINT('Ctrl Pts',(60.245796984362,2.8,34.8837317698217));
#4372=CARTESIAN_POINT('Ctrl Pts',(60.1837479637492,2.8,34.9937596387283));
#4373=CARTESIAN_POINT('Ctrl Pts',(60.1524135368959,2.8,35.0493231299168));
#4374=CARTESIAN_POINT('Ctrl Pts',(60.1720249551431,3.,34.3842480960137));
#4375=CARTESIAN_POINT('Ctrl Pts',(60.1720249551431,2.8,34.3842480960137));
#4376=CARTESIAN_POINT('Ctrl Pts',(60.1976391478936,3.,34.4323077462751));
#4377=CARTESIAN_POINT('Ctrl Pts',(60.1976391478936,2.8,34.4323077462751));
#4378=CARTESIAN_POINT('Ctrl Pts',(60.2495079322093,3.,34.5296286206038));
#4379=CARTESIAN_POINT('Ctrl Pts',(60.2495079322093,2.8,34.5296286206038));
#4380=CARTESIAN_POINT('Ctrl Pts',(60.2563736036546,3.,34.6397358130014));
#4381=CARTESIAN_POINT('Ctrl Pts',(60.2563736036546,2.8,34.6397358130014));
#4382=CARTESIAN_POINT('Ctrl Pts',(60.259848822941,3.,34.6954691293484));
#4383=CARTESIAN_POINT('Ctrl Pts',(60.259848822941,2.8,34.6954691293484));
#4384=CARTESIAN_POINT('',(60.1720249551431,3.,34.3842480960137));
#4385=CARTESIAN_POINT('Ctrl Pts',(60.1720249551431,3.,34.3842480960137));
#4386=CARTESIAN_POINT('Ctrl Pts',(60.1976391478936,3.,34.4323077462751));
#4387=CARTESIAN_POINT('Ctrl Pts',(60.2495079322093,3.,34.5296286206038));
#4388=CARTESIAN_POINT('Ctrl Pts',(60.2563736036546,3.,34.6397358130014));
#4389=CARTESIAN_POINT('Ctrl Pts',(60.259848822941,3.,34.6954691293484));
#4390=CARTESIAN_POINT('',(60.1720249551431,2.8,34.3842480960137));
#4391=CARTESIAN_POINT('',(60.1720249551431,3.,34.3842480960137));
#4392=CARTESIAN_POINT('Ctrl Pts',(60.1720249551431,2.8,34.3842480960137));
#4393=CARTESIAN_POINT('Ctrl Pts',(60.1976391478936,2.8,34.4323077462751));
#4394=CARTESIAN_POINT('Ctrl Pts',(60.2495079322093,2.8,34.5296286206038));
#4395=CARTESIAN_POINT('Ctrl Pts',(60.2563736036546,2.8,34.6397358130014));
#4396=CARTESIAN_POINT('Ctrl Pts',(60.259848822941,2.8,34.6954691293484));
#4397=CARTESIAN_POINT('Ctrl Pts',(59.9051421779291,3.,34.1514718415982));
#4398=CARTESIAN_POINT('Ctrl Pts',(59.9051421779291,2.8,34.1514718415982));
#4399=CARTESIAN_POINT('Ctrl Pts',(59.9601194553639,3.,34.1832319454707));
#4400=CARTESIAN_POINT('Ctrl Pts',(59.9601194553639,2.8,34.1832319454707));
#4401=CARTESIAN_POINT('Ctrl Pts',(60.0644229323281,3.,34.2434875531911));
#4402=CARTESIAN_POINT('Ctrl Pts',(60.0644229323281,2.8,34.2434875531911));
#4403=CARTESIAN_POINT('Ctrl Pts',(60.1374769500423,3.,34.3390538159787));
#4404=CARTESIAN_POINT('Ctrl Pts',(60.1374769500423,2.8,34.3390538159787));
#4405=CARTESIAN_POINT('Ctrl Pts',(60.1720249551431,3.,34.3842480960137));
#4406=CARTESIAN_POINT('Ctrl Pts',(60.1720249551431,2.8,34.3842480960137));
#4407=CARTESIAN_POINT('',(59.9051421779291,3.,34.1514718415982));
#4408=CARTESIAN_POINT('Ctrl Pts',(59.9051421779291,3.,34.1514718415982));
#4409=CARTESIAN_POINT('Ctrl Pts',(59.9601194553639,3.,34.1832319454707));
#4410=CARTESIAN_POINT('Ctrl Pts',(60.0644229323281,3.,34.2434875531911));
#4411=CARTESIAN_POINT('Ctrl Pts',(60.1374769500423,3.,34.3390538159787));
#4412=CARTESIAN_POINT('Ctrl Pts',(60.1720249551431,3.,34.3842480960137));
#4413=CARTESIAN_POINT('',(59.9051421779291,2.8,34.1514718415982));
#4414=CARTESIAN_POINT('',(59.9051421779291,3.,34.1514718415982));
#4415=CARTESIAN_POINT('Ctrl Pts',(59.9051421779291,2.8,34.1514718415982));
#4416=CARTESIAN_POINT('Ctrl Pts',(59.9601194553639,2.8,34.1832319454707));
#4417=CARTESIAN_POINT('Ctrl Pts',(60.0644229323281,2.8,34.2434875531911));
#4418=CARTESIAN_POINT('Ctrl Pts',(60.1374769500423,2.8,34.3390538159787));
#4419=CARTESIAN_POINT('Ctrl Pts',(60.1720249551431,2.8,34.3842480960137));
#4420=CARTESIAN_POINT('Ctrl Pts',(59.4225364822046,3.,33.9954349282032));
#4421=CARTESIAN_POINT('Ctrl Pts',(59.4225364822046,2.8,33.9954349282032));
#4422=CARTESIAN_POINT('Ctrl Pts',(59.5212411788611,3.,34.0190179433177));
#4423=CARTESIAN_POINT('Ctrl Pts',(59.5212411788611,2.8,34.0190179433177));
#4424=CARTESIAN_POINT('Ctrl Pts',(59.6863262747196,3.,34.0584608922623));
#4425=CARTESIAN_POINT('Ctrl Pts',(59.6863262747196,2.8,34.0584608922623));
#4426=CARTESIAN_POINT('Ctrl Pts',(59.8423894682736,3.,34.1247978704067));
#4427=CARTESIAN_POINT('Ctrl Pts',(59.8423894682736,2.8,34.1247978704067));
#4428=CARTESIAN_POINT('Ctrl Pts',(59.9051421779291,3.,34.1514718415982));
#4429=CARTESIAN_POINT('Ctrl Pts',(59.9051421779291,2.8,34.1514718415982));
#4430=CARTESIAN_POINT('',(59.4225364822046,3.,33.9954349282032));
#4431=CARTESIAN_POINT('Ctrl Pts',(59.4225364822046,3.,33.9954349282032));
#4432=CARTESIAN_POINT('Ctrl Pts',(59.5212411788611,3.,34.0190179433177));
#4433=CARTESIAN_POINT('Ctrl Pts',(59.6863262747196,3.,34.0584608922623));
#4434=CARTESIAN_POINT('Ctrl Pts',(59.8423894682736,3.,34.1247978704067));
#4435=CARTESIAN_POINT('Ctrl Pts',(59.9051421779291,3.,34.1514718415982));
#4436=CARTESIAN_POINT('',(59.4225364822046,2.8,33.9954349282032));
#4437=CARTESIAN_POINT('',(59.4225364822046,3.,33.9954349282032));
#4438=CARTESIAN_POINT('Ctrl Pts',(59.4225364822046,2.8,33.9954349282032));
#4439=CARTESIAN_POINT('Ctrl Pts',(59.5212411788611,2.8,34.0190179433177));
#4440=CARTESIAN_POINT('Ctrl Pts',(59.6863262747196,2.8,34.0584608922623));
#4441=CARTESIAN_POINT('Ctrl Pts',(59.8423894682736,2.8,34.1247978704067));
#4442=CARTESIAN_POINT('Ctrl Pts',(59.9051421779291,2.8,34.1514718415982));
#4443=CARTESIAN_POINT('Ctrl Pts',(58.9774477380411,3.,33.8735045376068));
#4444=CARTESIAN_POINT('Ctrl Pts',(58.9774477380411,2.8,33.8735045376068));
#4445=CARTESIAN_POINT('Ctrl Pts',(59.0311606140429,3.,33.8907242453424));
#4446=CARTESIAN_POINT('Ctrl Pts',(59.0311606140429,2.8,33.8907242453424));
#4447=CARTESIAN_POINT('Ctrl Pts',(59.1777368402481,3.,33.9377148361302));
#4448=CARTESIAN_POINT('Ctrl Pts',(59.1777368402481,2.8,33.9377148361302));
#4449=CARTESIAN_POINT('Ctrl Pts',(59.327594304217,3.,33.973048983472));
#4450=CARTESIAN_POINT('Ctrl Pts',(59.327594304217,2.8,33.973048983472));
#4451=CARTESIAN_POINT('Ctrl Pts',(59.4225364822046,3.,33.9954349282032));
#4452=CARTESIAN_POINT('Ctrl Pts',(59.4225364822046,2.8,33.9954349282032));
#4453=CARTESIAN_POINT('',(58.9774477380411,3.,33.8735045376068));
#4454=CARTESIAN_POINT('Ctrl Pts',(58.9774477380411,3.,33.8735045376068));
#4455=CARTESIAN_POINT('Ctrl Pts',(59.0311606140429,3.,33.8907242453424));
#4456=CARTESIAN_POINT('Ctrl Pts',(59.1777368402481,3.,33.9377148361302));
#4457=CARTESIAN_POINT('Ctrl Pts',(59.327594304217,3.,33.973048983472));
#4458=CARTESIAN_POINT('Ctrl Pts',(59.4225364822046,3.,33.9954349282032));
#4459=CARTESIAN_POINT('',(58.9774477380411,2.8,33.8735045376068));
#4460=CARTESIAN_POINT('',(58.9774477380411,3.,33.8735045376068));
#4461=CARTESIAN_POINT('Ctrl Pts',(58.9774477380411,2.8,33.8735045376068));
#4462=CARTESIAN_POINT('Ctrl Pts',(59.0311606140429,2.8,33.8907242453424));
#4463=CARTESIAN_POINT('Ctrl Pts',(59.1777368402481,2.8,33.9377148361302));
#4464=CARTESIAN_POINT('Ctrl Pts',(59.327594304217,2.8,33.973048983472));
#4465=CARTESIAN_POINT('Ctrl Pts',(59.4225364822046,2.8,33.9954349282032));
#4466=CARTESIAN_POINT('Ctrl Pts',(58.7523454326288,3.,33.7259943666702));
#4467=CARTESIAN_POINT('Ctrl Pts',(58.7523454326288,2.8,33.7259943666702));
#4468=CARTESIAN_POINT('Ctrl Pts',(58.7811147747291,3.,33.7549320692143));
#4469=CARTESIAN_POINT('Ctrl Pts',(58.7811147747291,2.8,33.7549320692143));
#4470=CARTESIAN_POINT('Ctrl Pts',(58.8455620836425,3.,33.8197565288283));
#4471=CARTESIAN_POINT('Ctrl Pts',(58.8455620836425,2.8,33.8197565288283));
#4472=CARTESIAN_POINT('Ctrl Pts',(58.9304524916698,3.,33.8543523339344));
#4473=CARTESIAN_POINT('Ctrl Pts',(58.9304524916698,2.8,33.8543523339344));
#4474=CARTESIAN_POINT('Ctrl Pts',(58.9774477380411,3.,33.8735045376068));
#4475=CARTESIAN_POINT('Ctrl Pts',(58.9774477380411,2.8,33.8735045376068));
#4476=CARTESIAN_POINT('',(58.7523454326288,3.,33.7259943666702));
#4477=CARTESIAN_POINT('Ctrl Pts',(58.7523454326288,3.,33.7259943666702));
#4478=CARTESIAN_POINT('Ctrl Pts',(58.7811147747291,3.,33.7549320692143));
#4479=CARTESIAN_POINT('Ctrl Pts',(58.8455620836425,3.,33.8197565288283));
#4480=CARTESIAN_POINT('Ctrl Pts',(58.9304524916698,3.,33.8543523339344));
#4481=CARTESIAN_POINT('Ctrl Pts',(58.9774477380411,3.,33.8735045376068));
#4482=CARTESIAN_POINT('',(58.7523454326288,2.8,33.7259943666702));
#4483=CARTESIAN_POINT('',(58.7523454326288,3.,33.7259943666702));
#4484=CARTESIAN_POINT('Ctrl Pts',(58.7523454326288,2.8,33.7259943666702));
#4485=CARTESIAN_POINT('Ctrl Pts',(58.7811147747291,2.8,33.7549320692143));
#4486=CARTESIAN_POINT('Ctrl Pts',(58.8455620836425,2.8,33.8197565288283));
#4487=CARTESIAN_POINT('Ctrl Pts',(58.9304524916698,2.8,33.8543523339344));
#4488=CARTESIAN_POINT('Ctrl Pts',(58.9774477380411,2.8,33.8735045376068));
#4489=CARTESIAN_POINT('Ctrl Pts',(58.6841323870317,3.,33.520503181482));
#4490=CARTESIAN_POINT('Ctrl Pts',(58.6841323870317,2.8,33.520503181482));
#4491=CARTESIAN_POINT('Ctrl Pts',(58.6867963543604,3.,33.5582500959454));
#4492=CARTESIAN_POINT('Ctrl Pts',(58.6867963543604,2.8,33.5582500959454));
#4493=CARTESIAN_POINT('Ctrl Pts',(58.6920438443658,3.,33.6326040695286));
#4494=CARTESIAN_POINT('Ctrl Pts',(58.6920438443658,2.8,33.6326040695286));
#4495=CARTESIAN_POINT('Ctrl Pts',(58.7324513873699,3.,33.6951840538478));
#4496=CARTESIAN_POINT('Ctrl Pts',(58.7324513873699,2.8,33.6951840538478));
#4497=CARTESIAN_POINT('Ctrl Pts',(58.7523454326288,3.,33.7259943666702));
#4498=CARTESIAN_POINT('Ctrl Pts',(58.7523454326288,2.8,33.7259943666702));
#4499=CARTESIAN_POINT('',(58.6841323870317,3.,33.520503181482));
#4500=CARTESIAN_POINT('Ctrl Pts',(58.6841323870317,3.,33.520503181482));
#4501=CARTESIAN_POINT('Ctrl Pts',(58.6867963543604,3.,33.5582500959454));
#4502=CARTESIAN_POINT('Ctrl Pts',(58.6920438443658,3.,33.6326040695286));
#4503=CARTESIAN_POINT('Ctrl Pts',(58.7324513873699,3.,33.6951840538478));
#4504=CARTESIAN_POINT('Ctrl Pts',(58.7523454326288,3.,33.7259943666702));
#4505=CARTESIAN_POINT('',(58.6841323870317,2.8,33.520503181482));
#4506=CARTESIAN_POINT('',(58.6841323870317,3.,33.520503181482));
#4507=CARTESIAN_POINT('Ctrl Pts',(58.6841323870317,2.8,33.520503181482));
#4508=CARTESIAN_POINT('Ctrl Pts',(58.6867963543604,2.8,33.5582500959454));
#4509=CARTESIAN_POINT('Ctrl Pts',(58.6920438443658,2.8,33.6326040695286));
#4510=CARTESIAN_POINT('Ctrl Pts',(58.7324513873699,2.8,33.6951840538478));
#4511=CARTESIAN_POINT('Ctrl Pts',(58.7523454326288,2.8,33.7259943666702));
#4512=CARTESIAN_POINT('Ctrl Pts',(58.7549033659593,3.,33.3064855518585));
#4513=CARTESIAN_POINT('Ctrl Pts',(58.7549033659593,2.8,33.3064855518585));
#4514=CARTESIAN_POINT('Ctrl Pts',(58.7342624393788,3.,33.3396940437451));
#4515=CARTESIAN_POINT('Ctrl Pts',(58.7342624393788,2.8,33.3396940437451));
#4516=CARTESIAN_POINT('Ctrl Pts',(58.6934410887999,3.,33.4053701404167));
#4517=CARTESIAN_POINT('Ctrl Pts',(58.6934410887999,2.8,33.4053701404167));
#4518=CARTESIAN_POINT('Ctrl Pts',(58.6872118638151,3.,33.4824152143528));
#4519=CARTESIAN_POINT('Ctrl Pts',(58.6872118638151,2.8,33.4824152143528));
#4520=CARTESIAN_POINT('Ctrl Pts',(58.6841323870317,3.,33.520503181482));
#4521=CARTESIAN_POINT('Ctrl Pts',(58.6841323870317,2.8,33.520503181482));
#4522=CARTESIAN_POINT('',(58.7549033659593,3.,33.3064855518585));
#4523=CARTESIAN_POINT('Ctrl Pts',(58.7549033659593,3.,33.3064855518585));
#4524=CARTESIAN_POINT('Ctrl Pts',(58.7342624393788,3.,33.3396940437451));
#4525=CARTESIAN_POINT('Ctrl Pts',(58.6934410887999,3.,33.4053701404167));
#4526=CARTESIAN_POINT('Ctrl Pts',(58.6872118638151,3.,33.4824152143528));
#4527=CARTESIAN_POINT('Ctrl Pts',(58.6841323870317,3.,33.520503181482));
#4528=CARTESIAN_POINT('',(58.7549033659593,2.8,33.3064855518585));
#4529=CARTESIAN_POINT('',(58.7549033659593,3.,33.3064855518585));
#4530=CARTESIAN_POINT('Ctrl Pts',(58.7549033659593,2.8,33.3064855518585));
#4531=CARTESIAN_POINT('Ctrl Pts',(58.7342624393788,2.8,33.3396940437451));
#4532=CARTESIAN_POINT('Ctrl Pts',(58.6934410887999,2.8,33.4053701404167));
#4533=CARTESIAN_POINT('Ctrl Pts',(58.6872118638151,2.8,33.4824152143528));
#4534=CARTESIAN_POINT('Ctrl Pts',(58.6841323870317,2.8,33.520503181482));
#4535=CARTESIAN_POINT('Ctrl Pts',(58.9706262844697,3.,33.1521539273506));
#4536=CARTESIAN_POINT('Ctrl Pts',(58.9706262844697,2.8,33.1521539273506));
#4537=CARTESIAN_POINT('Ctrl Pts',(58.9263251732984,3.,33.1714284623806));
#4538=CARTESIAN_POINT('Ctrl Pts',(58.9263251732984,2.8,33.1714284623806));
#4539=CARTESIAN_POINT('Ctrl Pts',(58.8432468084776,3.,33.2075742115647));
#4540=CARTESIAN_POINT('Ctrl Pts',(58.8432468084776,2.8,33.2075742115647));
#4541=CARTESIAN_POINT('Ctrl Pts',(58.7830162763184,3.,33.2750096939577));
#4542=CARTESIAN_POINT('Ctrl Pts',(58.7830162763184,2.8,33.2750096939577));
#4543=CARTESIAN_POINT('Ctrl Pts',(58.7549033659593,3.,33.3064855518585));
#4544=CARTESIAN_POINT('Ctrl Pts',(58.7549033659593,2.8,33.3064855518585));
#4545=CARTESIAN_POINT('',(58.9706262844697,3.,33.1521539273506));
#4546=CARTESIAN_POINT('Ctrl Pts',(58.9706262844697,3.,33.1521539273506));
#4547=CARTESIAN_POINT('Ctrl Pts',(58.9263251732984,3.,33.1714284623806));
#4548=CARTESIAN_POINT('Ctrl Pts',(58.8432468084776,3.,33.2075742115647));
#4549=CARTESIAN_POINT('Ctrl Pts',(58.7830162763184,3.,33.2750096939577));
#4550=CARTESIAN_POINT('Ctrl Pts',(58.7549033659593,3.,33.3064855518585));
#4551=CARTESIAN_POINT('',(58.9706262844697,2.8,33.1521539273506));
#4552=CARTESIAN_POINT('',(58.9706262844697,3.,33.1521539273506));
#4553=CARTESIAN_POINT('Ctrl Pts',(58.9706262844697,2.8,33.1521539273506));
#4554=CARTESIAN_POINT('Ctrl Pts',(58.9263251732984,2.8,33.1714284623806));
#4555=CARTESIAN_POINT('Ctrl Pts',(58.8432468084776,2.8,33.2075742115647));
#4556=CARTESIAN_POINT('Ctrl Pts',(58.7830162763184,2.8,33.2750096939577));
#4557=CARTESIAN_POINT('Ctrl Pts',(58.7549033659593,2.8,33.3064855518585));
#4558=CARTESIAN_POINT('Ctrl Pts',(59.3048694628374,3.,33.0958785000092));
#4559=CARTESIAN_POINT('Ctrl Pts',(59.3048694628374,2.8,33.0958785000092));
#4560=CARTESIAN_POINT('Ctrl Pts',(59.2449731465471,3.,33.0977142086368));
#4561=CARTESIAN_POINT('Ctrl Pts',(59.2449731465471,2.8,33.0977142086368));
#4562=CARTESIAN_POINT('Ctrl Pts',(59.1309155796711,3.,33.1012098569925));
#4563=CARTESIAN_POINT('Ctrl Pts',(59.1309155796711,2.8,33.1012098569925));
#4564=CARTESIAN_POINT('Ctrl Pts',(59.0222344744131,3.,33.1357515141001));
#4565=CARTESIAN_POINT('Ctrl Pts',(59.0222344744131,2.8,33.1357515141001));
#4566=CARTESIAN_POINT('Ctrl Pts',(58.9706262844697,3.,33.1521539273506));
#4567=CARTESIAN_POINT('Ctrl Pts',(58.9706262844697,2.8,33.1521539273506));
#4568=CARTESIAN_POINT('',(59.3048694628374,3.,33.0958785000092));
#4569=CARTESIAN_POINT('Ctrl Pts',(59.3048694628374,3.,33.0958785000092));
#4570=CARTESIAN_POINT('Ctrl Pts',(59.2449731465471,3.,33.0977142086368));
#4571=CARTESIAN_POINT('Ctrl Pts',(59.1309155796711,3.,33.1012098569925));
#4572=CARTESIAN_POINT('Ctrl Pts',(59.0222344744131,3.,33.1357515141001));
#4573=CARTESIAN_POINT('Ctrl Pts',(58.9706262844697,3.,33.1521539273506));
#4574=CARTESIAN_POINT('',(59.3048694628374,2.8,33.0958785000092));
#4575=CARTESIAN_POINT('',(59.3048694628374,3.,33.0958785000092));
#4576=CARTESIAN_POINT('Ctrl Pts',(59.3048694628374,2.8,33.0958785000092));
#4577=CARTESIAN_POINT('Ctrl Pts',(59.2449731465471,2.8,33.0977142086368));
#4578=CARTESIAN_POINT('Ctrl Pts',(59.1309155796711,2.8,33.1012098569925));
#4579=CARTESIAN_POINT('Ctrl Pts',(59.0222344744131,2.8,33.1357515141001));
#4580=CARTESIAN_POINT('Ctrl Pts',(58.9706262844697,2.8,33.1521539273506));
#4581=CARTESIAN_POINT('Ctrl Pts',(59.6885666149751,3.,33.1700597586876));
#4582=CARTESIAN_POINT('Ctrl Pts',(59.6885666149751,2.8,33.1700597586876));
#4583=CARTESIAN_POINT('Ctrl Pts',(59.6287776322305,3.,33.1484309774974));
#4584=CARTESIAN_POINT('Ctrl Pts',(59.6287776322305,2.8,33.1484309774974));
#4585=CARTESIAN_POINT('Ctrl Pts',(59.5048419834557,3.,33.1035970146842));
#4586=CARTESIAN_POINT('Ctrl Pts',(59.5048419834557,2.8,33.1035970146842));
#4587=CARTESIAN_POINT('Ctrl Pts',(59.3730713589519,3.,33.0985109483796));
#4588=CARTESIAN_POINT('Ctrl Pts',(59.3730713589519,2.8,33.0985109483796));
#4589=CARTESIAN_POINT('Ctrl Pts',(59.3048694628374,3.,33.0958785000092));
#4590=CARTESIAN_POINT('Ctrl Pts',(59.3048694628374,2.8,33.0958785000092));
#4591=CARTESIAN_POINT('',(59.6885666149751,3.,33.1700597586876));
#4592=CARTESIAN_POINT('Ctrl Pts',(59.6885666149751,3.,33.1700597586876));
#4593=CARTESIAN_POINT('Ctrl Pts',(59.6287776322305,3.,33.1484309774974));
#4594=CARTESIAN_POINT('Ctrl Pts',(59.5048419834557,3.,33.1035970146842));
#4595=CARTESIAN_POINT('Ctrl Pts',(59.3730713589519,3.,33.0985109483796));
#4596=CARTESIAN_POINT('Ctrl Pts',(59.3048694628374,3.,33.0958785000092));
#4597=CARTESIAN_POINT('',(59.6885666149751,2.8,33.1700597586876));
#4598=CARTESIAN_POINT('',(59.6885666149751,3.,33.1700597586876));
#4599=CARTESIAN_POINT('Ctrl Pts',(59.6885666149751,2.8,33.1700597586876));
#4600=CARTESIAN_POINT('Ctrl Pts',(59.6287776322305,2.8,33.1484309774974));
#4601=CARTESIAN_POINT('Ctrl Pts',(59.5048419834557,2.8,33.1035970146842));
#4602=CARTESIAN_POINT('Ctrl Pts',(59.3730713589519,2.8,33.0985109483796));
#4603=CARTESIAN_POINT('Ctrl Pts',(59.3048694628374,2.8,33.0958785000092));
#4604=CARTESIAN_POINT('Ctrl Pts',(59.9401011961595,3.,33.364466268087));
#4605=CARTESIAN_POINT('Ctrl Pts',(59.9401011961595,2.8,33.364466268087));
#4606=CARTESIAN_POINT('Ctrl Pts',(59.9077010826168,3.,33.3256125319558));
#4607=CARTESIAN_POINT('Ctrl Pts',(59.9077010826168,2.8,33.3256125319558));
#4608=CARTESIAN_POINT('Ctrl Pts',(59.8383388396491,3.,33.2424343578363));
#4609=CARTESIAN_POINT('Ctrl Pts',(59.8383388396491,2.8,33.2424343578363));
#4610=CARTESIAN_POINT('Ctrl Pts',(59.7406327615048,3.,33.1952197407371));
#4611=CARTESIAN_POINT('Ctrl Pts',(59.7406327615048,2.8,33.1952197407371));
#4612=CARTESIAN_POINT('Ctrl Pts',(59.6885666149751,3.,33.1700597586876));
#4613=CARTESIAN_POINT('Ctrl Pts',(59.6885666149751,2.8,33.1700597586876));
#4614=CARTESIAN_POINT('',(59.9401011961595,3.,33.364466268087));
#4615=CARTESIAN_POINT('Ctrl Pts',(59.9401011961595,3.,33.364466268087));
#4616=CARTESIAN_POINT('Ctrl Pts',(59.9077010826168,3.,33.3256125319558));
#4617=CARTESIAN_POINT('Ctrl Pts',(59.8383388396491,3.,33.2424343578363));
#4618=CARTESIAN_POINT('Ctrl Pts',(59.7406327615048,3.,33.1952197407371));
#4619=CARTESIAN_POINT('Ctrl Pts',(59.6885666149751,3.,33.1700597586876));
#4620=CARTESIAN_POINT('',(59.9401011961595,2.8,33.364466268087));
#4621=CARTESIAN_POINT('',(59.9401011961595,3.,33.364466268087));
#4622=CARTESIAN_POINT('Ctrl Pts',(59.9401011961595,2.8,33.364466268087));
#4623=CARTESIAN_POINT('Ctrl Pts',(59.9077010826168,2.8,33.3256125319558));
#4624=CARTESIAN_POINT('Ctrl Pts',(59.8383388396491,2.8,33.2424343578363));
#4625=CARTESIAN_POINT('Ctrl Pts',(59.7406327615048,2.8,33.1952197407371));
#4626=CARTESIAN_POINT('Ctrl Pts',(59.6885666149751,2.8,33.1700597586876));
#4627=CARTESIAN_POINT('Ctrl Pts',(60.043273259987,3.,33.6722767236477));
#4628=CARTESIAN_POINT('Ctrl Pts',(60.043273259987,2.8,33.6722767236477));
#4629=CARTESIAN_POINT('Ctrl Pts',(60.0344698114508,3.,33.6141602155008));
#4630=CARTESIAN_POINT('Ctrl Pts',(60.0344698114508,2.8,33.6141602155008));
#4631=CARTESIAN_POINT('Ctrl Pts',(60.0179931563933,3.,33.5053885615358));
#4632=CARTESIAN_POINT('Ctrl Pts',(60.0179931563933,2.8,33.5053885615358));
#4633=CARTESIAN_POINT('Ctrl Pts',(59.964850037691,3.,33.4092419227033));
#4634=CARTESIAN_POINT('Ctrl Pts',(59.964850037691,2.8,33.4092419227033));
#4635=CARTESIAN_POINT('Ctrl Pts',(59.9401011961595,3.,33.364466268087));
#4636=CARTESIAN_POINT('Ctrl Pts',(59.9401011961595,2.8,33.364466268087));
#4637=CARTESIAN_POINT('',(60.043273259987,3.,33.6722767236477));
#4638=CARTESIAN_POINT('Ctrl Pts',(60.043273259987,3.,33.6722767236477));
#4639=CARTESIAN_POINT('Ctrl Pts',(60.0344698114508,3.,33.6141602155008));
#4640=CARTESIAN_POINT('Ctrl Pts',(60.0179931563933,3.,33.5053885615358));
#4641=CARTESIAN_POINT('Ctrl Pts',(59.964850037691,3.,33.4092419227033));
#4642=CARTESIAN_POINT('Ctrl Pts',(59.9401011961595,3.,33.364466268087));
#4643=CARTESIAN_POINT('',(60.043273259987,2.8,33.6722767236477));
#4644=CARTESIAN_POINT('',(60.043273259987,3.,33.6722767236477));
#4645=CARTESIAN_POINT('Ctrl Pts',(60.043273259987,2.8,33.6722767236477));
#4646=CARTESIAN_POINT('Ctrl Pts',(60.0344698114508,2.8,33.6141602155008));
#4647=CARTESIAN_POINT('Ctrl Pts',(60.0179931563933,2.8,33.5053885615358));
#4648=CARTESIAN_POINT('Ctrl Pts',(59.964850037691,2.8,33.4092419227033));
#4649=CARTESIAN_POINT('Ctrl Pts',(59.9401011961595,2.8,33.364466268087));
#4650=CARTESIAN_POINT('Origin',(60.3553467887536,3.,33.6449916544205));
#4651=CARTESIAN_POINT('',(60.3553467887536,3.,33.6449916544205));
#4652=CARTESIAN_POINT('',(51.2007133097612,3.,34.4453953580326));
#4653=CARTESIAN_POINT('',(60.3553467887536,2.8,33.6449916544205));
#4654=CARTESIAN_POINT('',(60.3553467887536,3.,33.6449916544205));
#4655=CARTESIAN_POINT('',(60.3553467887536,2.8,33.6449916544205));
#4656=CARTESIAN_POINT('Ctrl Pts',(60.2180683511392,3.,33.1956396880394));
#4657=CARTESIAN_POINT('Ctrl Pts',(60.2180683511392,2.8,33.1956396880394));
#4658=CARTESIAN_POINT('Ctrl Pts',(60.2564163290586,3.,33.2646079018198));
#4659=CARTESIAN_POINT('Ctrl Pts',(60.2564163290586,2.8,33.2646079018198));
#4660=CARTESIAN_POINT('Ctrl Pts',(60.3342176323674,3.,33.4045322788044));
#4661=CARTESIAN_POINT('Ctrl Pts',(60.3342176323674,2.8,33.4045322788044));
#4662=CARTESIAN_POINT('Ctrl Pts',(60.3482373424882,3.,33.5640829338485));
#4663=CARTESIAN_POINT('Ctrl Pts',(60.3482373424882,2.8,33.5640829338485));
#4664=CARTESIAN_POINT('Ctrl Pts',(60.3553467887536,3.,33.6449916544205));
#4665=CARTESIAN_POINT('Ctrl Pts',(60.3553467887536,2.8,33.6449916544205));
#4666=CARTESIAN_POINT('Ctrl Pts',(60.2180683511392,3.,33.1956396880394));
#4667=CARTESIAN_POINT('Ctrl Pts',(60.2564163290586,3.,33.2646079018198));
#4668=CARTESIAN_POINT('Ctrl Pts',(60.3342176323674,3.,33.4045322788044));
#4669=CARTESIAN_POINT('Ctrl Pts',(60.3482373424882,3.,33.5640829338485));
#4670=CARTESIAN_POINT('Ctrl Pts',(60.3553467887536,3.,33.6449916544205));
#4671=CARTESIAN_POINT('Ctrl Pts',(60.2180683511392,2.8,33.1956396880394));
#4672=CARTESIAN_POINT('Ctrl Pts',(60.2564163290586,2.8,33.2646079018198));
#4673=CARTESIAN_POINT('Ctrl Pts',(60.3342176323674,2.8,33.4045322788044));
#4674=CARTESIAN_POINT('Ctrl Pts',(60.3482373424882,2.8,33.5640829338485));
#4675=CARTESIAN_POINT('Ctrl Pts',(60.3553467887536,2.8,33.6449916544205));
#4676=CARTESIAN_POINT('Origin',(55.13109725817,2.8,34.0917855384594));
#4677=CARTESIAN_POINT('Origin',(48.5596451061861,3.,35.0467651965863));
#4678=CARTESIAN_POINT('',(48.5596451061861,3.,35.0467651965863));
#4679=CARTESIAN_POINT('',(49.0593036907808,3.,35.0467651965863));
#4680=CARTESIAN_POINT('',(45.029822553093,3.,35.0467651965863));
#4681=CARTESIAN_POINT('',(48.5596451061861,2.8,35.0467651965863));
#4682=CARTESIAN_POINT('',(48.5596451061861,3.,35.0467651965863));
#4683=CARTESIAN_POINT('',(49.0593036907808,2.8,35.0467651965863));
#4684=CARTESIAN_POINT('',(48.5596451061861,2.8,35.0467651965863));
#4685=CARTESIAN_POINT('',(49.0593036907808,3.,35.0467651965863));
#4686=CARTESIAN_POINT('Ctrl Pts',(48.1793579357759,3.,35.0118061783558));
#4687=CARTESIAN_POINT('Ctrl Pts',(48.1793579357759,2.8,35.0118061783558));
#4688=CARTESIAN_POINT('Ctrl Pts',(48.2293793334195,3.,35.0219038929426));
#4689=CARTESIAN_POINT('Ctrl Pts',(48.2293793334195,2.8,35.0219038929426));
#4690=CARTESIAN_POINT('Ctrl Pts',(48.3547002052636,3.,35.0472021543921));
#4691=CARTESIAN_POINT('Ctrl Pts',(48.3547002052636,2.8,35.0472021543921));
#4692=CARTESIAN_POINT('Ctrl Pts',(48.4827224830135,3.,35.0469292013528));
#4693=CARTESIAN_POINT('Ctrl Pts',(48.4827224830135,2.8,35.0469292013528));
#4694=CARTESIAN_POINT('Ctrl Pts',(48.5596451061861,3.,35.0467651965863));
#4695=CARTESIAN_POINT('Ctrl Pts',(48.5596451061861,2.8,35.0467651965863));
#4696=CARTESIAN_POINT('',(48.1793579357759,3.,35.0118061783558));
#4697=CARTESIAN_POINT('Ctrl Pts',(48.1793579357759,3.,35.0118061783558));
#4698=CARTESIAN_POINT('Ctrl Pts',(48.2293793334195,3.,35.0219038929426));
#4699=CARTESIAN_POINT('Ctrl Pts',(48.3547002052636,3.,35.0472021543921));
#4700=CARTESIAN_POINT('Ctrl Pts',(48.4827224830135,3.,35.0469292013528));
#4701=CARTESIAN_POINT('Ctrl Pts',(48.5596451061861,3.,35.0467651965863));
#4702=CARTESIAN_POINT('',(48.1793579357759,2.8,35.0118061783558));
#4703=CARTESIAN_POINT('',(48.1793579357759,3.,35.0118061783558));
#4704=CARTESIAN_POINT('Ctrl Pts',(48.1793579357759,2.8,35.0118061783558));
#4705=CARTESIAN_POINT('Ctrl Pts',(48.2293793334195,2.8,35.0219038929426));
#4706=CARTESIAN_POINT('Ctrl Pts',(48.3547002052636,2.8,35.0472021543921));
#4707=CARTESIAN_POINT('Ctrl Pts',(48.4827224830135,2.8,35.0469292013528));
#4708=CARTESIAN_POINT('Ctrl Pts',(48.5596451061861,2.8,35.0467651965863));
#4709=CARTESIAN_POINT('Ctrl Pts',(48.0088254707948,3.,34.8822018387562));
#4710=CARTESIAN_POINT('Ctrl Pts',(48.0088254707948,2.8,34.8822018387562));
#4711=CARTESIAN_POINT('Ctrl Pts',(48.031041891563,3.,34.9113222874451));
#4712=CARTESIAN_POINT('Ctrl Pts',(48.031041891563,2.8,34.9113222874451));
#4713=CARTESIAN_POINT('Ctrl Pts',(48.0759426980276,3.,34.9701765756487));
#4714=CARTESIAN_POINT('Ctrl Pts',(48.0759426980276,2.8,34.9701765756487));
#4715=CARTESIAN_POINT('Ctrl Pts',(48.1446475049114,3.,34.9978335619586));
#4716=CARTESIAN_POINT('Ctrl Pts',(48.1446475049114,2.8,34.9978335619586));
#4717=CARTESIAN_POINT('Ctrl Pts',(48.1793579357759,3.,35.0118061783558));
#4718=CARTESIAN_POINT('Ctrl Pts',(48.1793579357759,2.8,35.0118061783558));
#4719=CARTESIAN_POINT('',(48.0088254707948,3.,34.8822018387562));
#4720=CARTESIAN_POINT('Ctrl Pts',(48.0088254707948,3.,34.8822018387562));
#4721=CARTESIAN_POINT('Ctrl Pts',(48.031041891563,3.,34.9113222874451));
#4722=CARTESIAN_POINT('Ctrl Pts',(48.0759426980276,3.,34.9701765756487));
#4723=CARTESIAN_POINT('Ctrl Pts',(48.1446475049114,3.,34.9978335619586));
#4724=CARTESIAN_POINT('Ctrl Pts',(48.1793579357759,3.,35.0118061783558));
#4725=CARTESIAN_POINT('',(48.0088254707948,2.8,34.8822018387562));
#4726=CARTESIAN_POINT('',(48.0088254707948,3.,34.8822018387562));
#4727=CARTESIAN_POINT('Ctrl Pts',(48.0088254707948,2.8,34.8822018387562));
#4728=CARTESIAN_POINT('Ctrl Pts',(48.031041891563,2.8,34.9113222874451));
#4729=CARTESIAN_POINT('Ctrl Pts',(48.0759426980276,2.8,34.9701765756487));
#4730=CARTESIAN_POINT('Ctrl Pts',(48.1446475049114,2.8,34.9978335619586));
#4731=CARTESIAN_POINT('Ctrl Pts',(48.1793579357759,2.8,35.0118061783558));
#4732=CARTESIAN_POINT('Ctrl Pts',(47.9491397637025,3.,34.6630680444485));
#4733=CARTESIAN_POINT('Ctrl Pts',(47.9491397637025,2.8,34.6630680444485));
#4734=CARTESIAN_POINT('Ctrl Pts',(47.9513337221005,3.,34.7028467434276));
#4735=CARTESIAN_POINT('Ctrl Pts',(47.9513337221005,2.8,34.7028467434276));
#4736=CARTESIAN_POINT('Ctrl Pts',(47.955600978921,3.,34.7802164532131));
#4737=CARTESIAN_POINT('Ctrl Pts',(47.955600978921,2.8,34.7802164532131));
#4738=CARTESIAN_POINT('Ctrl Pts',(47.991421591984,3.,34.848853633297));
#4739=CARTESIAN_POINT('Ctrl Pts',(47.991421591984,2.8,34.848853633297));
#4740=CARTESIAN_POINT('Ctrl Pts',(48.0088254707948,3.,34.8822018387562));
#4741=CARTESIAN_POINT('Ctrl Pts',(48.0088254707948,2.8,34.8822018387562));
#4742=CARTESIAN_POINT('',(47.9491397637025,3.,34.6630680444485));
#4743=CARTESIAN_POINT('Ctrl Pts',(47.9491397637025,3.,34.6630680444485));
#4744=CARTESIAN_POINT('Ctrl Pts',(47.9513337221005,3.,34.7028467434276));
#4745=CARTESIAN_POINT('Ctrl Pts',(47.955600978921,3.,34.7802164532131));
#4746=CARTESIAN_POINT('Ctrl Pts',(47.991421591984,3.,34.848853633297));
#4747=CARTESIAN_POINT('Ctrl Pts',(48.0088254707948,3.,34.8822018387562));
#4748=CARTESIAN_POINT('',(47.9491397637025,2.8,34.6630680444485));
#4749=CARTESIAN_POINT('',(47.9491397637025,3.,34.6630680444485));
#4750=CARTESIAN_POINT('Ctrl Pts',(47.9491397637025,2.8,34.6630680444485));
#4751=CARTESIAN_POINT('Ctrl Pts',(47.9513337221005,2.8,34.7028467434276));
#4752=CARTESIAN_POINT('Ctrl Pts',(47.955600978921,2.8,34.7802164532131));
#4753=CARTESIAN_POINT('Ctrl Pts',(47.991421591984,2.8,34.848853633297));
#4754=CARTESIAN_POINT('Ctrl Pts',(48.0088254707948,2.8,34.8822018387562));
#4755=CARTESIAN_POINT('Ctrl Pts',(48.013089587082,3.,34.4447870435959));
#4756=CARTESIAN_POINT('Ctrl Pts',(48.013089587082,2.8,34.4447870435959));
#4757=CARTESIAN_POINT('Ctrl Pts',(47.9944520070983,3.,34.4766711369256));
#4758=CARTESIAN_POINT('Ctrl Pts',(47.9944520070983,2.8,34.4766711369256));
#4759=CARTESIAN_POINT('Ctrl Pts',(47.9551063554094,3.,34.5439814010085));
#4760=CARTESIAN_POINT('Ctrl Pts',(47.9551063554094,2.8,34.5439814010085));
#4761=CARTESIAN_POINT('Ctrl Pts',(47.9511971983114,3.,34.6220039003436));
#4762=CARTESIAN_POINT('Ctrl Pts',(47.9511971983114,2.8,34.6220039003436));
#4763=CARTESIAN_POINT('Ctrl Pts',(47.9491397637025,3.,34.6630680444485));
#4764=CARTESIAN_POINT('Ctrl Pts',(47.9491397637025,2.8,34.6630680444485));
#4765=CARTESIAN_POINT('',(48.013089587082,3.,34.4447870435959));
#4766=CARTESIAN_POINT('Ctrl Pts',(48.013089587082,3.,34.4447870435959));
#4767=CARTESIAN_POINT('Ctrl Pts',(47.9944520070983,3.,34.4766711369256));
#4768=CARTESIAN_POINT('Ctrl Pts',(47.9551063554094,3.,34.5439814010085));
#4769=CARTESIAN_POINT('Ctrl Pts',(47.9511971983114,3.,34.6220039003436));
#4770=CARTESIAN_POINT('Ctrl Pts',(47.9491397637025,3.,34.6630680444485));
#4771=CARTESIAN_POINT('',(48.013089587082,2.8,34.4447870435959));
#4772=CARTESIAN_POINT('',(48.013089587082,3.,34.4447870435959));
#4773=CARTESIAN_POINT('Ctrl Pts',(48.013089587082,2.8,34.4447870435959));
#4774=CARTESIAN_POINT('Ctrl Pts',(47.9944520070983,2.8,34.4766711369256));
#4775=CARTESIAN_POINT('Ctrl Pts',(47.9551063554094,2.8,34.5439814010085));
#4776=CARTESIAN_POINT('Ctrl Pts',(47.9511971983114,2.8,34.6220039003436));
#4777=CARTESIAN_POINT('Ctrl Pts',(47.9491397637025,2.8,34.6630680444485));
#4778=CARTESIAN_POINT('Ctrl Pts',(48.2032319801942,3.,34.320298719669));
#4779=CARTESIAN_POINT('Ctrl Pts',(48.2032319801942,2.8,34.320298719669));
#4780=CARTESIAN_POINT('Ctrl Pts',(48.1644118512223,3.,34.3340145653679));
#4781=CARTESIAN_POINT('Ctrl Pts',(48.1644118512223,2.8,34.3340145653679));
#4782=CARTESIAN_POINT('Ctrl Pts',(48.0907132990511,3.,34.3600535816354));
#4783=CARTESIAN_POINT('Ctrl Pts',(48.0907132990511,2.8,34.3600535816354));
#4784=CARTESIAN_POINT('Ctrl Pts',(48.03802482466,3.,34.417567925221));
#4785=CARTESIAN_POINT('Ctrl Pts',(48.03802482466,2.8,34.417567925221));
#4786=CARTESIAN_POINT('Ctrl Pts',(48.013089587082,3.,34.4447870435959));
#4787=CARTESIAN_POINT('Ctrl Pts',(48.013089587082,2.8,34.4447870435959));
#4788=CARTESIAN_POINT('',(48.2032319801942,3.,34.320298719669));
#4789=CARTESIAN_POINT('Ctrl Pts',(48.2032319801942,3.,34.320298719669));
#4790=CARTESIAN_POINT('Ctrl Pts',(48.1644118512223,3.,34.3340145653679));
#4791=CARTESIAN_POINT('Ctrl Pts',(48.0907132990511,3.,34.3600535816354));
#4792=CARTESIAN_POINT('Ctrl Pts',(48.03802482466,3.,34.417567925221));
#4793=CARTESIAN_POINT('Ctrl Pts',(48.013089587082,3.,34.4447870435959));
#4794=CARTESIAN_POINT('',(48.2032319801942,2.8,34.320298719669));
#4795=CARTESIAN_POINT('',(48.2032319801942,3.,34.320298719669));
#4796=CARTESIAN_POINT('Ctrl Pts',(48.2032319801942,2.8,34.320298719669));
#4797=CARTESIAN_POINT('Ctrl Pts',(48.1644118512223,2.8,34.3340145653679));
#4798=CARTESIAN_POINT('Ctrl Pts',(48.0907132990511,2.8,34.3600535816354));
#4799=CARTESIAN_POINT('Ctrl Pts',(48.03802482466,2.8,34.417567925221));
#4800=CARTESIAN_POINT('Ctrl Pts',(48.013089587082,2.8,34.4447870435959));
#4801=CARTESIAN_POINT('Ctrl Pts',(48.5187169808046,3.,34.2913082125431));
#4802=CARTESIAN_POINT('Ctrl Pts',(48.5187169808046,2.8,34.2913082125431));
#4803=CARTESIAN_POINT('Ctrl Pts',(48.4555058393001,3.,34.291269482228));
#4804=CARTESIAN_POINT('Ctrl Pts',(48.4555058393001,2.8,34.291269482228));
#4805=CARTESIAN_POINT('Ctrl Pts',(48.3493267081,3.,34.2912044248487));
#4806=CARTESIAN_POINT('Ctrl Pts',(48.3493267081,2.8,34.2912044248487));
#4807=CARTESIAN_POINT('Ctrl Pts',(48.2453206019895,3.,34.3119169061111));
#4808=CARTESIAN_POINT('Ctrl Pts',(48.2453206019895,2.8,34.3119169061111));
#4809=CARTESIAN_POINT('Ctrl Pts',(48.2032319801942,3.,34.320298719669));
#4810=CARTESIAN_POINT('Ctrl Pts',(48.2032319801942,2.8,34.320298719669));
#4811=CARTESIAN_POINT('',(48.5187169808046,3.,34.2913082125431));
#4812=CARTESIAN_POINT('Ctrl Pts',(48.5187169808046,3.,34.2913082125431));
#4813=CARTESIAN_POINT('Ctrl Pts',(48.4555058393001,3.,34.291269482228));
#4814=CARTESIAN_POINT('Ctrl Pts',(48.3493267081,3.,34.2912044248487));
#4815=CARTESIAN_POINT('Ctrl Pts',(48.2453206019895,3.,34.3119169061111));
#4816=CARTESIAN_POINT('Ctrl Pts',(48.2032319801942,3.,34.320298719669));
#4817=CARTESIAN_POINT('',(48.5187169808046,2.8,34.2913082125431));
#4818=CARTESIAN_POINT('',(48.5187169808046,3.,34.2913082125431));
#4819=CARTESIAN_POINT('Ctrl Pts',(48.5187169808046,2.8,34.2913082125431));
#4820=CARTESIAN_POINT('Ctrl Pts',(48.4555058393001,2.8,34.291269482228));
#4821=CARTESIAN_POINT('Ctrl Pts',(48.3493267081,2.8,34.2912044248487));
#4822=CARTESIAN_POINT('Ctrl Pts',(48.2453206019895,2.8,34.3119169061111));
#4823=CARTESIAN_POINT('Ctrl Pts',(48.2032319801942,2.8,34.320298719669));
#4824=CARTESIAN_POINT('Origin',(49.0593036907808,3.,34.2913082125431));
#4825=CARTESIAN_POINT('',(49.0593036907808,3.,34.2913082125431));
#4826=CARTESIAN_POINT('',(45.2796518453904,3.,34.2913082125431));
#4827=CARTESIAN_POINT('',(49.0593036907808,2.8,34.2913082125431));
#4828=CARTESIAN_POINT('',(49.0593036907808,3.,34.2913082125431));
#4829=CARTESIAN_POINT('',(49.0593036907808,2.8,34.2913082125431));
#4830=CARTESIAN_POINT('Origin',(49.0593036907808,3.,35.0467651965863));
#4831=CARTESIAN_POINT('',(49.0593036907808,3.,32.0233825982931));
#4832=CARTESIAN_POINT('',(49.0593036907808,2.8,35.0467651965863));
#4833=CARTESIAN_POINT('Origin',(48.4811994331972,3.,33.9962877216583));
#4834=CARTESIAN_POINT('',(48.4811994331972,3.,33.9962877216583));
#4835=CARTESIAN_POINT('',(49.0593036907808,3.,33.9962877216583));
#4836=CARTESIAN_POINT('',(44.9905997165986,3.,33.9962877216583));
#4837=CARTESIAN_POINT('',(48.4811994331972,2.8,33.9962877216583));
#4838=CARTESIAN_POINT('',(48.4811994331972,3.,33.9962877216583));
#4839=CARTESIAN_POINT('',(49.0593036907808,2.8,33.9962877216583));
#4840=CARTESIAN_POINT('',(48.4811994331972,2.8,33.9962877216583));
#4841=CARTESIAN_POINT('',(49.0593036907808,3.,33.9962877216583));
#4842=CARTESIAN_POINT('Ctrl Pts',(48.1154081123964,3.,33.9545073988682));
#4843=CARTESIAN_POINT('Ctrl Pts',(48.1154081123964,2.8,33.9545073988682));
#4844=CARTESIAN_POINT('Ctrl Pts',(48.1668554417638,3.,33.9666306299083));
#4845=CARTESIAN_POINT('Ctrl Pts',(48.1668554417638,2.8,33.9666306299083));
#4846=CARTESIAN_POINT('Ctrl Pts',(48.2869860093928,3.,33.9949386226505));
#4847=CARTESIAN_POINT('Ctrl Pts',(48.2869860093928,2.8,33.9949386226505));
#4848=CARTESIAN_POINT('Ctrl Pts',(48.4105520205367,3.,33.995796971058));
#4849=CARTESIAN_POINT('Ctrl Pts',(48.4105520205367,2.8,33.995796971058));
#4850=CARTESIAN_POINT('Ctrl Pts',(48.4811994331972,3.,33.9962877216583));
#4851=CARTESIAN_POINT('Ctrl Pts',(48.4811994331972,2.8,33.9962877216583));
#4852=CARTESIAN_POINT('',(48.1154081123964,3.,33.9545073988682));
#4853=CARTESIAN_POINT('Ctrl Pts',(48.1154081123964,3.,33.9545073988682));
#4854=CARTESIAN_POINT('Ctrl Pts',(48.1668554417638,3.,33.9666306299083));
#4855=CARTESIAN_POINT('Ctrl Pts',(48.2869860093928,3.,33.9949386226505));
#4856=CARTESIAN_POINT('Ctrl Pts',(48.4105520205367,3.,33.995796971058));
#4857=CARTESIAN_POINT('Ctrl Pts',(48.4811994331972,3.,33.9962877216583));
#4858=CARTESIAN_POINT('',(48.1154081123964,2.8,33.9545073988682));
#4859=CARTESIAN_POINT('',(48.1154081123964,3.,33.9545073988682));
#4860=CARTESIAN_POINT('Ctrl Pts',(48.1154081123964,2.8,33.9545073988682));
#4861=CARTESIAN_POINT('Ctrl Pts',(48.1668554417638,2.8,33.9666306299083));
#4862=CARTESIAN_POINT('Ctrl Pts',(48.2869860093928,2.8,33.9949386226505));
#4863=CARTESIAN_POINT('Ctrl Pts',(48.4105520205367,2.8,33.995796971058));
#4864=CARTESIAN_POINT('Ctrl Pts',(48.4811994331972,2.8,33.9962877216583));
#4865=CARTESIAN_POINT('Ctrl Pts',(47.9167386788026,3.,33.8095551612622));
#4866=CARTESIAN_POINT('Ctrl Pts',(47.9167386788026,2.8,33.8095551612622));
#4867=CARTESIAN_POINT('Ctrl Pts',(47.9432717768786,3.,33.841500637199));
#4868=CARTESIAN_POINT('Ctrl Pts',(47.9432717768786,2.8,33.841500637199));
#4869=CARTESIAN_POINT('Ctrl Pts',(47.9972544374342,3.,33.9064949992915));
#4870=CARTESIAN_POINT('Ctrl Pts',(47.9972544374342,2.8,33.9064949992915));
#4871=CARTESIAN_POINT('Ctrl Pts',(48.0755803076014,3.,33.9383231500186));
#4872=CARTESIAN_POINT('Ctrl Pts',(48.0755803076014,2.8,33.9383231500186));
#4873=CARTESIAN_POINT('Ctrl Pts',(48.1154081123964,3.,33.9545073988682));
#4874=CARTESIAN_POINT('Ctrl Pts',(48.1154081123964,2.8,33.9545073988682));
#4875=CARTESIAN_POINT('',(47.9167386788026,3.,33.8095551612622));
#4876=CARTESIAN_POINT('Ctrl Pts',(47.9167386788026,3.,33.8095551612622));
#4877=CARTESIAN_POINT('Ctrl Pts',(47.9432717768786,3.,33.841500637199));
#4878=CARTESIAN_POINT('Ctrl Pts',(47.9972544374342,3.,33.9064949992915));
#4879=CARTESIAN_POINT('Ctrl Pts',(48.0755803076014,3.,33.9383231500186));
#4880=CARTESIAN_POINT('Ctrl Pts',(48.1154081123964,3.,33.9545073988682));
#4881=CARTESIAN_POINT('',(47.9167386788026,2.8,33.8095551612622));
#4882=CARTESIAN_POINT('',(47.9167386788026,3.,33.8095551612622));
#4883=CARTESIAN_POINT('Ctrl Pts',(47.9167386788026,2.8,33.8095551612622));
#4884=CARTESIAN_POINT('Ctrl Pts',(47.9432717768786,2.8,33.841500637199));
#4885=CARTESIAN_POINT('Ctrl Pts',(47.9972544374342,2.8,33.9064949992915));
#4886=CARTESIAN_POINT('Ctrl Pts',(48.0755803076014,2.8,33.9383231500186));
#4887=CARTESIAN_POINT('Ctrl Pts',(48.1154081123964,2.8,33.9545073988682));
#4888=CARTESIAN_POINT('Ctrl Pts',(47.8451153534547,3.,33.5665468755013));
#4889=CARTESIAN_POINT('Ctrl Pts',(47.8451153534547,2.8,33.5665468755013));
#4890=CARTESIAN_POINT('Ctrl Pts',(47.8477410011524,3.,33.611105180745));
#4891=CARTESIAN_POINT('Ctrl Pts',(47.8477410011524,2.8,33.611105180745));
#4892=CARTESIAN_POINT('Ctrl Pts',(47.8528455714818,3.,33.6977318074177));
#4893=CARTESIAN_POINT('Ctrl Pts',(47.8528455714818,2.8,33.6977318074177));
#4894=CARTESIAN_POINT('Ctrl Pts',(47.8958530433094,3.,33.7730018943144));
#4895=CARTESIAN_POINT('Ctrl Pts',(47.8958530433094,2.8,33.7730018943144));
#4896=CARTESIAN_POINT('Ctrl Pts',(47.9167386788026,3.,33.8095551612622));
#4897=CARTESIAN_POINT('Ctrl Pts',(47.9167386788026,2.8,33.8095551612622));
#4898=CARTESIAN_POINT('',(47.8451153534547,3.,33.5665468755013));
#4899=CARTESIAN_POINT('Ctrl Pts',(47.8451153534547,3.,33.5665468755013));
#4900=CARTESIAN_POINT('Ctrl Pts',(47.8477410011524,3.,33.611105180745));
#4901=CARTESIAN_POINT('Ctrl Pts',(47.8528455714818,3.,33.6977318074177));
#4902=CARTESIAN_POINT('Ctrl Pts',(47.8958530433094,3.,33.7730018943144));
#4903=CARTESIAN_POINT('Ctrl Pts',(47.9167386788026,3.,33.8095551612622));
#4904=CARTESIAN_POINT('',(47.8451153534547,2.8,33.5665468755013));
#4905=CARTESIAN_POINT('',(47.8451153534547,3.,33.5665468755013));
#4906=CARTESIAN_POINT('Ctrl Pts',(47.8451153534547,2.8,33.5665468755013));
#4907=CARTESIAN_POINT('Ctrl Pts',(47.8477410011524,2.8,33.611105180745));
#4908=CARTESIAN_POINT('Ctrl Pts',(47.8528455714818,2.8,33.6977318074177));
#4909=CARTESIAN_POINT('Ctrl Pts',(47.8958530433094,2.8,33.7730018943144));
#4910=CARTESIAN_POINT('Ctrl Pts',(47.9167386788026,2.8,33.8095551612622));
#4911=CARTESIAN_POINT('Ctrl Pts',(47.8945693272249,3.,33.3559398236519));
#4912=CARTESIAN_POINT('Ctrl Pts',(47.8945693272249,2.8,33.3559398236519));
#4913=CARTESIAN_POINT('Ctrl Pts',(47.8801504314263,3.,33.3882034971032));
#4914=CARTESIAN_POINT('Ctrl Pts',(47.8801504314263,2.8,33.3882034971032));
#4915=CARTESIAN_POINT('Ctrl Pts',(47.8502171052737,3.,33.4551822084961));
#4916=CARTESIAN_POINT('Ctrl Pts',(47.8502171052737,2.8,33.4551822084961));
#4917=CARTESIAN_POINT('Ctrl Pts',(47.8468569305833,3.,33.5285304913504));
#4918=CARTESIAN_POINT('Ctrl Pts',(47.8468569305833,2.8,33.5285304913504));
#4919=CARTESIAN_POINT('Ctrl Pts',(47.8451153534547,3.,33.5665468755013));
#4920=CARTESIAN_POINT('Ctrl Pts',(47.8451153534547,2.8,33.5665468755013));
#4921=CARTESIAN_POINT('',(47.8945693272249,3.,33.3559398236519));
#4922=CARTESIAN_POINT('Ctrl Pts',(47.8945693272249,3.,33.3559398236519));
#4923=CARTESIAN_POINT('Ctrl Pts',(47.8801504314263,3.,33.3882034971032));
#4924=CARTESIAN_POINT('Ctrl Pts',(47.8502171052737,3.,33.4551822084961));
#4925=CARTESIAN_POINT('Ctrl Pts',(47.8468569305833,3.,33.5285304913504));
#4926=CARTESIAN_POINT('Ctrl Pts',(47.8451153534547,3.,33.5665468755013));
#4927=CARTESIAN_POINT('',(47.8945693272249,2.8,33.3559398236519));
#4928=CARTESIAN_POINT('',(47.8945693272249,3.,33.3559398236519));
#4929=CARTESIAN_POINT('Ctrl Pts',(47.8945693272249,2.8,33.3559398236519));
#4930=CARTESIAN_POINT('Ctrl Pts',(47.8801504314263,2.8,33.3882034971032));
#4931=CARTESIAN_POINT('Ctrl Pts',(47.8502171052737,2.8,33.4551822084961));
#4932=CARTESIAN_POINT('Ctrl Pts',(47.8468569305833,2.8,33.5285304913504));
#4933=CARTESIAN_POINT('Ctrl Pts',(47.8451153534547,2.8,33.5665468755013));
#4934=CARTESIAN_POINT('Ctrl Pts',(48.0207630890504,3.,33.2169560971504));
#4935=CARTESIAN_POINT('Ctrl Pts',(48.0207630890504,2.8,33.2169560971504));
#4936=CARTESIAN_POINT('Ctrl Pts',(47.9960448358165,3.,33.2352018184396));
#4937=CARTESIAN_POINT('Ctrl Pts',(47.9960448358165,2.8,33.2352018184396));
#4938=CARTESIAN_POINT('Ctrl Pts',(47.9447481580835,3.,33.2730663421225));
#4939=CARTESIAN_POINT('Ctrl Pts',(47.9447481580835,2.8,33.2730663421225));
#4940=CARTESIAN_POINT('Ctrl Pts',(47.9116951380322,3.,33.327655474628));
#4941=CARTESIAN_POINT('Ctrl Pts',(47.9116951380322,2.8,33.327655474628));
#4942=CARTESIAN_POINT('Ctrl Pts',(47.8945693272249,3.,33.3559398236519));
#4943=CARTESIAN_POINT('Ctrl Pts',(47.8945693272249,2.8,33.3559398236519));
#4944=CARTESIAN_POINT('',(48.0207630890504,3.,33.2169560971504));
#4945=CARTESIAN_POINT('Ctrl Pts',(48.0207630890504,3.,33.2169560971504));
#4946=CARTESIAN_POINT('Ctrl Pts',(47.9960448358165,3.,33.2352018184396));
#4947=CARTESIAN_POINT('Ctrl Pts',(47.9447481580835,3.,33.2730663421225));
#4948=CARTESIAN_POINT('Ctrl Pts',(47.9116951380322,3.,33.327655474628));
#4949=CARTESIAN_POINT('Ctrl Pts',(47.8945693272249,3.,33.3559398236519));
#4950=CARTESIAN_POINT('',(48.0207630890504,2.8,33.2169560971504));
#4951=CARTESIAN_POINT('',(48.0207630890504,3.,33.2169560971504));
#4952=CARTESIAN_POINT('Ctrl Pts',(48.0207630890504,2.8,33.2169560971504));
#4953=CARTESIAN_POINT('Ctrl Pts',(47.9960448358165,2.8,33.2352018184396));
#4954=CARTESIAN_POINT('Ctrl Pts',(47.9447481580835,2.8,33.2730663421225));
#4955=CARTESIAN_POINT('Ctrl Pts',(47.9116951380322,2.8,33.327655474628));
#4956=CARTESIAN_POINT('Ctrl Pts',(47.8945693272249,2.8,33.3559398236519));
#4957=CARTESIAN_POINT('Ctrl Pts',(48.2117590206758,3.,33.1487433495766));
#4958=CARTESIAN_POINT('Ctrl Pts',(48.2117590206758,2.8,33.1487433495766));
#4959=CARTESIAN_POINT('Ctrl Pts',(48.1761795249892,3.,33.1561334998519));
#4960=CARTESIAN_POINT('Ctrl Pts',(48.1761795249892,2.8,33.1561334998519));
#4961=CARTESIAN_POINT('Ctrl Pts',(48.1092946906578,3.,33.1700260232649));
#4962=CARTESIAN_POINT('Ctrl Pts',(48.1092946906578,2.8,33.1700260232649));
#4963=CARTESIAN_POINT('Ctrl Pts',(48.0489890477699,3.,33.2019936848124));
#4964=CARTESIAN_POINT('Ctrl Pts',(48.0489890477699,2.8,33.2019936848124));
#4965=CARTESIAN_POINT('Ctrl Pts',(48.0207630890504,3.,33.2169560971504));
#4966=CARTESIAN_POINT('Ctrl Pts',(48.0207630890504,2.8,33.2169560971504));
#4967=CARTESIAN_POINT('',(48.2117590206758,3.,33.1487433495766));
#4968=CARTESIAN_POINT('Ctrl Pts',(48.2117590206758,3.,33.1487433495766));
#4969=CARTESIAN_POINT('Ctrl Pts',(48.1761795249892,3.,33.1561334998519));
#4970=CARTESIAN_POINT('Ctrl Pts',(48.1092946906578,3.,33.1700260232649));
#4971=CARTESIAN_POINT('Ctrl Pts',(48.0489890477699,3.,33.2019936848124));
#4972=CARTESIAN_POINT('Ctrl Pts',(48.0207630890504,3.,33.2169560971504));
#4973=CARTESIAN_POINT('',(48.2117590206758,2.8,33.1487433495766));
#4974=CARTESIAN_POINT('',(48.2117590206758,3.,33.1487433495766));
#4975=CARTESIAN_POINT('Ctrl Pts',(48.2117590206758,2.8,33.1487433495766));
#4976=CARTESIAN_POINT('Ctrl Pts',(48.1761795249892,2.8,33.1561334998519));
#4977=CARTESIAN_POINT('Ctrl Pts',(48.1092946906578,2.8,33.1700260232649));
#4978=CARTESIAN_POINT('Ctrl Pts',(48.0489890477699,2.8,33.2019936848124));
#4979=CARTESIAN_POINT('Ctrl Pts',(48.0207630890504,2.8,33.2169560971504));
#4980=CARTESIAN_POINT('Ctrl Pts',(48.4368619221345,3.,33.1368060293442));
#4981=CARTESIAN_POINT('Ctrl Pts',(48.4368619221345,2.8,33.1368060293442));
#4982=CARTESIAN_POINT('Ctrl Pts',(48.3913204594275,3.,33.1367196120689));
#4983=CARTESIAN_POINT('Ctrl Pts',(48.3913204594275,2.8,33.1367196120689));
#4984=CARTESIAN_POINT('Ctrl Pts',(48.3160333868608,3.,33.136576750964));
#4985=CARTESIAN_POINT('Ctrl Pts',(48.3160333868608,2.8,33.136576750964));
#4986=CARTESIAN_POINT('Ctrl Pts',(48.2412898728187,3.,33.1452977278207));
#4987=CARTESIAN_POINT('Ctrl Pts',(48.2412898728187,2.8,33.1452977278207));
#4988=CARTESIAN_POINT('Ctrl Pts',(48.2117590206758,3.,33.1487433495766));
#4989=CARTESIAN_POINT('Ctrl Pts',(48.2117590206758,2.8,33.1487433495766));
#4990=CARTESIAN_POINT('',(48.4368619221345,3.,33.1368060293442));
#4991=CARTESIAN_POINT('Ctrl Pts',(48.4368619221345,3.,33.1368060293442));
#4992=CARTESIAN_POINT('Ctrl Pts',(48.3913204594275,3.,33.1367196120689));
#4993=CARTESIAN_POINT('Ctrl Pts',(48.3160333868608,3.,33.136576750964));
#4994=CARTESIAN_POINT('Ctrl Pts',(48.2412898728187,3.,33.1452977278207));
#4995=CARTESIAN_POINT('Ctrl Pts',(48.2117590206758,3.,33.1487433495766));
#4996=CARTESIAN_POINT('',(48.4368619221345,2.8,33.1368060293442));
#4997=CARTESIAN_POINT('',(48.4368619221345,3.,33.1368060293442));
#4998=CARTESIAN_POINT('Ctrl Pts',(48.4368619221345,2.8,33.1368060293442));
#4999=CARTESIAN_POINT('Ctrl Pts',(48.3913204594275,2.8,33.1367196120689));
#5000=CARTESIAN_POINT('Ctrl Pts',(48.3160333868608,2.8,33.136576750964));
#5001=CARTESIAN_POINT('Ctrl Pts',(48.2412898728187,2.8,33.1452977278207));
#5002=CARTESIAN_POINT('Ctrl Pts',(48.2117590206758,2.8,33.1487433495766));
#5003=CARTESIAN_POINT('Origin',(49.0593036907808,3.,33.1368060293442));
#5004=CARTESIAN_POINT('',(49.0593036907808,3.,33.1368060293442));
#5005=CARTESIAN_POINT('',(45.2796518453904,3.,33.1368060293442));
#5006=CARTESIAN_POINT('',(49.0593036907808,2.8,33.1368060293442));
#5007=CARTESIAN_POINT('',(49.0593036907808,3.,33.1368060293442));
#5008=CARTESIAN_POINT('',(49.0593036907808,2.8,33.1368060293442));
#5009=CARTESIAN_POINT('Origin',(49.0593036907808,3.,33.9962877216583));
#5010=CARTESIAN_POINT('',(49.0593036907808,3.,31.4981438608292));
#5011=CARTESIAN_POINT('',(49.0593036907808,2.8,33.9962877216583));
#5012=CARTESIAN_POINT('Ctrl Pts',(48.0335530537263,3.,32.8835661592728));
#5013=CARTESIAN_POINT('Ctrl Pts',(48.0335530537263,2.8,32.8835661592728));
#5014=CARTESIAN_POINT('Ctrl Pts',(48.0944024193891,3.,32.8714035642396));
#5015=CARTESIAN_POINT('Ctrl Pts',(48.0944024193891,2.8,32.8714035642396));
#5016=CARTESIAN_POINT('Ctrl Pts',(48.2274594637272,3.,32.8448080701212));
#5017=CARTESIAN_POINT('Ctrl Pts',(48.2274594637272,2.8,32.8448080701212));
#5018=CARTESIAN_POINT('Ctrl Pts',(48.3631986778687,3.,32.8428488961512));
#5019=CARTESIAN_POINT('Ctrl Pts',(48.3631986778687,2.8,32.8428488961512));
#5020=CARTESIAN_POINT('Ctrl Pts',(48.4368619221345,3.,32.841785687471));
#5021=CARTESIAN_POINT('Ctrl Pts',(48.4368619221345,2.8,32.841785687471));
#5022=CARTESIAN_POINT('',(48.0335530537263,3.,32.8835661592728));
#5023=CARTESIAN_POINT('',(48.4368619221345,3.,32.841785687471));
#5024=CARTESIAN_POINT('Ctrl Pts',(48.0335530537263,3.,32.8835661592728));
#5025=CARTESIAN_POINT('Ctrl Pts',(48.0944024193891,3.,32.8714035642396));
#5026=CARTESIAN_POINT('Ctrl Pts',(48.2274594637272,3.,32.8448080701212));
#5027=CARTESIAN_POINT('Ctrl Pts',(48.3631986778687,3.,32.8428488961512));
#5028=CARTESIAN_POINT('Ctrl Pts',(48.4368619221345,3.,32.841785687471));
#5029=CARTESIAN_POINT('',(48.0335530537263,2.8,32.8835661592728));
#5030=CARTESIAN_POINT('',(48.0335530537263,3.,32.8835661592728));
#5031=CARTESIAN_POINT('',(48.4368619221345,2.8,32.841785687471));
#5032=CARTESIAN_POINT('Ctrl Pts',(48.0335530537263,2.8,32.8835661592728));
#5033=CARTESIAN_POINT('Ctrl Pts',(48.0944024193891,2.8,32.8714035642396));
#5034=CARTESIAN_POINT('Ctrl Pts',(48.2274594637272,2.8,32.8448080701212));
#5035=CARTESIAN_POINT('Ctrl Pts',(48.3631986778687,2.8,32.8428488961512));
#5036=CARTESIAN_POINT('Ctrl Pts',(48.4368619221345,2.8,32.841785687471));
#5037=CARTESIAN_POINT('',(48.4368619221345,3.,32.841785687471));
#5038=CARTESIAN_POINT('Ctrl Pts',(47.7598497170106,3.,33.0072016897446));
#5039=CARTESIAN_POINT('Ctrl Pts',(47.7598497170106,2.8,33.0072016897446));
#5040=CARTESIAN_POINT('Ctrl Pts',(47.7999272736524,3.,32.9812473659564));
#5041=CARTESIAN_POINT('Ctrl Pts',(47.7999272736524,2.8,32.9812473659564));
#5042=CARTESIAN_POINT('Ctrl Pts',(47.8848443591377,3.,32.926254853525));
#5043=CARTESIAN_POINT('Ctrl Pts',(47.8848443591377,2.8,32.926254853525));
#5044=CARTESIAN_POINT('Ctrl Pts',(47.9821643223327,3.,32.8983179385722));
#5045=CARTESIAN_POINT('Ctrl Pts',(47.9821643223327,2.8,32.8983179385722));
#5046=CARTESIAN_POINT('Ctrl Pts',(48.0335530537263,3.,32.8835661592728));
#5047=CARTESIAN_POINT('Ctrl Pts',(48.0335530537263,2.8,32.8835661592728));
#5048=CARTESIAN_POINT('',(47.7598497170106,3.,33.0072016897446));
#5049=CARTESIAN_POINT('Ctrl Pts',(47.7598497170106,3.,33.0072016897446));
#5050=CARTESIAN_POINT('Ctrl Pts',(47.7999272736524,3.,32.9812473659564));
#5051=CARTESIAN_POINT('Ctrl Pts',(47.8848443591377,3.,32.926254853525));
#5052=CARTESIAN_POINT('Ctrl Pts',(47.9821643223327,3.,32.8983179385722));
#5053=CARTESIAN_POINT('Ctrl Pts',(48.0335530537263,3.,32.8835661592728));
#5054=CARTESIAN_POINT('',(47.7598497170106,2.8,33.0072016897446));
#5055=CARTESIAN_POINT('',(47.7598497170106,3.,33.0072016897446));
#5056=CARTESIAN_POINT('Ctrl Pts',(47.7598497170106,2.8,33.0072016897446));
#5057=CARTESIAN_POINT('Ctrl Pts',(47.7999272736524,2.8,32.9812473659564));
#5058=CARTESIAN_POINT('Ctrl Pts',(47.8848443591377,2.8,32.926254853525));
#5059=CARTESIAN_POINT('Ctrl Pts',(47.9821643223327,2.8,32.8983179385722));
#5060=CARTESIAN_POINT('Ctrl Pts',(48.0335530537263,2.8,32.8835661592728));
#5061=CARTESIAN_POINT('Ctrl Pts',(47.5765272873537,3.,33.2399780931717));
#5062=CARTESIAN_POINT('Ctrl Pts',(47.5765272873537,2.8,33.2399780931717));
#5063=CARTESIAN_POINT('Ctrl Pts',(47.6016193586705,3.,33.1933926917327));
#5064=CARTESIAN_POINT('Ctrl Pts',(47.6016193586705,2.8,33.1933926917327));
#5065=CARTESIAN_POINT('Ctrl Pts',(47.6492188612615,3.,33.1050204761233));
#5066=CARTESIAN_POINT('Ctrl Pts',(47.6492188612615,2.8,33.1050204761233));
#5067=CARTESIAN_POINT('Ctrl Pts',(47.7243323117371,3.,33.0386058532182));
#5068=CARTESIAN_POINT('Ctrl Pts',(47.7243323117371,2.8,33.0386058532182));
#5069=CARTESIAN_POINT('Ctrl Pts',(47.7598497170106,3.,33.0072016897446));
#5070=CARTESIAN_POINT('Ctrl Pts',(47.7598497170106,2.8,33.0072016897446));
#5071=CARTESIAN_POINT('',(47.5765272873537,3.,33.2399780931717));
#5072=CARTESIAN_POINT('Ctrl Pts',(47.5765272873537,3.,33.2399780931717));
#5073=CARTESIAN_POINT('Ctrl Pts',(47.6016193586705,3.,33.1933926917327));
#5074=CARTESIAN_POINT('Ctrl Pts',(47.6492188612615,3.,33.1050204761233));
#5075=CARTESIAN_POINT('Ctrl Pts',(47.7243323117371,3.,33.0386058532182));
#5076=CARTESIAN_POINT('Ctrl Pts',(47.7598497170106,3.,33.0072016897446));
#5077=CARTESIAN_POINT('',(47.5765272873537,2.8,33.2399780931717));
#5078=CARTESIAN_POINT('',(47.5765272873537,3.,33.2399780931717));
#5079=CARTESIAN_POINT('Ctrl Pts',(47.5765272873537,2.8,33.2399780931717));
#5080=CARTESIAN_POINT('Ctrl Pts',(47.6016193586705,2.8,33.1933926917327));
#5081=CARTESIAN_POINT('Ctrl Pts',(47.6492188612615,2.8,33.1050204761233));
#5082=CARTESIAN_POINT('Ctrl Pts',(47.7243323117371,2.8,33.0386058532182));
#5083=CARTESIAN_POINT('Ctrl Pts',(47.7598497170106,2.8,33.0072016897446));
#5084=CARTESIAN_POINT('Ctrl Pts',(47.502345730652,3.,33.5665468755013));
#5085=CARTESIAN_POINT('Ctrl Pts',(47.502345730652,2.8,33.5665468755013));
#5086=CARTESIAN_POINT('Ctrl Pts',(47.5052943366469,3.,33.5093192577608));
#5087=CARTESIAN_POINT('Ctrl Pts',(47.5052943366469,2.8,33.5093192577608));
#5088=CARTESIAN_POINT('Ctrl Pts',(47.5111255697733,3.,33.3961445640632));
#5089=CARTESIAN_POINT('Ctrl Pts',(47.5111255697733,2.8,33.3961445640632));
#5090=CARTESIAN_POINT('Ctrl Pts',(47.5548917825416,3.,33.2916394341497));
#5091=CARTESIAN_POINT('Ctrl Pts',(47.5548917825416,2.8,33.2916394341497));
#5092=CARTESIAN_POINT('Ctrl Pts',(47.5765272873537,3.,33.2399780931717));
#5093=CARTESIAN_POINT('Ctrl Pts',(47.5765272873537,2.8,33.2399780931717));
#5094=CARTESIAN_POINT('',(47.502345730652,3.,33.5665468755013));
#5095=CARTESIAN_POINT('Ctrl Pts',(47.502345730652,3.,33.5665468755013));
#5096=CARTESIAN_POINT('Ctrl Pts',(47.5052943366469,3.,33.5093192577608));
#5097=CARTESIAN_POINT('Ctrl Pts',(47.5111255697733,3.,33.3961445640632));
#5098=CARTESIAN_POINT('Ctrl Pts',(47.5548917825416,3.,33.2916394341497));
#5099=CARTESIAN_POINT('Ctrl Pts',(47.5765272873537,3.,33.2399780931717));
#5100=CARTESIAN_POINT('',(47.502345730652,2.8,33.5665468755013));
#5101=CARTESIAN_POINT('',(47.502345730652,3.,33.5665468755013));
#5102=CARTESIAN_POINT('Ctrl Pts',(47.502345730652,2.8,33.5665468755013));
#5103=CARTESIAN_POINT('Ctrl Pts',(47.5052943366469,2.8,33.5093192577608));
#5104=CARTESIAN_POINT('Ctrl Pts',(47.5111255697733,2.8,33.3961445640632));
#5105=CARTESIAN_POINT('Ctrl Pts',(47.5548917825416,2.8,33.2916394341497));
#5106=CARTESIAN_POINT('Ctrl Pts',(47.5765272873537,2.8,33.2399780931717));
#5107=CARTESIAN_POINT('Ctrl Pts',(47.6242765682832,3.,33.945128160978));
#5108=CARTESIAN_POINT('Ctrl Pts',(47.6242765682832,2.8,33.945128160978));
#5109=CARTESIAN_POINT('Ctrl Pts',(47.5887182683052,3.,33.8885183302713));
#5110=CARTESIAN_POINT('Ctrl Pts',(47.5887182683052,2.8,33.8885183302713));
#5111=CARTESIAN_POINT('Ctrl Pts',(47.5160188113897,3.,33.7727787153013));
#5112=CARTESIAN_POINT('Ctrl Pts',(47.5160188113897,2.8,33.7727787153013));
#5113=CARTESIAN_POINT('Ctrl Pts',(47.5069691028245,3.,33.6362814559886));
#5114=CARTESIAN_POINT('Ctrl Pts',(47.5069691028245,2.8,33.6362814559886));
#5115=CARTESIAN_POINT('Ctrl Pts',(47.502345730652,3.,33.5665468755013));
#5116=CARTESIAN_POINT('Ctrl Pts',(47.502345730652,2.8,33.5665468755013));
#5117=CARTESIAN_POINT('',(47.6242765682832,3.,33.945128160978));
#5118=CARTESIAN_POINT('Ctrl Pts',(47.6242765682832,3.,33.945128160978));
#5119=CARTESIAN_POINT('Ctrl Pts',(47.5887182683052,3.,33.8885183302713));
#5120=CARTESIAN_POINT('Ctrl Pts',(47.5160188113897,3.,33.7727787153013));
#5121=CARTESIAN_POINT('Ctrl Pts',(47.5069691028245,3.,33.6362814559886));
#5122=CARTESIAN_POINT('Ctrl Pts',(47.502345730652,3.,33.5665468755013));
#5123=CARTESIAN_POINT('',(47.6242765682832,2.8,33.945128160978));
#5124=CARTESIAN_POINT('',(47.6242765682832,3.,33.945128160978));
#5125=CARTESIAN_POINT('Ctrl Pts',(47.6242765682832,2.8,33.945128160978));
#5126=CARTESIAN_POINT('Ctrl Pts',(47.5887182683052,2.8,33.8885183302713));
#5127=CARTESIAN_POINT('Ctrl Pts',(47.5160188113897,2.8,33.7727787153013));
#5128=CARTESIAN_POINT('Ctrl Pts',(47.5069691028245,2.8,33.6362814559886));
#5129=CARTESIAN_POINT('Ctrl Pts',(47.502345730652,2.8,33.5665468755013));
#5130=CARTESIAN_POINT('Ctrl Pts',(47.9730138081209,3.,34.1719357552773));
#5131=CARTESIAN_POINT('Ctrl Pts',(47.9730138081209,2.8,34.1719357552773));
#5132=CARTESIAN_POINT('Ctrl Pts',(47.902752190113,3.,34.1470973319235));
#5133=CARTESIAN_POINT('Ctrl Pts',(47.902752190113,2.8,34.1470973319235));
#5134=CARTESIAN_POINT('Ctrl Pts',(47.768029875341,3.,34.0994711885983));
#5135=CARTESIAN_POINT('Ctrl Pts',(47.768029875341,2.8,34.0994711885983));
#5136=CARTESIAN_POINT('Ctrl Pts',(47.6707988005942,3.,33.9950774966384));
#5137=CARTESIAN_POINT('Ctrl Pts',(47.6707988005942,2.8,33.9950774966384));
#5138=CARTESIAN_POINT('Ctrl Pts',(47.6242765682832,3.,33.945128160978));
#5139=CARTESIAN_POINT('Ctrl Pts',(47.6242765682832,2.8,33.945128160978));
#5140=CARTESIAN_POINT('',(47.9730138081209,3.,34.1719357552773));
#5141=CARTESIAN_POINT('Ctrl Pts',(47.9730138081209,3.,34.1719357552773));
#5142=CARTESIAN_POINT('Ctrl Pts',(47.902752190113,3.,34.1470973319235));
#5143=CARTESIAN_POINT('Ctrl Pts',(47.768029875341,3.,34.0994711885983));
#5144=CARTESIAN_POINT('Ctrl Pts',(47.6707988005942,3.,33.9950774966384));
#5145=CARTESIAN_POINT('Ctrl Pts',(47.6242765682832,3.,33.945128160978));
#5146=CARTESIAN_POINT('',(47.9730138081209,2.8,34.1719357552773));
#5147=CARTESIAN_POINT('',(47.9730138081209,3.,34.1719357552773));
#5148=CARTESIAN_POINT('Ctrl Pts',(47.9730138081209,2.8,34.1719357552773));
#5149=CARTESIAN_POINT('Ctrl Pts',(47.902752190113,2.8,34.1470973319235));
#5150=CARTESIAN_POINT('Ctrl Pts',(47.768029875341,2.8,34.0994711885983));
#5151=CARTESIAN_POINT('Ctrl Pts',(47.6707988005942,2.8,33.9950774966384));
#5152=CARTESIAN_POINT('Ctrl Pts',(47.6242765682832,2.8,33.945128160978));
#5153=CARTESIAN_POINT('Ctrl Pts',(47.7103945511476,3.,34.4004487874752));
#5154=CARTESIAN_POINT('Ctrl Pts',(47.7103945511476,2.8,34.4004487874752));
#5155=CARTESIAN_POINT('Ctrl Pts',(47.7442662808975,3.,34.3549694127672));
#5156=CARTESIAN_POINT('Ctrl Pts',(47.7442662808975,2.8,34.3549694127672));
#5157=CARTESIAN_POINT('Ctrl Pts',(47.8151087250553,3.,34.2598496746589));
#5158=CARTESIAN_POINT('Ctrl Pts',(47.8151087250553,2.8,34.2598496746589));
#5159=CARTESIAN_POINT('Ctrl Pts',(47.9188658376204,3.,34.2020827285148));
#5160=CARTESIAN_POINT('Ctrl Pts',(47.9188658376204,2.8,34.2020827285148));
#5161=CARTESIAN_POINT('Ctrl Pts',(47.9730138081209,3.,34.1719357552773));
#5162=CARTESIAN_POINT('Ctrl Pts',(47.9730138081209,2.8,34.1719357552773));
#5163=CARTESIAN_POINT('',(47.7103945511476,3.,34.4004487874752));
#5164=CARTESIAN_POINT('Ctrl Pts',(47.7103945511476,3.,34.4004487874752));
#5165=CARTESIAN_POINT('Ctrl Pts',(47.7442662808975,3.,34.3549694127672));
#5166=CARTESIAN_POINT('Ctrl Pts',(47.8151087250553,3.,34.2598496746589));
#5167=CARTESIAN_POINT('Ctrl Pts',(47.9188658376204,3.,34.2020827285148));
#5168=CARTESIAN_POINT('Ctrl Pts',(47.9730138081209,3.,34.1719357552773));
#5169=CARTESIAN_POINT('',(47.7103945511476,2.8,34.4004487874752));
#5170=CARTESIAN_POINT('',(47.7103945511476,3.,34.4004487874752));
#5171=CARTESIAN_POINT('Ctrl Pts',(47.7103945511476,2.8,34.4004487874752));
#5172=CARTESIAN_POINT('Ctrl Pts',(47.7442662808975,2.8,34.3549694127672));
#5173=CARTESIAN_POINT('Ctrl Pts',(47.8151087250553,2.8,34.2598496746589));
#5174=CARTESIAN_POINT('Ctrl Pts',(47.9188658376204,2.8,34.2020827285148));
#5175=CARTESIAN_POINT('Ctrl Pts',(47.9730138081209,2.8,34.1719357552773));
#5176=CARTESIAN_POINT('Ctrl Pts',(47.62342302977,3.,34.7022904339081));
#5177=CARTESIAN_POINT('Ctrl Pts',(47.62342302977,2.8,34.7022904339081));
#5178=CARTESIAN_POINT('Ctrl Pts',(47.6271817459187,3.,34.6494200768748));
#5179=CARTESIAN_POINT('Ctrl Pts',(47.6271817459187,2.8,34.6494200768748));
#5180=CARTESIAN_POINT('Ctrl Pts',(47.6347708925327,3.,34.54267062435));
#5181=CARTESIAN_POINT('Ctrl Pts',(47.6347708925327,2.8,34.54267062435));
#5182=CARTESIAN_POINT('Ctrl Pts',(47.685028360802,3.,34.4481537815412));
#5183=CARTESIAN_POINT('Ctrl Pts',(47.685028360802,2.8,34.4481537815412));
#5184=CARTESIAN_POINT('Ctrl Pts',(47.7103945511476,3.,34.4004487874752));
#5185=CARTESIAN_POINT('Ctrl Pts',(47.7103945511476,2.8,34.4004487874752));
#5186=CARTESIAN_POINT('',(47.62342302977,3.,34.7022904339081));
#5187=CARTESIAN_POINT('Ctrl Pts',(47.62342302977,3.,34.7022904339081));
#5188=CARTESIAN_POINT('Ctrl Pts',(47.6271817459187,3.,34.6494200768748));
#5189=CARTESIAN_POINT('Ctrl Pts',(47.6347708925327,3.,34.54267062435));
#5190=CARTESIAN_POINT('Ctrl Pts',(47.685028360802,3.,34.4481537815412));
#5191=CARTESIAN_POINT('Ctrl Pts',(47.7103945511476,3.,34.4004487874752));
#5192=CARTESIAN_POINT('',(47.62342302977,2.8,34.7022904339081));
#5193=CARTESIAN_POINT('',(47.62342302977,3.,34.7022904339081));
#5194=CARTESIAN_POINT('Ctrl Pts',(47.62342302977,2.8,34.7022904339081));
#5195=CARTESIAN_POINT('Ctrl Pts',(47.6271817459187,2.8,34.6494200768748));
#5196=CARTESIAN_POINT('Ctrl Pts',(47.6347708925327,2.8,34.54267062435));
#5197=CARTESIAN_POINT('Ctrl Pts',(47.685028360802,2.8,34.4481537815412));
#5198=CARTESIAN_POINT('Ctrl Pts',(47.7103945511476,2.8,34.4004487874752));
#5199=CARTESIAN_POINT('Ctrl Pts',(47.7214798229829,3.,35.0322699430233));
#5200=CARTESIAN_POINT('Ctrl Pts',(47.7214798229829,2.8,35.0322699430233));
#5201=CARTESIAN_POINT('Ctrl Pts',(47.6928832541168,3.,34.9796817671842));
#5202=CARTESIAN_POINT('Ctrl Pts',(47.6928832541168,2.8,34.9796817671842));
#5203=CARTESIAN_POINT('Ctrl Pts',(47.636810552964,3.,34.8765658625525));
#5204=CARTESIAN_POINT('Ctrl Pts',(47.636810552964,2.8,34.8765658625525));
#5205=CARTESIAN_POINT('Ctrl Pts',(47.6278256927771,3.,34.7596031998035));
#5206=CARTESIAN_POINT('Ctrl Pts',(47.6278256927771,2.8,34.7596031998035));
#5207=CARTESIAN_POINT('Ctrl Pts',(47.62342302977,3.,34.7022904339081));
#5208=CARTESIAN_POINT('Ctrl Pts',(47.62342302977,2.8,34.7022904339081));
#5209=CARTESIAN_POINT('',(47.7214798229829,3.,35.0322699430233));
#5210=CARTESIAN_POINT('Ctrl Pts',(47.7214798229829,3.,35.0322699430233));
#5211=CARTESIAN_POINT('Ctrl Pts',(47.6928832541168,3.,34.9796817671842));
#5212=CARTESIAN_POINT('Ctrl Pts',(47.636810552964,3.,34.8765658625525));
#5213=CARTESIAN_POINT('Ctrl Pts',(47.6278256927771,3.,34.7596031998035));
#5214=CARTESIAN_POINT('Ctrl Pts',(47.62342302977,3.,34.7022904339081));
#5215=CARTESIAN_POINT('',(47.7214798229829,2.8,35.0322699430233));
#5216=CARTESIAN_POINT('',(47.7214798229829,3.,35.0322699430233));
#5217=CARTESIAN_POINT('Ctrl Pts',(47.7214798229829,2.8,35.0322699430233));
#5218=CARTESIAN_POINT('Ctrl Pts',(47.6928832541168,2.8,34.9796817671842));
#5219=CARTESIAN_POINT('Ctrl Pts',(47.636810552964,2.8,34.8765658625525));
#5220=CARTESIAN_POINT('Ctrl Pts',(47.6278256927771,2.8,34.7596031998035));
#5221=CARTESIAN_POINT('Ctrl Pts',(47.62342302977,2.8,34.7022904339081));
#5222=CARTESIAN_POINT('Ctrl Pts',(47.9926249283449,3.,35.265898990894));
#5223=CARTESIAN_POINT('Ctrl Pts',(47.9926249283449,2.8,35.265898990894));
#5224=CARTESIAN_POINT('Ctrl Pts',(47.9381318898653,3.,35.2373160790377));
#5225=CARTESIAN_POINT('Ctrl Pts',(47.9381318898653,2.8,35.2373160790377));
#5226=CARTESIAN_POINT('Ctrl Pts',(47.8296506523603,3.,35.1804150557846));
#5227=CARTESIAN_POINT('Ctrl Pts',(47.8296506523603,2.8,35.1804150557846));
#5228=CARTESIAN_POINT('Ctrl Pts',(47.7574247267746,3.,35.0814982040624));
#5229=CARTESIAN_POINT('Ctrl Pts',(47.7574247267746,2.8,35.0814982040624));
#5230=CARTESIAN_POINT('Ctrl Pts',(47.7214798229829,3.,35.0322699430233));
#5231=CARTESIAN_POINT('Ctrl Pts',(47.7214798229829,2.8,35.0322699430233));
#5232=CARTESIAN_POINT('',(47.9926249283449,3.,35.265898990894));
#5233=CARTESIAN_POINT('Ctrl Pts',(47.9926249283449,3.,35.265898990894));
#5234=CARTESIAN_POINT('Ctrl Pts',(47.9381318898653,3.,35.2373160790377));
#5235=CARTESIAN_POINT('Ctrl Pts',(47.8296506523603,3.,35.1804150557846));
#5236=CARTESIAN_POINT('Ctrl Pts',(47.7574247267746,3.,35.0814982040624));
#5237=CARTESIAN_POINT('Ctrl Pts',(47.7214798229829,3.,35.0322699430233));
#5238=CARTESIAN_POINT('',(47.9926249283449,2.8,35.265898990894));
#5239=CARTESIAN_POINT('',(47.9926249283449,3.,35.265898990894));
#5240=CARTESIAN_POINT('Ctrl Pts',(47.9926249283449,2.8,35.265898990894));
#5241=CARTESIAN_POINT('Ctrl Pts',(47.9381318898653,2.8,35.2373160790377));
#5242=CARTESIAN_POINT('Ctrl Pts',(47.8296506523603,2.8,35.1804150557846));
#5243=CARTESIAN_POINT('Ctrl Pts',(47.7574247267746,2.8,35.0814982040624));
#5244=CARTESIAN_POINT('Ctrl Pts',(47.7214798229829,2.8,35.0322699430233));
#5245=CARTESIAN_POINT('Ctrl Pts',(48.4522089260713,3.,35.341785687471));
#5246=CARTESIAN_POINT('Ctrl Pts',(48.4522089260713,2.8,35.341785687471));
#5247=CARTESIAN_POINT('Ctrl Pts',(48.365326884547,3.,35.3401986066866));
#5248=CARTESIAN_POINT('Ctrl Pts',(48.365326884547,2.8,35.3401986066866));
#5249=CARTESIAN_POINT('Ctrl Pts',(48.2081820531822,3.,35.3373280302377));
#5250=CARTESIAN_POINT('Ctrl Pts',(48.2081820531822,2.8,35.3373280302377));
#5251=CARTESIAN_POINT('Ctrl Pts',(48.0592262360793,3.,35.2879686275812));
#5252=CARTESIAN_POINT('Ctrl Pts',(48.0592262360793,2.8,35.2879686275812));
#5253=CARTESIAN_POINT('Ctrl Pts',(47.9926249283449,3.,35.265898990894));
#5254=CARTESIAN_POINT('Ctrl Pts',(47.9926249283449,2.8,35.265898990894));
#5255=CARTESIAN_POINT('',(48.4522089260713,3.,35.341785687471));
#5256=CARTESIAN_POINT('Ctrl Pts',(48.4522089260713,3.,35.341785687471));
#5257=CARTESIAN_POINT('Ctrl Pts',(48.365326884547,3.,35.3401986066866));
#5258=CARTESIAN_POINT('Ctrl Pts',(48.2081820531822,3.,35.3373280302377));
#5259=CARTESIAN_POINT('Ctrl Pts',(48.0592262360793,3.,35.2879686275812));
#5260=CARTESIAN_POINT('Ctrl Pts',(47.9926249283449,3.,35.265898990894));
#5261=CARTESIAN_POINT('',(48.4522089260713,2.8,35.341785687471));
#5262=CARTESIAN_POINT('',(48.4522089260713,3.,35.341785687471));
#5263=CARTESIAN_POINT('Ctrl Pts',(48.4522089260713,2.8,35.341785687471));
#5264=CARTESIAN_POINT('Ctrl Pts',(48.365326884547,2.8,35.3401986066866));
#5265=CARTESIAN_POINT('Ctrl Pts',(48.2081820531822,2.8,35.3373280302377));
#5266=CARTESIAN_POINT('Ctrl Pts',(48.0592262360793,2.8,35.2879686275812));
#5267=CARTESIAN_POINT('Ctrl Pts',(47.9926249283449,2.8,35.265898990894));
#5268=CARTESIAN_POINT('Origin',(49.3901356953279,3.,35.341785687471));
#5269=CARTESIAN_POINT('',(49.3901356953279,3.,35.341785687471));
#5270=CARTESIAN_POINT('',(45.4450678476639,3.,35.341785687471));
#5271=CARTESIAN_POINT('',(49.3901356953279,2.8,35.341785687471));
#5272=CARTESIAN_POINT('',(49.3901356953279,3.,35.341785687471));
#5273=CARTESIAN_POINT('',(49.3901356953279,2.8,35.341785687471));
#5274=CARTESIAN_POINT('Origin',(49.3901356953279,3.,32.841785687471));
#5275=CARTESIAN_POINT('',(49.3901356953279,3.,32.841785687471));
#5276=CARTESIAN_POINT('',(49.3901356953279,3.,30.9208928437355));
#5277=CARTESIAN_POINT('',(49.3901356953279,2.8,32.841785687471));
#5278=CARTESIAN_POINT('',(49.3901356953279,3.,32.841785687471));
#5279=CARTESIAN_POINT('',(49.3901356953279,2.8,32.841785687471));
#5280=CARTESIAN_POINT('Origin',(48.4368619221345,3.,32.841785687471));
#5281=CARTESIAN_POINT('',(44.9684309610673,3.,32.841785687471));
#5282=CARTESIAN_POINT('',(48.4368619221345,2.8,32.841785687471));
#5283=CARTESIAN_POINT('Origin',(55.13109725817,2.8,34.0917855384594));
#5284=CARTESIAN_POINT('Origin',(54.0797671574251,3.,34.0201622131115));
#5285=CARTESIAN_POINT('',(54.0797671574251,3.,34.0201622131115));
#5286=CARTESIAN_POINT('',(54.0797671574251,3.,32.841785687471));
#5287=CARTESIAN_POINT('',(54.0797671574251,3.,31.5100811065558));
#5288=CARTESIAN_POINT('',(54.0797671574251,2.8,34.0201622131115));
#5289=CARTESIAN_POINT('',(54.0797671574251,3.,34.0201622131115));
#5290=CARTESIAN_POINT('',(54.0797671574251,2.8,32.841785687471));
#5291=CARTESIAN_POINT('',(54.0797671574251,2.8,34.0201622131115));
#5292=CARTESIAN_POINT('',(54.0797671574251,3.,32.841785687471));
#5293=CARTESIAN_POINT('Origin',(52.7803131836549,3.,34.0201622131115));
#5294=CARTESIAN_POINT('',(52.7803131836549,3.,34.0201622131115));
#5295=CARTESIAN_POINT('',(47.1401565918275,3.,34.0201622131115));
#5296=CARTESIAN_POINT('',(52.7803131836549,2.8,34.0201622131115));
#5297=CARTESIAN_POINT('',(52.7803131836549,3.,34.0201622131115));
#5298=CARTESIAN_POINT('',(52.7803131836549,2.8,34.0201622131115));
#5299=CARTESIAN_POINT('Origin',(52.7803131836549,3.,32.841785687471));
#5300=CARTESIAN_POINT('',(52.7803131836549,3.,32.841785687471));
#5301=CARTESIAN_POINT('',(52.7803131836549,3.,30.9208928437355));
#5302=CARTESIAN_POINT('',(52.7803131836549,2.8,32.841785687471));
#5303=CARTESIAN_POINT('',(52.7803131836549,3.,32.841785687471));
#5304=CARTESIAN_POINT('',(52.7803131836549,2.8,32.841785687471));
#5305=CARTESIAN_POINT('Origin',(52.4494799870149,3.,32.841785687471));
#5306=CARTESIAN_POINT('',(52.4494799870149,3.,32.841785687471));
#5307=CARTESIAN_POINT('',(46.9747399935075,3.,32.841785687471));
#5308=CARTESIAN_POINT('',(52.4494799870149,2.8,32.841785687471));
#5309=CARTESIAN_POINT('',(52.4494799870149,3.,32.841785687471));
#5310=CARTESIAN_POINT('',(52.4494799870149,2.8,32.841785687471));
#5311=CARTESIAN_POINT('Origin',(52.4494799870149,3.,35.341785687471));
#5312=CARTESIAN_POINT('',(52.4494799870149,3.,35.341785687471));
#5313=CARTESIAN_POINT('',(52.4494799870149,3.,32.1708928437355));
#5314=CARTESIAN_POINT('',(52.4494799870149,2.8,35.341785687471));
#5315=CARTESIAN_POINT('',(52.4494799870149,3.,35.341785687471));
#5316=CARTESIAN_POINT('',(52.4494799870149,2.8,35.341785687471));
#5317=CARTESIAN_POINT('Origin',(52.7803131836549,3.,35.341785687471));
#5318=CARTESIAN_POINT('',(52.7803131836549,3.,35.341785687471));
#5319=CARTESIAN_POINT('',(47.1401565918275,3.,35.341785687471));
#5320=CARTESIAN_POINT('',(52.7803131836549,2.8,35.341785687471));
#5321=CARTESIAN_POINT('',(52.7803131836549,3.,35.341785687471));
#5322=CARTESIAN_POINT('',(52.7803131836549,2.8,35.341785687471));
#5323=CARTESIAN_POINT('Origin',(52.7803131836549,3.,34.3151827039963));
#5324=CARTESIAN_POINT('',(52.7803131836549,3.,34.3151827039963));
#5325=CARTESIAN_POINT('',(52.7803131836549,3.,31.6575913519982));
#5326=CARTESIAN_POINT('',(52.7803131836549,2.8,34.3151827039963));
#5327=CARTESIAN_POINT('',(52.7803131836549,3.,34.3151827039963));
#5328=CARTESIAN_POINT('',(52.7803131836549,2.8,34.3151827039963));
#5329=CARTESIAN_POINT('Origin',(54.0797671574251,3.,34.3151827039963));
#5330=CARTESIAN_POINT('',(54.0797671574251,3.,34.3151827039963));
#5331=CARTESIAN_POINT('',(47.7898835787125,3.,34.3151827039963));
#5332=CARTESIAN_POINT('',(54.0797671574251,2.8,34.3151827039963));
#5333=CARTESIAN_POINT('',(54.0797671574251,3.,34.3151827039963));
#5334=CARTESIAN_POINT('',(54.0797671574251,2.8,34.3151827039963));
#5335=CARTESIAN_POINT('Origin',(54.0797671574251,3.,35.341785687471));
#5336=CARTESIAN_POINT('',(54.0797671574251,3.,35.341785687471));
#5337=CARTESIAN_POINT('',(54.0797671574251,3.,32.1708928437355));
#5338=CARTESIAN_POINT('',(54.0797671574251,2.8,35.341785687471));
#5339=CARTESIAN_POINT('',(54.0797671574251,3.,35.341785687471));
#5340=CARTESIAN_POINT('',(54.0797671574251,2.8,35.341785687471));
#5341=CARTESIAN_POINT('Origin',(54.4105991619722,3.,35.341785687471));
#5342=CARTESIAN_POINT('',(54.4105991619722,3.,35.341785687471));
#5343=CARTESIAN_POINT('',(47.9552995809861,3.,35.341785687471));
#5344=CARTESIAN_POINT('',(54.4105991619722,2.8,35.341785687471));
#5345=CARTESIAN_POINT('',(54.4105991619722,3.,35.341785687471));
#5346=CARTESIAN_POINT('',(54.4105991619722,2.8,35.341785687471));
#5347=CARTESIAN_POINT('Origin',(54.4105991619722,3.,32.841785687471));
#5348=CARTESIAN_POINT('',(54.4105991619722,3.,32.841785687471));
#5349=CARTESIAN_POINT('',(54.4105991619722,3.,30.9208928437355));
#5350=CARTESIAN_POINT('',(54.4105991619722,2.8,32.841785687471));
#5351=CARTESIAN_POINT('',(54.4105991619722,3.,32.841785687471));
#5352=CARTESIAN_POINT('',(54.4105991619722,2.8,32.841785687471));
#5353=CARTESIAN_POINT('Origin',(54.0797671574251,3.,32.841785687471));
#5354=CARTESIAN_POINT('',(47.7898835787125,3.,32.841785687471));
#5355=CARTESIAN_POINT('',(54.0797671574251,2.8,32.841785687471));
#5356=CARTESIAN_POINT('Origin',(55.13109725817,2.8,34.0917855384594));
#5357=CARTESIAN_POINT('Ctrl Pts',(50.4133269089357,3.,33.2629997911698));
#5358=CARTESIAN_POINT('Ctrl Pts',(50.4133269089357,2.8,33.2629997911698));
#5359=CARTESIAN_POINT('Ctrl Pts',(50.3684666715344,3.,33.3418758029558));
#5360=CARTESIAN_POINT('Ctrl Pts',(50.3684666715344,2.8,33.3418758029558));
#5361=CARTESIAN_POINT('Ctrl Pts',(50.2573486963155,3.,33.5372502198274));
#5362=CARTESIAN_POINT('Ctrl Pts',(50.2573486963155,2.8,33.5372502198274));
#5363=CARTESIAN_POINT('Ctrl Pts',(50.2578460666229,3.,33.7639232418426));
#5364=CARTESIAN_POINT('Ctrl Pts',(50.2578460666229,2.8,33.7639232418426));
#5365=CARTESIAN_POINT('Ctrl Pts',(50.2581426399843,3.,33.8990844669586));
#5366=CARTESIAN_POINT('Ctrl Pts',(50.2581426399843,2.8,33.8990844669586));
#5367=CARTESIAN_POINT('',(50.4133269089357,3.,33.2629997911698));
#5368=CARTESIAN_POINT('',(50.2581426399843,3.,33.8990844669586));
#5369=CARTESIAN_POINT('Ctrl Pts',(50.4133269089357,3.,33.2629997911698));
#5370=CARTESIAN_POINT('Ctrl Pts',(50.3684666715344,3.,33.3418758029558));
#5371=CARTESIAN_POINT('Ctrl Pts',(50.2573486963155,3.,33.5372502198274));
#5372=CARTESIAN_POINT('Ctrl Pts',(50.2578460666229,3.,33.7639232418426));
#5373=CARTESIAN_POINT('Ctrl Pts',(50.2581426399843,3.,33.8990844669586));
#5374=CARTESIAN_POINT('',(50.4133269089357,2.8,33.2629997911698));
#5375=CARTESIAN_POINT('',(50.4133269089357,3.,33.2629997911698));
#5376=CARTESIAN_POINT('',(50.2581426399843,2.8,33.8990844669586));
#5377=CARTESIAN_POINT('Ctrl Pts',(50.4133269089357,2.8,33.2629997911698));
#5378=CARTESIAN_POINT('Ctrl Pts',(50.3684666715344,2.8,33.3418758029558));
#5379=CARTESIAN_POINT('Ctrl Pts',(50.2573486963155,2.8,33.5372502198274));
#5380=CARTESIAN_POINT('Ctrl Pts',(50.2578460666229,2.8,33.7639232418426));
#5381=CARTESIAN_POINT('Ctrl Pts',(50.2581426399843,2.8,33.8990844669586));
#5382=CARTESIAN_POINT('',(50.2581426399843,3.,33.8990844669586));
#5383=CARTESIAN_POINT('Ctrl Pts',(50.9334489601747,3.,33.0975837888962));
#5384=CARTESIAN_POINT('Ctrl Pts',(50.9334489601747,2.8,33.0975837888962));
#5385=CARTESIAN_POINT('Ctrl Pts',(50.8253304663024,3.,33.1000197861529));
#5386=CARTESIAN_POINT('Ctrl Pts',(50.8253304663024,2.8,33.1000197861529));
#5387=CARTESIAN_POINT('Ctrl Pts',(50.6342552067613,3.,33.1043248665458));
#5388=CARTESIAN_POINT('Ctrl Pts',(50.6342552067613,2.8,33.1043248665458));
#5389=CARTESIAN_POINT('Ctrl Pts',(50.4802077671795,3.,33.2149646809323));
#5390=CARTESIAN_POINT('Ctrl Pts',(50.4802077671795,2.8,33.2149646809323));
#5391=CARTESIAN_POINT('Ctrl Pts',(50.4133269089357,3.,33.2629997911698));
#5392=CARTESIAN_POINT('Ctrl Pts',(50.4133269089357,2.8,33.2629997911698));
#5393=CARTESIAN_POINT('',(50.9334489601747,3.,33.0975837888962));
#5394=CARTESIAN_POINT('Ctrl Pts',(50.9334489601747,3.,33.0975837888962));
#5395=CARTESIAN_POINT('Ctrl Pts',(50.8253304663024,3.,33.1000197861529));
#5396=CARTESIAN_POINT('Ctrl Pts',(50.6342552067613,3.,33.1043248665458));
#5397=CARTESIAN_POINT('Ctrl Pts',(50.4802077671795,3.,33.2149646809323));
#5398=CARTESIAN_POINT('Ctrl Pts',(50.4133269089357,3.,33.2629997911698));
#5399=CARTESIAN_POINT('',(50.9334489601747,2.8,33.0975837888962));
#5400=CARTESIAN_POINT('',(50.9334489601747,3.,33.0975837888962));
#5401=CARTESIAN_POINT('Ctrl Pts',(50.9334489601747,2.8,33.0975837888962));
#5402=CARTESIAN_POINT('Ctrl Pts',(50.8253304663024,2.8,33.1000197861529));
#5403=CARTESIAN_POINT('Ctrl Pts',(50.6342552067613,2.8,33.1043248665458));
#5404=CARTESIAN_POINT('Ctrl Pts',(50.4802077671795,2.8,33.2149646809323));
#5405=CARTESIAN_POINT('Ctrl Pts',(50.4133269089357,2.8,33.2629997911698));
#5406=CARTESIAN_POINT('Ctrl Pts',(51.2941250103609,3.,33.1811444344765));
#5407=CARTESIAN_POINT('Ctrl Pts',(51.2941250103609,2.8,33.1811444344765));
#5408=CARTESIAN_POINT('Ctrl Pts',(51.2403135285524,3.,33.1567961872056));
#5409=CARTESIAN_POINT('Ctrl Pts',(51.2403135285524,2.8,33.1567961872056));
#5410=CARTESIAN_POINT('Ctrl Pts',(51.1258333293444,3.,33.1049969781099));
#5411=CARTESIAN_POINT('Ctrl Pts',(51.1258333293444,2.8,33.1049969781099));
#5412=CARTESIAN_POINT('Ctrl Pts',(51.0000877561851,3.,33.1001515962806));
#5413=CARTESIAN_POINT('Ctrl Pts',(51.0000877561851,2.8,33.1001515962806));
#5414=CARTESIAN_POINT('Ctrl Pts',(50.9334489601747,3.,33.0975837888962));
#5415=CARTESIAN_POINT('Ctrl Pts',(50.9334489601747,2.8,33.0975837888962));
#5416=CARTESIAN_POINT('',(51.2941250103609,3.,33.1811444344765));
#5417=CARTESIAN_POINT('Ctrl Pts',(51.2941250103609,3.,33.1811444344765));
#5418=CARTESIAN_POINT('Ctrl Pts',(51.2403135285524,3.,33.1567961872056));
#5419=CARTESIAN_POINT('Ctrl Pts',(51.1258333293444,3.,33.1049969781099));
#5420=CARTESIAN_POINT('Ctrl Pts',(51.0000877561851,3.,33.1001515962806));
#5421=CARTESIAN_POINT('Ctrl Pts',(50.9334489601747,3.,33.0975837888962));
#5422=CARTESIAN_POINT('',(51.2941250103609,2.8,33.1811444344765));
#5423=CARTESIAN_POINT('',(51.2941250103609,3.,33.1811444344765));
#5424=CARTESIAN_POINT('Ctrl Pts',(51.2941250103609,2.8,33.1811444344765));
#5425=CARTESIAN_POINT('Ctrl Pts',(51.2403135285524,2.8,33.1567961872056));
#5426=CARTESIAN_POINT('Ctrl Pts',(51.1258333293444,2.8,33.1049969781099));
#5427=CARTESIAN_POINT('Ctrl Pts',(51.0000877561851,2.8,33.1001515962806));
#5428=CARTESIAN_POINT('Ctrl Pts',(50.9334489601747,2.8,33.0975837888962));
#5429=CARTESIAN_POINT('Ctrl Pts',(51.5021738308565,3.,33.4190367045647));
#5430=CARTESIAN_POINT('Ctrl Pts',(51.5021738308565,2.8,33.4190367045647));
#5431=CARTESIAN_POINT('Ctrl Pts',(51.4782217366008,3.,33.3704578231544));
#5432=CARTESIAN_POINT('Ctrl Pts',(51.4782217366008,2.8,33.3704578231544));
#5433=CARTESIAN_POINT('Ctrl Pts',(51.430023207963,3.,33.2727030889817));
#5434=CARTESIAN_POINT('Ctrl Pts',(51.430023207963,2.8,33.2727030889817));
#5435=CARTESIAN_POINT('Ctrl Pts',(51.3396084586705,3.,33.2117879853327));
#5436=CARTESIAN_POINT('Ctrl Pts',(51.3396084586705,2.8,33.2117879853327));
#5437=CARTESIAN_POINT('Ctrl Pts',(51.2941250103609,3.,33.1811444344765));
#5438=CARTESIAN_POINT('Ctrl Pts',(51.2941250103609,2.8,33.1811444344765));
#5439=CARTESIAN_POINT('',(51.5021738308565,3.,33.4190367045647));
#5440=CARTESIAN_POINT('Ctrl Pts',(51.5021738308565,3.,33.4190367045647));
#5441=CARTESIAN_POINT('Ctrl Pts',(51.4782217366008,3.,33.3704578231544));
#5442=CARTESIAN_POINT('Ctrl Pts',(51.430023207963,3.,33.2727030889817));
#5443=CARTESIAN_POINT('Ctrl Pts',(51.3396084586705,3.,33.2117879853327));
#5444=CARTESIAN_POINT('Ctrl Pts',(51.2941250103609,3.,33.1811444344765));
#5445=CARTESIAN_POINT('',(51.5021738308565,2.8,33.4190367045647));
#5446=CARTESIAN_POINT('',(51.5021738308565,3.,33.4190367045647));
#5447=CARTESIAN_POINT('Ctrl Pts',(51.5021738308565,2.8,33.4190367045647));
#5448=CARTESIAN_POINT('Ctrl Pts',(51.4782217366008,2.8,33.3704578231544));
#5449=CARTESIAN_POINT('Ctrl Pts',(51.430023207963,2.8,33.2727030889817));
#5450=CARTESIAN_POINT('Ctrl Pts',(51.3396084586705,2.8,33.2117879853327));
#5451=CARTESIAN_POINT('Ctrl Pts',(51.2941250103609,2.8,33.1811444344765));
#5452=CARTESIAN_POINT('Ctrl Pts',(51.5627130764619,3.,33.8990844669586));
#5453=CARTESIAN_POINT('Ctrl Pts',(51.5627130764619,2.8,33.8990844669586));
#5454=CARTESIAN_POINT('Ctrl Pts',(51.5623767966308,3.,33.8041314145266));
#5455=CARTESIAN_POINT('Ctrl Pts',(51.5623767966308,2.8,33.8041314145266));
#5456=CARTESIAN_POINT('Ctrl Pts',(51.5618003183749,3.,33.6413551639791));
#5457=CARTESIAN_POINT('Ctrl Pts',(51.5618003183749,2.8,33.6413551639791));
#5458=CARTESIAN_POINT('Ctrl Pts',(51.5197109893334,3.,33.484424323681));
#5459=CARTESIAN_POINT('Ctrl Pts',(51.5197109893334,2.8,33.484424323681));
#5460=CARTESIAN_POINT('Ctrl Pts',(51.5021738308565,3.,33.4190367045647));
#5461=CARTESIAN_POINT('Ctrl Pts',(51.5021738308565,2.8,33.4190367045647));
#5462=CARTESIAN_POINT('',(51.5627130764619,3.,33.8990844669586));
#5463=CARTESIAN_POINT('Ctrl Pts',(51.5627130764619,3.,33.8990844669586));
#5464=CARTESIAN_POINT('Ctrl Pts',(51.5623767966308,3.,33.8041314145266));
#5465=CARTESIAN_POINT('Ctrl Pts',(51.5618003183749,3.,33.6413551639791));
#5466=CARTESIAN_POINT('Ctrl Pts',(51.5197109893334,3.,33.484424323681));
#5467=CARTESIAN_POINT('Ctrl Pts',(51.5021738308565,3.,33.4190367045647));
#5468=CARTESIAN_POINT('',(51.5627130764619,2.8,33.8990844669586));
#5469=CARTESIAN_POINT('',(51.5627130764619,3.,33.8990844669586));
#5470=CARTESIAN_POINT('Ctrl Pts',(51.5627130764619,2.8,33.8990844669586));
#5471=CARTESIAN_POINT('Ctrl Pts',(51.5623767966308,2.8,33.8041314145266));
#5472=CARTESIAN_POINT('Ctrl Pts',(51.5618003183749,2.8,33.6413551639791));
#5473=CARTESIAN_POINT('Ctrl Pts',(51.5197109893334,2.8,33.484424323681));
#5474=CARTESIAN_POINT('Ctrl Pts',(51.5021738308565,2.8,33.4190367045647));
#5475=CARTESIAN_POINT('Origin',(51.5627130764619,3.,35.341785687471));
#5476=CARTESIAN_POINT('',(51.5627130764619,3.,35.341785687471));
#5477=CARTESIAN_POINT('',(51.5627130764619,3.,32.1708928437355));
#5478=CARTESIAN_POINT('',(51.5627130764619,2.8,35.341785687471));
#5479=CARTESIAN_POINT('',(51.5627130764619,3.,35.341785687471));
#5480=CARTESIAN_POINT('',(51.5627130764619,2.8,35.341785687471));
#5481=CARTESIAN_POINT('Origin',(51.8935450810091,3.,35.341785687471));
#5482=CARTESIAN_POINT('',(51.8935450810091,3.,35.341785687471));
#5483=CARTESIAN_POINT('',(46.6967725405045,3.,35.341785687471));
#5484=CARTESIAN_POINT('',(51.8935450810091,2.8,35.341785687471));
#5485=CARTESIAN_POINT('',(51.8935450810091,3.,35.341785687471));
#5486=CARTESIAN_POINT('',(51.8935450810091,2.8,35.341785687471));
#5487=CARTESIAN_POINT('Origin',(51.8935450810091,3.,33.8973791780716));
#5488=CARTESIAN_POINT('',(51.8935450810091,3.,33.8973791780716));
#5489=CARTESIAN_POINT('',(51.8935450810091,3.,31.4486895890358));
#5490=CARTESIAN_POINT('',(51.8935450810091,2.8,33.8973791780716));
#5491=CARTESIAN_POINT('',(51.8935450810091,3.,33.8973791780716));
#5492=CARTESIAN_POINT('',(51.8935450810091,2.8,33.8973791780716));
#5493=CARTESIAN_POINT('Ctrl Pts',(51.7980477112428,3.,33.2706738891846));
#5494=CARTESIAN_POINT('Ctrl Pts',(51.7980477112428,2.8,33.2706738891846));
#5495=CARTESIAN_POINT('Ctrl Pts',(51.8258012526204,3.,33.3604906730907));
#5496=CARTESIAN_POINT('Ctrl Pts',(51.8258012526204,2.8,33.3604906730907));
#5497=CARTESIAN_POINT('Ctrl Pts',(51.8887740041366,3.,33.5642848461639));
#5498=CARTESIAN_POINT('Ctrl Pts',(51.8887740041366,2.8,33.5642848461639));
#5499=CARTESIAN_POINT('Ctrl Pts',(51.891833804891,3.,33.7779058619903));
#5500=CARTESIAN_POINT('Ctrl Pts',(51.891833804891,2.8,33.7779058619903));
#5501=CARTESIAN_POINT('Ctrl Pts',(51.8935450810091,3.,33.8973791780716));
#5502=CARTESIAN_POINT('Ctrl Pts',(51.8935450810091,2.8,33.8973791780716));
#5503=CARTESIAN_POINT('',(51.7980477112428,3.,33.2706738891846));
#5504=CARTESIAN_POINT('Ctrl Pts',(51.7980477112428,3.,33.2706738891846));
#5505=CARTESIAN_POINT('Ctrl Pts',(51.8258012526204,3.,33.3604906730907));
#5506=CARTESIAN_POINT('Ctrl Pts',(51.8887740041366,3.,33.5642848461639));
#5507=CARTESIAN_POINT('Ctrl Pts',(51.891833804891,3.,33.7779058619903));
#5508=CARTESIAN_POINT('Ctrl Pts',(51.8935450810091,3.,33.8973791780716));
#5509=CARTESIAN_POINT('',(51.7980477112428,2.8,33.2706738891846));
#5510=CARTESIAN_POINT('',(51.7980477112428,3.,33.2706738891846));
#5511=CARTESIAN_POINT('Ctrl Pts',(51.7980477112428,2.8,33.2706738891846));
#5512=CARTESIAN_POINT('Ctrl Pts',(51.8258012526204,2.8,33.3604906730907));
#5513=CARTESIAN_POINT('Ctrl Pts',(51.8887740041366,2.8,33.5642848461639));
#5514=CARTESIAN_POINT('Ctrl Pts',(51.891833804891,2.8,33.7779058619903));
#5515=CARTESIAN_POINT('Ctrl Pts',(51.8935450810091,2.8,33.8973791780716));
#5516=CARTESIAN_POINT('Ctrl Pts',(51.4791521328584,3.,32.9202304663903));
#5517=CARTESIAN_POINT('Ctrl Pts',(51.4791521328584,2.8,32.9202304663903));
#5518=CARTESIAN_POINT('Ctrl Pts',(51.5481896982128,3.,32.9648648751185));
#5519=CARTESIAN_POINT('Ctrl Pts',(51.5481896982128,2.8,32.9648648751185));
#5520=CARTESIAN_POINT('Ctrl Pts',(51.6854237516092,3.,33.0535899163229));
#5521=CARTESIAN_POINT('Ctrl Pts',(51.6854237516092,2.8,33.0535899163229));
#5522=CARTESIAN_POINT('Ctrl Pts',(51.7606600936928,3.,33.1986088278957));
#5523=CARTESIAN_POINT('Ctrl Pts',(51.7606600936928,2.8,33.1986088278957));
#5524=CARTESIAN_POINT('Ctrl Pts',(51.7980477112428,3.,33.2706738891846));
#5525=CARTESIAN_POINT('Ctrl Pts',(51.7980477112428,2.8,33.2706738891846));
#5526=CARTESIAN_POINT('',(51.4791521328584,3.,32.9202304663903));
#5527=CARTESIAN_POINT('Ctrl Pts',(51.4791521328584,3.,32.9202304663903));
#5528=CARTESIAN_POINT('Ctrl Pts',(51.5481896982128,3.,32.9648648751185));
#5529=CARTESIAN_POINT('Ctrl Pts',(51.6854237516092,3.,33.0535899163229));
#5530=CARTESIAN_POINT('Ctrl Pts',(51.7606600936928,3.,33.1986088278957));
#5531=CARTESIAN_POINT('Ctrl Pts',(51.7980477112428,3.,33.2706738891846));
#5532=CARTESIAN_POINT('',(51.4791521328584,2.8,32.9202304663903));
#5533=CARTESIAN_POINT('',(51.4791521328584,3.,32.9202304663903));
#5534=CARTESIAN_POINT('Ctrl Pts',(51.4791521328584,2.8,32.9202304663903));
#5535=CARTESIAN_POINT('Ctrl Pts',(51.5481896982128,2.8,32.9648648751185));
#5536=CARTESIAN_POINT('Ctrl Pts',(51.6854237516092,2.8,33.0535899163229));
#5537=CARTESIAN_POINT('Ctrl Pts',(51.7606600936928,2.8,33.1986088278957));
#5538=CARTESIAN_POINT('Ctrl Pts',(51.7980477112428,2.8,33.2706738891846));
#5539=CARTESIAN_POINT('Ctrl Pts',(50.9044596451417,3.,32.7991525712258));
#5540=CARTESIAN_POINT('Ctrl Pts',(50.9044596451417,2.8,32.7991525712258));
#5541=CARTESIAN_POINT('Ctrl Pts',(51.0124453675739,3.,32.8022690370007));
#5542=CARTESIAN_POINT('Ctrl Pts',(51.0124453675739,2.8,32.8022690370007));
#5543=CARTESIAN_POINT('Ctrl Pts',(51.211679125297,3.,32.8080189192366));
#5544=CARTESIAN_POINT('Ctrl Pts',(51.211679125297,2.8,32.8080189192366));
#5545=CARTESIAN_POINT('Ctrl Pts',(51.3951317673129,3.,32.8849818433751));
#5546=CARTESIAN_POINT('Ctrl Pts',(51.3951317673129,2.8,32.8849818433751));
#5547=CARTESIAN_POINT('Ctrl Pts',(51.4791521328584,3.,32.9202304663903));
#5548=CARTESIAN_POINT('Ctrl Pts',(51.4791521328584,2.8,32.9202304663903));
#5549=CARTESIAN_POINT('',(50.9044596451417,3.,32.7991525712258));
#5550=CARTESIAN_POINT('Ctrl Pts',(50.9044596451417,3.,32.7991525712258));
#5551=CARTESIAN_POINT('Ctrl Pts',(51.0124453675739,3.,32.8022690370007));
#5552=CARTESIAN_POINT('Ctrl Pts',(51.211679125297,3.,32.8080189192366));
#5553=CARTESIAN_POINT('Ctrl Pts',(51.3951317673129,3.,32.8849818433751));
#5554=CARTESIAN_POINT('Ctrl Pts',(51.4791521328584,3.,32.9202304663903));
#5555=CARTESIAN_POINT('',(50.9044596451417,2.8,32.7991525712258));
#5556=CARTESIAN_POINT('',(50.9044596451417,3.,32.7991525712258));
#5557=CARTESIAN_POINT('Ctrl Pts',(50.9044596451417,2.8,32.7991525712258));
#5558=CARTESIAN_POINT('Ctrl Pts',(51.0124453675739,2.8,32.8022690370007));
#5559=CARTESIAN_POINT('Ctrl Pts',(51.211679125297,2.8,32.8080189192366));
#5560=CARTESIAN_POINT('Ctrl Pts',(51.3951317673129,2.8,32.8849818433751));
#5561=CARTESIAN_POINT('Ctrl Pts',(51.4791521328584,2.8,32.9202304663903));
#5562=CARTESIAN_POINT('Ctrl Pts',(50.3203865784303,3.,32.9381362977272));
#5563=CARTESIAN_POINT('Ctrl Pts',(50.3203865784303,2.8,32.9381362977272));
#5564=CARTESIAN_POINT('Ctrl Pts',(50.4047185533685,3.,32.8976750444205));
#5565=CARTESIAN_POINT('Ctrl Pts',(50.4047185533685,2.8,32.8976750444205));
#5566=CARTESIAN_POINT('Ctrl Pts',(50.588881778542,3.,32.8093162112615));
#5567=CARTESIAN_POINT('Ctrl Pts',(50.588881778542,2.8,32.8093162112615));
#5568=CARTESIAN_POINT('Ctrl Pts',(50.7935260330569,3.,32.8027253480914));
#5569=CARTESIAN_POINT('Ctrl Pts',(50.7935260330569,2.8,32.8027253480914));
#5570=CARTESIAN_POINT('Ctrl Pts',(50.9044596451417,3.,32.7991525712258));
#5571=CARTESIAN_POINT('Ctrl Pts',(50.9044596451417,2.8,32.7991525712258));
#5572=CARTESIAN_POINT('',(50.3203865784303,3.,32.9381362977272));
#5573=CARTESIAN_POINT('Ctrl Pts',(50.3203865784303,3.,32.9381362977272));
#5574=CARTESIAN_POINT('Ctrl Pts',(50.4047185533685,3.,32.8976750444205));
#5575=CARTESIAN_POINT('Ctrl Pts',(50.588881778542,3.,32.8093162112615));
#5576=CARTESIAN_POINT('Ctrl Pts',(50.7935260330569,3.,32.8027253480914));
#5577=CARTESIAN_POINT('Ctrl Pts',(50.9044596451417,3.,32.7991525712258));
#5578=CARTESIAN_POINT('',(50.3203865784303,2.8,32.9381362977272));
#5579=CARTESIAN_POINT('',(50.3203865784303,3.,32.9381362977272));
#5580=CARTESIAN_POINT('Ctrl Pts',(50.3203865784303,2.8,32.9381362977272));
#5581=CARTESIAN_POINT('Ctrl Pts',(50.4047185533685,2.8,32.8976750444205));
#5582=CARTESIAN_POINT('Ctrl Pts',(50.588881778542,2.8,32.8093162112615));
#5583=CARTESIAN_POINT('Ctrl Pts',(50.7935260330569,2.8,32.8027253480914));
#5584=CARTESIAN_POINT('Ctrl Pts',(50.9044596451417,2.8,32.7991525712258));
#5585=CARTESIAN_POINT('Ctrl Pts',(50.0125762718812,3.,33.2988117518669));
#5586=CARTESIAN_POINT('Ctrl Pts',(50.0125762718812,2.8,33.2988117518669));
#5587=CARTESIAN_POINT('Ctrl Pts',(50.0476713226459,3.,33.2277753630507));
#5588=CARTESIAN_POINT('Ctrl Pts',(50.0476713226459,2.8,33.2277753630507));
#5589=CARTESIAN_POINT('Ctrl Pts',(50.119800393401,3.,33.0817778903736));
#5590=CARTESIAN_POINT('Ctrl Pts',(50.119800393401,2.8,33.0817778903736));
#5591=CARTESIAN_POINT('Ctrl Pts',(50.2523369039896,3.,32.9868672889184));
#5592=CARTESIAN_POINT('Ctrl Pts',(50.2523369039896,2.8,32.9868672889184));
#5593=CARTESIAN_POINT('Ctrl Pts',(50.3203865784303,3.,32.9381362977272));
#5594=CARTESIAN_POINT('Ctrl Pts',(50.3203865784303,2.8,32.9381362977272));
#5595=CARTESIAN_POINT('',(50.0125762718812,3.,33.2988117518669));
#5596=CARTESIAN_POINT('Ctrl Pts',(50.0125762718812,3.,33.2988117518669));
#5597=CARTESIAN_POINT('Ctrl Pts',(50.0476713226459,3.,33.2277753630507));
#5598=CARTESIAN_POINT('Ctrl Pts',(50.119800393401,3.,33.0817778903736));
#5599=CARTESIAN_POINT('Ctrl Pts',(50.2523369039896,3.,32.9868672889184));
#5600=CARTESIAN_POINT('Ctrl Pts',(50.3203865784303,3.,32.9381362977272));
#5601=CARTESIAN_POINT('',(50.0125762718812,2.8,33.2988117518669));
#5602=CARTESIAN_POINT('',(50.0125762718812,3.,33.2988117518669));
#5603=CARTESIAN_POINT('Ctrl Pts',(50.0125762718812,2.8,33.2988117518669));
#5604=CARTESIAN_POINT('Ctrl Pts',(50.0476713226459,2.8,33.2277753630507));
#5605=CARTESIAN_POINT('Ctrl Pts',(50.119800393401,2.8,33.0817778903736));
#5606=CARTESIAN_POINT('Ctrl Pts',(50.2523369039896,2.8,32.9868672889184));
#5607=CARTESIAN_POINT('Ctrl Pts',(50.3203865784303,2.8,32.9381362977272));
#5608=CARTESIAN_POINT('Ctrl Pts',(49.9273106354372,3.,33.8973791780716));
#5609=CARTESIAN_POINT('Ctrl Pts',(49.9273106354372,2.8,33.8973791780716));
#5610=CARTESIAN_POINT('Ctrl Pts',(49.9288867585469,3.,33.7838396791391));
#5611=CARTESIAN_POINT('Ctrl Pts',(49.9288867585469,2.8,33.7838396791391));
#5612=CARTESIAN_POINT('Ctrl Pts',(49.9317108509872,3.,33.5803999613649));
#5613=CARTESIAN_POINT('Ctrl Pts',(49.9317108509872,2.8,33.5803999613649));
#5614=CARTESIAN_POINT('Ctrl Pts',(49.9877933557909,3.,33.3851104057398));
#5615=CARTESIAN_POINT('Ctrl Pts',(49.9877933557909,2.8,33.3851104057398));
#5616=CARTESIAN_POINT('Ctrl Pts',(50.0125762718812,3.,33.2988117518669));
#5617=CARTESIAN_POINT('Ctrl Pts',(50.0125762718812,2.8,33.2988117518669));
#5618=CARTESIAN_POINT('',(49.9273106354372,3.,33.8973791780716));
#5619=CARTESIAN_POINT('Ctrl Pts',(49.9273106354372,3.,33.8973791780716));
#5620=CARTESIAN_POINT('Ctrl Pts',(49.9288867585469,3.,33.7838396791391));
#5621=CARTESIAN_POINT('Ctrl Pts',(49.9317108509872,3.,33.5803999613649));
#5622=CARTESIAN_POINT('Ctrl Pts',(49.9877933557909,3.,33.3851104057398));
#5623=CARTESIAN_POINT('Ctrl Pts',(50.0125762718812,3.,33.2988117518669));
#5624=CARTESIAN_POINT('',(49.9273106354372,2.8,33.8973791780716));
#5625=CARTESIAN_POINT('',(49.9273106354372,3.,33.8973791780716));
#5626=CARTESIAN_POINT('Ctrl Pts',(49.9273106354372,2.8,33.8973791780716));
#5627=CARTESIAN_POINT('Ctrl Pts',(49.9288867585469,2.8,33.7838396791391));
#5628=CARTESIAN_POINT('Ctrl Pts',(49.9317108509872,2.8,33.5803999613649));
#5629=CARTESIAN_POINT('Ctrl Pts',(49.9877933557909,2.8,33.3851104057398));
#5630=CARTESIAN_POINT('Ctrl Pts',(50.0125762718812,2.8,33.2988117518669));
#5631=CARTESIAN_POINT('Origin',(49.9273106354372,3.,35.341785687471));
#5632=CARTESIAN_POINT('',(49.9273106354372,3.,35.341785687471));
#5633=CARTESIAN_POINT('',(49.9273106354372,3.,32.1708928437355));
#5634=CARTESIAN_POINT('',(49.9273106354372,2.8,35.341785687471));
#5635=CARTESIAN_POINT('',(49.9273106354372,3.,35.341785687471));
#5636=CARTESIAN_POINT('',(49.9273106354372,2.8,35.341785687471));
#5637=CARTESIAN_POINT('Origin',(50.2581426399843,3.,35.341785687471));
#5638=CARTESIAN_POINT('',(50.2581426399843,3.,35.341785687471));
#5639=CARTESIAN_POINT('',(45.8790713199921,3.,35.341785687471));
#5640=CARTESIAN_POINT('',(50.2581426399843,2.8,35.341785687471));
#5641=CARTESIAN_POINT('',(50.2581426399843,3.,35.341785687471));
#5642=CARTESIAN_POINT('',(50.2581426399843,2.8,35.341785687471));
#5643=CARTESIAN_POINT('Origin',(50.2581426399843,3.,33.8990844669586));
#5644=CARTESIAN_POINT('',(50.2581426399843,3.,31.4495422334793));
#5645=CARTESIAN_POINT('',(50.2581426399843,2.8,33.8990844669586));
#5646=CARTESIAN_POINT('Origin',(55.13109725817,2.8,34.0917855384594));
#5647=CARTESIAN_POINT('Origin',(54.7994127768175,3.,33.9007897558457));
#5648=CARTESIAN_POINT('',(54.7994127768175,3.,33.9007897558457));
#5649=CARTESIAN_POINT('',(54.7994127768175,3.,33.5921268048531));
#5650=CARTESIAN_POINT('',(54.7994127768175,3.,31.4503948779228));
#5651=CARTESIAN_POINT('',(54.7994127768175,2.8,33.9007897558457));
#5652=CARTESIAN_POINT('',(54.7994127768175,3.,33.9007897558457));
#5653=CARTESIAN_POINT('',(54.7994127768175,2.8,33.5921268048531));
#5654=CARTESIAN_POINT('',(54.7994127768175,2.8,33.9007897558457));
#5655=CARTESIAN_POINT('',(54.7994127768175,3.,33.5921268048531));
#5656=CARTESIAN_POINT('Origin',(55.7424548166887,3.,33.9007897558457));
#5657=CARTESIAN_POINT('',(55.7424548166887,3.,33.9007897558457));
#5658=CARTESIAN_POINT('',(48.6212274083443,3.,33.9007897558457));
#5659=CARTESIAN_POINT('',(55.7424548166887,2.8,33.9007897558457));
#5660=CARTESIAN_POINT('',(55.7424548166887,3.,33.9007897558457));
#5661=CARTESIAN_POINT('',(55.7424548166887,2.8,33.9007897558457));
#5662=CARTESIAN_POINT('Origin',(55.7424548166887,3.,33.5921268048531));
#5663=CARTESIAN_POINT('',(55.7424548166887,3.,33.5921268048531));
#5664=CARTESIAN_POINT('',(55.7424548166887,3.,31.2960634024265));
#5665=CARTESIAN_POINT('',(55.7424548166887,2.8,33.5921268048531));
#5666=CARTESIAN_POINT('',(55.7424548166887,3.,33.5921268048531));
#5667=CARTESIAN_POINT('',(55.7424548166887,2.8,33.5921268048531));
#5668=CARTESIAN_POINT('Origin',(54.7994127768175,3.,33.5921268048531));
#5669=CARTESIAN_POINT('',(48.1497063884087,3.,33.5921268048531));
#5670=CARTESIAN_POINT('',(54.7994127768175,2.8,33.5921268048531));
#5671=CARTESIAN_POINT('Origin',(55.13109725817,2.8,34.0917855384594));
#5672=CARTESIAN_POINT('Origin',(57.0964792269365,3.,35.0467651965863));
#5673=CARTESIAN_POINT('',(57.0964792269365,3.,35.0467651965863));
#5674=CARTESIAN_POINT('',(57.5961384075777,3.,35.0467651965863));
#5675=CARTESIAN_POINT('',(49.2982396134682,3.,35.0467651965863));
#5676=CARTESIAN_POINT('',(57.0964792269365,2.8,35.0467651965863));
#5677=CARTESIAN_POINT('',(57.0964792269365,3.,35.0467651965863));
#5678=CARTESIAN_POINT('',(57.5961384075777,2.8,35.0467651965863));
#5679=CARTESIAN_POINT('',(57.0964792269365,2.8,35.0467651965863));
#5680=CARTESIAN_POINT('',(57.5961384075777,3.,35.0467651965863));
#5681=CARTESIAN_POINT('Ctrl Pts',(56.7161926525728,3.,35.0118061783558));
#5682=CARTESIAN_POINT('Ctrl Pts',(56.7161926525728,2.8,35.0118061783558));
#5683=CARTESIAN_POINT('Ctrl Pts',(56.7662140500312,3.,35.0219038940557));
#5684=CARTESIAN_POINT('Ctrl Pts',(56.7662140500312,2.8,35.0219038940557));
#5685=CARTESIAN_POINT('Ctrl Pts',(56.8915347263781,3.,35.0472021189227));
#5686=CARTESIAN_POINT('Ctrl Pts',(56.8915347263781,2.8,35.0472021189227));
#5687=CARTESIAN_POINT('Ctrl Pts',(57.0195568037104,3.,35.0469291879341));
#5688=CARTESIAN_POINT('Ctrl Pts',(57.0195568037104,2.8,35.0469291879341));
#5689=CARTESIAN_POINT('Ctrl Pts',(57.0964792269365,3.,35.0467651965863));
#5690=CARTESIAN_POINT('Ctrl Pts',(57.0964792269365,2.8,35.0467651965863));
#5691=CARTESIAN_POINT('',(56.7161926525728,3.,35.0118061783558));
#5692=CARTESIAN_POINT('Ctrl Pts',(56.7161926525728,3.,35.0118061783558));
#5693=CARTESIAN_POINT('Ctrl Pts',(56.7662140500312,3.,35.0219038940557));
#5694=CARTESIAN_POINT('Ctrl Pts',(56.8915347263781,3.,35.0472021189227));
#5695=CARTESIAN_POINT('Ctrl Pts',(57.0195568037104,3.,35.0469291879341));
#5696=CARTESIAN_POINT('Ctrl Pts',(57.0964792269365,3.,35.0467651965863));
#5697=CARTESIAN_POINT('',(56.7161926525728,2.8,35.0118061783558));
#5698=CARTESIAN_POINT('',(56.7161926525728,3.,35.0118061783558));
#5699=CARTESIAN_POINT('Ctrl Pts',(56.7161926525728,2.8,35.0118061783558));
#5700=CARTESIAN_POINT('Ctrl Pts',(56.7662140500312,2.8,35.0219038940557));
#5701=CARTESIAN_POINT('Ctrl Pts',(56.8915347263781,2.8,35.0472021189227));
#5702=CARTESIAN_POINT('Ctrl Pts',(57.0195568037104,2.8,35.0469291879341));
#5703=CARTESIAN_POINT('Ctrl Pts',(57.0964792269365,2.8,35.0467651965863));
#5704=CARTESIAN_POINT('Ctrl Pts',(56.5456607836381,3.,34.8822018387562));
#5705=CARTESIAN_POINT('Ctrl Pts',(56.5456607836381,2.8,34.8822018387562));
#5706=CARTESIAN_POINT('Ctrl Pts',(56.5678769896934,3.,34.91132229765));
#5707=CARTESIAN_POINT('Ctrl Pts',(56.5678769896934,2.8,34.91132229765));
#5708=CARTESIAN_POINT('Ctrl Pts',(56.6127774466239,3.,34.9701767171269));
#5709=CARTESIAN_POINT('Ctrl Pts',(56.6127774466239,2.8,34.9701767171269));
#5710=CARTESIAN_POINT('Ctrl Pts',(56.6814821899219,3.,34.9978335923526));
#5711=CARTESIAN_POINT('Ctrl Pts',(56.6814821899219,2.8,34.9978335923526));
#5712=CARTESIAN_POINT('Ctrl Pts',(56.7161926525728,3.,35.0118061783558));
#5713=CARTESIAN_POINT('Ctrl Pts',(56.7161926525728,2.8,35.0118061783558));
#5714=CARTESIAN_POINT('',(56.5456607836381,3.,34.8822018387562));
#5715=CARTESIAN_POINT('Ctrl Pts',(56.5456607836381,3.,34.8822018387562));
#5716=CARTESIAN_POINT('Ctrl Pts',(56.5678769896934,3.,34.91132229765));
#5717=CARTESIAN_POINT('Ctrl Pts',(56.6127774466239,3.,34.9701767171269));
#5718=CARTESIAN_POINT('Ctrl Pts',(56.6814821899219,3.,34.9978335923526));
#5719=CARTESIAN_POINT('Ctrl Pts',(56.7161926525728,3.,35.0118061783558));
#5720=CARTESIAN_POINT('',(56.5456607836381,2.8,34.8822018387562));
#5721=CARTESIAN_POINT('',(56.5456607836381,3.,34.8822018387562));
#5722=CARTESIAN_POINT('Ctrl Pts',(56.5456607836381,2.8,34.8822018387562));
#5723=CARTESIAN_POINT('Ctrl Pts',(56.5678769896934,2.8,34.91132229765));
#5724=CARTESIAN_POINT('Ctrl Pts',(56.6127774466239,2.8,34.9701767171269));
#5725=CARTESIAN_POINT('Ctrl Pts',(56.6814821899219,2.8,34.9978335923526));
#5726=CARTESIAN_POINT('Ctrl Pts',(56.7161926525728,2.8,35.0118061783558));
#5727=CARTESIAN_POINT('Ctrl Pts',(56.4859744804994,3.,34.6630680444485));
#5728=CARTESIAN_POINT('Ctrl Pts',(56.4859744804994,2.8,34.6630680444485));
#5729=CARTESIAN_POINT('Ctrl Pts',(56.4881678189952,3.,34.7028468119994));
#5730=CARTESIAN_POINT('Ctrl Pts',(56.4881678189952,2.8,34.7028468119994));
#5731=CARTESIAN_POINT('Ctrl Pts',(56.492433886101,3.,34.7802169452846));
#5732=CARTESIAN_POINT('Ctrl Pts',(56.492433886101,2.8,34.7802169452846));
#5733=CARTESIAN_POINT('Ctrl Pts',(56.5282560717191,3.,34.8488537051414));
#5734=CARTESIAN_POINT('Ctrl Pts',(56.5282560717191,2.8,34.8488537051414));
#5735=CARTESIAN_POINT('Ctrl Pts',(56.5456607836381,3.,34.8822018387562));
#5736=CARTESIAN_POINT('Ctrl Pts',(56.5456607836381,2.8,34.8822018387562));
#5737=CARTESIAN_POINT('',(56.4859744804994,3.,34.6630680444485));
#5738=CARTESIAN_POINT('Ctrl Pts',(56.4859744804994,3.,34.6630680444485));
#5739=CARTESIAN_POINT('Ctrl Pts',(56.4881678189952,3.,34.7028468119994));
#5740=CARTESIAN_POINT('Ctrl Pts',(56.492433886101,3.,34.7802169452846));
#5741=CARTESIAN_POINT('Ctrl Pts',(56.5282560717191,3.,34.8488537051414));
#5742=CARTESIAN_POINT('Ctrl Pts',(56.5456607836381,3.,34.8822018387562));
#5743=CARTESIAN_POINT('',(56.4859744804994,2.8,34.6630680444485));
#5744=CARTESIAN_POINT('',(56.4859744804994,3.,34.6630680444485));
#5745=CARTESIAN_POINT('Ctrl Pts',(56.4859744804994,2.8,34.6630680444485));
#5746=CARTESIAN_POINT('Ctrl Pts',(56.4881678189952,2.8,34.7028468119994));
#5747=CARTESIAN_POINT('Ctrl Pts',(56.492433886101,2.8,34.7802169452846));
#5748=CARTESIAN_POINT('Ctrl Pts',(56.5282560717191,2.8,34.8488537051414));
#5749=CARTESIAN_POINT('Ctrl Pts',(56.5456607836381,2.8,34.8822018387562));
#5750=CARTESIAN_POINT('Ctrl Pts',(56.5499243038789,3.,34.4447870435959));
#5751=CARTESIAN_POINT('Ctrl Pts',(56.5499243038789,2.8,34.4447870435959));
#5752=CARTESIAN_POINT('Ctrl Pts',(56.5312861461351,3.,34.4766710822962));
#5753=CARTESIAN_POINT('Ctrl Pts',(56.5312861461351,2.8,34.4766710822962));
#5754=CARTESIAN_POINT('Ctrl Pts',(56.4919394009426,3.,34.5439810151604));
#5755=CARTESIAN_POINT('Ctrl Pts',(56.4919394009426,2.8,34.5439810151604));
#5756=CARTESIAN_POINT('Ctrl Pts',(56.4880313349233,3.,34.6220038449584));
#5757=CARTESIAN_POINT('Ctrl Pts',(56.4880313349233,2.8,34.6220038449584));
#5758=CARTESIAN_POINT('Ctrl Pts',(56.4859744804994,3.,34.6630680444485));
#5759=CARTESIAN_POINT('Ctrl Pts',(56.4859744804994,2.8,34.6630680444485));
#5760=CARTESIAN_POINT('',(56.5499243038789,3.,34.4447870435959));
#5761=CARTESIAN_POINT('Ctrl Pts',(56.5499243038789,3.,34.4447870435959));
#5762=CARTESIAN_POINT('Ctrl Pts',(56.5312861461351,3.,34.4766710822962));
#5763=CARTESIAN_POINT('Ctrl Pts',(56.4919394009426,3.,34.5439810151604));
#5764=CARTESIAN_POINT('Ctrl Pts',(56.4880313349233,3.,34.6220038449584));
#5765=CARTESIAN_POINT('Ctrl Pts',(56.4859744804994,3.,34.6630680444485));
#5766=CARTESIAN_POINT('',(56.5499243038789,2.8,34.4447870435959));
#5767=CARTESIAN_POINT('',(56.5499243038789,3.,34.4447870435959));
#5768=CARTESIAN_POINT('Ctrl Pts',(56.5499243038789,2.8,34.4447870435959));
#5769=CARTESIAN_POINT('Ctrl Pts',(56.5312861461351,2.8,34.4766710822962));
#5770=CARTESIAN_POINT('Ctrl Pts',(56.4919394009426,2.8,34.5439810151604));
#5771=CARTESIAN_POINT('Ctrl Pts',(56.4880313349233,2.8,34.6220038449584));
#5772=CARTESIAN_POINT('Ctrl Pts',(56.4859744804994,2.8,34.6630680444485));
#5773=CARTESIAN_POINT('Ctrl Pts',(56.7400672930376,3.,34.320298719669));
#5774=CARTESIAN_POINT('Ctrl Pts',(56.7400672930376,2.8,34.320298719669));
#5775=CARTESIAN_POINT('Ctrl Pts',(56.7012464411722,3.,34.3340143798296));
#5776=CARTESIAN_POINT('Ctrl Pts',(56.7012464411722,2.8,34.3340143798296));
#5777=CARTESIAN_POINT('Ctrl Pts',(56.6275472632039,3.,34.360052780085));
#5778=CARTESIAN_POINT('Ctrl Pts',(56.6275472632039,2.8,34.360052780085));
#5779=CARTESIAN_POINT('Ctrl Pts',(56.5748591088513,3.,34.4175678760519));
#5780=CARTESIAN_POINT('Ctrl Pts',(56.5748591088513,2.8,34.4175678760519));
#5781=CARTESIAN_POINT('Ctrl Pts',(56.5499243038789,3.,34.4447870435959));
#5782=CARTESIAN_POINT('Ctrl Pts',(56.5499243038789,2.8,34.4447870435959));
#5783=CARTESIAN_POINT('',(56.7400672930376,3.,34.320298719669));
#5784=CARTESIAN_POINT('Ctrl Pts',(56.7400672930376,3.,34.320298719669));
#5785=CARTESIAN_POINT('Ctrl Pts',(56.7012464411722,3.,34.3340143798296));
#5786=CARTESIAN_POINT('Ctrl Pts',(56.6275472632039,3.,34.360052780085));
#5787=CARTESIAN_POINT('Ctrl Pts',(56.5748591088513,3.,34.4175678760519));
#5788=CARTESIAN_POINT('Ctrl Pts',(56.5499243038789,3.,34.4447870435959));
#5789=CARTESIAN_POINT('',(56.7400672930376,2.8,34.320298719669));
#5790=CARTESIAN_POINT('',(56.7400672930376,3.,34.320298719669));
#5791=CARTESIAN_POINT('Ctrl Pts',(56.7400672930376,2.8,34.320298719669));
#5792=CARTESIAN_POINT('Ctrl Pts',(56.7012464411722,2.8,34.3340143798296));
#5793=CARTESIAN_POINT('Ctrl Pts',(56.6275472632039,2.8,34.360052780085));
#5794=CARTESIAN_POINT('Ctrl Pts',(56.5748591088513,2.8,34.4175678760519));
#5795=CARTESIAN_POINT('Ctrl Pts',(56.5499243038789,2.8,34.4447870435959));
#5796=CARTESIAN_POINT('Ctrl Pts',(57.0555516976015,3.,34.2913082125431));
#5797=CARTESIAN_POINT('Ctrl Pts',(57.0555516976015,2.8,34.2913082125431));
#5798=CARTESIAN_POINT('Ctrl Pts',(56.992340147385,3.,34.2912693988022));
#5799=CARTESIAN_POINT('Ctrl Pts',(56.992340147385,2.8,34.2912693988022));
#5800=CARTESIAN_POINT('Ctrl Pts',(56.8861611898722,3.,34.2912042018162));
#5801=CARTESIAN_POINT('Ctrl Pts',(56.8861611898722,2.8,34.2912042018162));
#5802=CARTESIAN_POINT('Ctrl Pts',(56.7821553182927,3.,34.3119169129768));
#5803=CARTESIAN_POINT('Ctrl Pts',(56.7821553182927,2.8,34.3119169129768));
#5804=CARTESIAN_POINT('Ctrl Pts',(56.7400672930376,3.,34.320298719669));
#5805=CARTESIAN_POINT('Ctrl Pts',(56.7400672930376,2.8,34.320298719669));
#5806=CARTESIAN_POINT('',(57.0555516976015,3.,34.2913082125431));
#5807=CARTESIAN_POINT('Ctrl Pts',(57.0555516976015,3.,34.2913082125431));
#5808=CARTESIAN_POINT('Ctrl Pts',(56.992340147385,3.,34.2912693988022));
#5809=CARTESIAN_POINT('Ctrl Pts',(56.8861611898722,3.,34.2912042018162));
#5810=CARTESIAN_POINT('Ctrl Pts',(56.7821553182927,3.,34.3119169129768));
#5811=CARTESIAN_POINT('Ctrl Pts',(56.7400672930376,3.,34.320298719669));
#5812=CARTESIAN_POINT('',(57.0555516976015,2.8,34.2913082125431));
#5813=CARTESIAN_POINT('',(57.0555516976015,3.,34.2913082125431));
#5814=CARTESIAN_POINT('Ctrl Pts',(57.0555516976015,2.8,34.2913082125431));
#5815=CARTESIAN_POINT('Ctrl Pts',(56.992340147385,2.8,34.2912693988022));
#5816=CARTESIAN_POINT('Ctrl Pts',(56.8861611898722,2.8,34.2912042018162));
#5817=CARTESIAN_POINT('Ctrl Pts',(56.7821553182927,2.8,34.3119169129768));
#5818=CARTESIAN_POINT('Ctrl Pts',(56.7400672930376,2.8,34.320298719669));
#5819=CARTESIAN_POINT('Origin',(57.5961384075777,3.,34.2913082125431));
#5820=CARTESIAN_POINT('',(57.5961384075777,3.,34.2913082125431));
#5821=CARTESIAN_POINT('',(49.5480692037888,3.,34.2913082125431));
#5822=CARTESIAN_POINT('',(57.5961384075777,2.8,34.2913082125431));
#5823=CARTESIAN_POINT('',(57.5961384075777,3.,34.2913082125431));
#5824=CARTESIAN_POINT('',(57.5961384075777,2.8,34.2913082125431));
#5825=CARTESIAN_POINT('Origin',(57.5961384075777,3.,35.0467651965863));
#5826=CARTESIAN_POINT('',(57.5961384075777,3.,32.0233825982931));
#5827=CARTESIAN_POINT('',(57.5961384075777,2.8,35.0467651965863));
#5828=CARTESIAN_POINT('Origin',(57.0180347460405,3.,33.9962877216583));
#5829=CARTESIAN_POINT('',(57.0180347460405,3.,33.9962877216583));
#5830=CARTESIAN_POINT('',(57.5961384075777,3.,33.9962877216583));
#5831=CARTESIAN_POINT('',(49.2590173730202,3.,33.9962877216583));
#5832=CARTESIAN_POINT('',(57.0180347460405,2.8,33.9962877216583));
#5833=CARTESIAN_POINT('',(57.0180347460405,3.,33.9962877216583));
#5834=CARTESIAN_POINT('',(57.5961384075777,2.8,33.9962877216583));
#5835=CARTESIAN_POINT('',(57.0180347460405,2.8,33.9962877216583));
#5836=CARTESIAN_POINT('',(57.5961384075777,3.,33.9962877216583));
#5837=CARTESIAN_POINT('Ctrl Pts',(56.6522434252397,3.,33.9545073988682));
#5838=CARTESIAN_POINT('Ctrl Pts',(56.6522434252397,2.8,33.9545073988682));
#5839=CARTESIAN_POINT('Ctrl Pts',(56.7036903568615,3.,33.9666306246825));
#5840=CARTESIAN_POINT('Ctrl Pts',(56.7036903568615,2.8,33.9666306246825));
#5841=CARTESIAN_POINT('Ctrl Pts',(56.82382089075,3.,33.9949388161259));
#5842=CARTESIAN_POINT('Ctrl Pts',(56.82382089075,2.8,33.9949388161259));
#5843=CARTESIAN_POINT('Ctrl Pts',(56.9473869255802,3.,33.9957970396947));
#5844=CARTESIAN_POINT('Ctrl Pts',(56.9473869255802,2.8,33.9957970396947));
#5845=CARTESIAN_POINT('Ctrl Pts',(57.0180347460405,3.,33.9962877216583));
#5846=CARTESIAN_POINT('Ctrl Pts',(57.0180347460405,2.8,33.9962877216583));
#5847=CARTESIAN_POINT('',(56.6522434252397,3.,33.9545073988682));
#5848=CARTESIAN_POINT('Ctrl Pts',(56.6522434252397,3.,33.9545073988682));
#5849=CARTESIAN_POINT('Ctrl Pts',(56.7036903568615,3.,33.9666306246825));
#5850=CARTESIAN_POINT('Ctrl Pts',(56.82382089075,3.,33.9949388161259));
#5851=CARTESIAN_POINT('Ctrl Pts',(56.9473869255802,3.,33.9957970396947));
#5852=CARTESIAN_POINT('Ctrl Pts',(57.0180347460405,3.,33.9962877216583));
#5853=CARTESIAN_POINT('',(56.6522434252397,2.8,33.9545073988682));
#5854=CARTESIAN_POINT('',(56.6522434252397,3.,33.9545073988682));
#5855=CARTESIAN_POINT('Ctrl Pts',(56.6522434252397,2.8,33.9545073988682));
#5856=CARTESIAN_POINT('Ctrl Pts',(56.7036903568615,2.8,33.9666306246825));
#5857=CARTESIAN_POINT('Ctrl Pts',(56.82382089075,2.8,33.9949388161259));
#5858=CARTESIAN_POINT('Ctrl Pts',(56.9473869255802,2.8,33.9957970396947));
#5859=CARTESIAN_POINT('Ctrl Pts',(57.0180347460405,2.8,33.9962877216583));
#5860=CARTESIAN_POINT('Ctrl Pts',(56.4535733955995,3.,33.8095551612622));
#5861=CARTESIAN_POINT('Ctrl Pts',(56.4535733955995,2.8,33.8095551612622));
#5862=CARTESIAN_POINT('Ctrl Pts',(56.4801060500309,3.,33.8415006985291));
#5863=CARTESIAN_POINT('Ctrl Pts',(56.4801060500309,2.8,33.8415006985291));
#5864=CARTESIAN_POINT('Ctrl Pts',(56.5340883397997,3.,33.9064958257233));
#5865=CARTESIAN_POINT('Ctrl Pts',(56.5340883397997,2.8,33.9064958257233));
#5866=CARTESIAN_POINT('Ctrl Pts',(56.6124148935629,3.,33.9383233264287));
#5867=CARTESIAN_POINT('Ctrl Pts',(56.6124148935629,2.8,33.9383233264287));
#5868=CARTESIAN_POINT('Ctrl Pts',(56.6522434252397,3.,33.9545073988682));
#5869=CARTESIAN_POINT('Ctrl Pts',(56.6522434252397,2.8,33.9545073988682));
#5870=CARTESIAN_POINT('',(56.4535733955995,3.,33.8095551612622));
#5871=CARTESIAN_POINT('Ctrl Pts',(56.4535733955995,3.,33.8095551612622));
#5872=CARTESIAN_POINT('Ctrl Pts',(56.4801060500309,3.,33.8415006985291));
#5873=CARTESIAN_POINT('Ctrl Pts',(56.5340883397997,3.,33.9064958257233));
#5874=CARTESIAN_POINT('Ctrl Pts',(56.6124148935629,3.,33.9383233264287));
#5875=CARTESIAN_POINT('Ctrl Pts',(56.6522434252397,3.,33.9545073988682));
#5876=CARTESIAN_POINT('',(56.4535733955995,2.8,33.8095551612622));
#5877=CARTESIAN_POINT('',(56.4535733955995,3.,33.8095551612622));
#5878=CARTESIAN_POINT('Ctrl Pts',(56.4535733955995,2.8,33.8095551612622));
#5879=CARTESIAN_POINT('Ctrl Pts',(56.4801060500309,2.8,33.8415006985291));
#5880=CARTESIAN_POINT('Ctrl Pts',(56.5340883397997,2.8,33.9064958257233));
#5881=CARTESIAN_POINT('Ctrl Pts',(56.6124148935629,2.8,33.9383233264287));
#5882=CARTESIAN_POINT('Ctrl Pts',(56.6522434252397,2.8,33.9545073988682));
#5883=CARTESIAN_POINT('Ctrl Pts',(56.3819500702516,3.,33.5665468755013));
#5884=CARTESIAN_POINT('Ctrl Pts',(56.3819500702516,2.8,33.5665468755013));
#5885=CARTESIAN_POINT('Ctrl Pts',(56.3845760044394,3.,33.6111051547254));
#5886=CARTESIAN_POINT('Ctrl Pts',(56.3845760044394,2.8,33.6111051547254));
#5887=CARTESIAN_POINT('Ctrl Pts',(56.3896811250992,3.,33.697731618133));
#5888=CARTESIAN_POINT('Ctrl Pts',(56.3896811250992,2.8,33.697731618133));
#5889=CARTESIAN_POINT('Ctrl Pts',(56.4326880530183,3.,33.7730018663392));
#5890=CARTESIAN_POINT('Ctrl Pts',(56.4326880530183,2.8,33.7730018663392));
#5891=CARTESIAN_POINT('Ctrl Pts',(56.4535733955995,3.,33.8095551612622));
#5892=CARTESIAN_POINT('Ctrl Pts',(56.4535733955995,2.8,33.8095551612622));
#5893=CARTESIAN_POINT('',(56.3819500702516,3.,33.5665468755013));
#5894=CARTESIAN_POINT('Ctrl Pts',(56.3819500702516,3.,33.5665468755013));
#5895=CARTESIAN_POINT('Ctrl Pts',(56.3845760044394,3.,33.6111051547254));
#5896=CARTESIAN_POINT('Ctrl Pts',(56.3896811250992,3.,33.697731618133));
#5897=CARTESIAN_POINT('Ctrl Pts',(56.4326880530183,3.,33.7730018663392));
#5898=CARTESIAN_POINT('Ctrl Pts',(56.4535733955995,3.,33.8095551612622));
#5899=CARTESIAN_POINT('',(56.3819500702516,2.8,33.5665468755013));
#5900=CARTESIAN_POINT('',(56.3819500702516,3.,33.5665468755013));
#5901=CARTESIAN_POINT('Ctrl Pts',(56.3819500702516,2.8,33.5665468755013));
#5902=CARTESIAN_POINT('Ctrl Pts',(56.3845760044394,2.8,33.6111051547254));
#5903=CARTESIAN_POINT('Ctrl Pts',(56.3896811250992,2.8,33.697731618133));
#5904=CARTESIAN_POINT('Ctrl Pts',(56.4326880530183,2.8,33.7730018663392));
#5905=CARTESIAN_POINT('Ctrl Pts',(56.4535733955995,2.8,33.8095551612622));
#5906=CARTESIAN_POINT('Ctrl Pts',(56.4314040440217,3.,33.3559398236519));
#5907=CARTESIAN_POINT('Ctrl Pts',(56.4314040440217,2.8,33.3559398236519));
#5908=CARTESIAN_POINT('Ctrl Pts',(56.4169851482232,3.,33.3882034971032));
#5909=CARTESIAN_POINT('Ctrl Pts',(56.4169851482232,2.8,33.3882034971032));
#5910=CARTESIAN_POINT('Ctrl Pts',(56.3870518220706,3.,33.4551822084961));
#5911=CARTESIAN_POINT('Ctrl Pts',(56.3870518220706,2.8,33.4551822084961));
#5912=CARTESIAN_POINT('Ctrl Pts',(56.3836916473802,3.,33.5285304913504));
#5913=CARTESIAN_POINT('Ctrl Pts',(56.3836916473802,2.8,33.5285304913504));
#5914=CARTESIAN_POINT('Ctrl Pts',(56.3819500702516,3.,33.5665468755013));
#5915=CARTESIAN_POINT('Ctrl Pts',(56.3819500702516,2.8,33.5665468755013));
#5916=CARTESIAN_POINT('',(56.4314040440217,3.,33.3559398236519));
#5917=CARTESIAN_POINT('Ctrl Pts',(56.4314040440217,3.,33.3559398236519));
#5918=CARTESIAN_POINT('Ctrl Pts',(56.4169851482232,3.,33.3882034971032));
#5919=CARTESIAN_POINT('Ctrl Pts',(56.3870518220706,3.,33.4551822084961));
#5920=CARTESIAN_POINT('Ctrl Pts',(56.3836916473802,3.,33.5285304913504));
#5921=CARTESIAN_POINT('Ctrl Pts',(56.3819500702516,3.,33.5665468755013));
#5922=CARTESIAN_POINT('',(56.4314040440217,2.8,33.3559398236519));
#5923=CARTESIAN_POINT('',(56.4314040440217,3.,33.3559398236519));
#5924=CARTESIAN_POINT('Ctrl Pts',(56.4314040440217,2.8,33.3559398236519));
#5925=CARTESIAN_POINT('Ctrl Pts',(56.4169851482232,2.8,33.3882034971032));
#5926=CARTESIAN_POINT('Ctrl Pts',(56.3870518220706,2.8,33.4551822084961));
#5927=CARTESIAN_POINT('Ctrl Pts',(56.3836916473802,2.8,33.5285304913504));
#5928=CARTESIAN_POINT('Ctrl Pts',(56.3819500702516,2.8,33.5665468755013));
#5929=CARTESIAN_POINT('Ctrl Pts',(56.5575978058473,3.,33.2169560971504));
#5930=CARTESIAN_POINT('Ctrl Pts',(56.5575978058473,2.8,33.2169560971504));
#5931=CARTESIAN_POINT('Ctrl Pts',(56.5328798142065,3.,33.2352018750996));
#5932=CARTESIAN_POINT('Ctrl Pts',(56.5328798142065,2.8,33.2352018750996));
#5933=CARTESIAN_POINT('Ctrl Pts',(56.4815834536727,3.,33.2730666829486));
#5934=CARTESIAN_POINT('Ctrl Pts',(56.4815834536727,2.8,33.2730666829486));
#5935=CARTESIAN_POINT('Ctrl Pts',(56.4485300985243,3.,33.3276555147222));
#5936=CARTESIAN_POINT('Ctrl Pts',(56.4485300985243,2.8,33.3276555147222));
#5937=CARTESIAN_POINT('Ctrl Pts',(56.4314040440217,3.,33.3559398236519));
#5938=CARTESIAN_POINT('Ctrl Pts',(56.4314040440217,2.8,33.3559398236519));
#5939=CARTESIAN_POINT('',(56.5575978058473,3.,33.2169560971504));
#5940=CARTESIAN_POINT('Ctrl Pts',(56.5575978058473,3.,33.2169560971504));
#5941=CARTESIAN_POINT('Ctrl Pts',(56.5328798142065,3.,33.2352018750996));
#5942=CARTESIAN_POINT('Ctrl Pts',(56.4815834536727,3.,33.2730666829486));
#5943=CARTESIAN_POINT('Ctrl Pts',(56.4485300985243,3.,33.3276555147222));
#5944=CARTESIAN_POINT('Ctrl Pts',(56.4314040440217,3.,33.3559398236519));
#5945=CARTESIAN_POINT('',(56.5575978058473,2.8,33.2169560971504));
#5946=CARTESIAN_POINT('',(56.5575978058473,3.,33.2169560971504));
#5947=CARTESIAN_POINT('Ctrl Pts',(56.5575978058473,2.8,33.2169560971504));
#5948=CARTESIAN_POINT('Ctrl Pts',(56.5328798142065,2.8,33.2352018750996));
#5949=CARTESIAN_POINT('Ctrl Pts',(56.4815834536727,2.8,33.2730666829486));
#5950=CARTESIAN_POINT('Ctrl Pts',(56.4485300985243,2.8,33.3276555147222));
#5951=CARTESIAN_POINT('Ctrl Pts',(56.4314040440217,2.8,33.3559398236519));
#5952=CARTESIAN_POINT('Ctrl Pts',(56.7485937374727,3.,33.1487433495766));
#5953=CARTESIAN_POINT('Ctrl Pts',(56.7485937374727,2.8,33.1487433495766));
#5954=CARTESIAN_POINT('Ctrl Pts',(56.7130142417861,3.,33.1561334998519));
#5955=CARTESIAN_POINT('Ctrl Pts',(56.7130142417861,2.8,33.1561334998519));
#5956=CARTESIAN_POINT('Ctrl Pts',(56.6461294074547,3.,33.1700260232649));
#5957=CARTESIAN_POINT('Ctrl Pts',(56.6461294074547,2.8,33.1700260232649));
#5958=CARTESIAN_POINT('Ctrl Pts',(56.5858237645668,3.,33.2019936848124));
#5959=CARTESIAN_POINT('Ctrl Pts',(56.5858237645668,2.8,33.2019936848124));
#5960=CARTESIAN_POINT('Ctrl Pts',(56.5575978058473,3.,33.2169560971504));
#5961=CARTESIAN_POINT('Ctrl Pts',(56.5575978058473,2.8,33.2169560971504));
#5962=CARTESIAN_POINT('',(56.7485937374727,3.,33.1487433495766));
#5963=CARTESIAN_POINT('Ctrl Pts',(56.7485937374727,3.,33.1487433495766));
#5964=CARTESIAN_POINT('Ctrl Pts',(56.7130142417861,3.,33.1561334998519));
#5965=CARTESIAN_POINT('Ctrl Pts',(56.6461294074547,3.,33.1700260232649));
#5966=CARTESIAN_POINT('Ctrl Pts',(56.5858237645668,3.,33.2019936848124));
#5967=CARTESIAN_POINT('Ctrl Pts',(56.5575978058473,3.,33.2169560971504));
#5968=CARTESIAN_POINT('',(56.7485937374727,2.8,33.1487433495766));
#5969=CARTESIAN_POINT('',(56.7485937374727,3.,33.1487433495766));
#5970=CARTESIAN_POINT('Ctrl Pts',(56.7485937374727,2.8,33.1487433495766));
#5971=CARTESIAN_POINT('Ctrl Pts',(56.7130142417861,2.8,33.1561334998519));
#5972=CARTESIAN_POINT('Ctrl Pts',(56.6461294074547,2.8,33.1700260232649));
#5973=CARTESIAN_POINT('Ctrl Pts',(56.5858237645668,2.8,33.2019936848124));
#5974=CARTESIAN_POINT('Ctrl Pts',(56.5575978058473,2.8,33.2169560971504));
#5975=CARTESIAN_POINT('Ctrl Pts',(56.973696042885,3.,33.1368060293442));
#5976=CARTESIAN_POINT('Ctrl Pts',(56.973696042885,2.8,33.1368060293442));
#5977=CARTESIAN_POINT('Ctrl Pts',(56.9281543788577,3.,33.1367195800935));
#5978=CARTESIAN_POINT('Ctrl Pts',(56.9281543788577,2.8,33.1367195800935));
#5979=CARTESIAN_POINT('Ctrl Pts',(56.8528674992109,3.,33.1365766671264));
#5980=CARTESIAN_POINT('Ctrl Pts',(56.8528674992109,2.8,33.1365766671264));
#5981=CARTESIAN_POINT('Ctrl Pts',(56.7781241921256,3.,33.1452977304833));
#5982=CARTESIAN_POINT('Ctrl Pts',(56.7781241921256,2.8,33.1452977304833));
#5983=CARTESIAN_POINT('Ctrl Pts',(56.7485937374727,3.,33.1487433495766));
#5984=CARTESIAN_POINT('Ctrl Pts',(56.7485937374727,2.8,33.1487433495766));
#5985=CARTESIAN_POINT('',(56.973696042885,3.,33.1368060293442));
#5986=CARTESIAN_POINT('Ctrl Pts',(56.973696042885,3.,33.1368060293442));
#5987=CARTESIAN_POINT('Ctrl Pts',(56.9281543788577,3.,33.1367195800935));
#5988=CARTESIAN_POINT('Ctrl Pts',(56.8528674992109,3.,33.1365766671264));
#5989=CARTESIAN_POINT('Ctrl Pts',(56.7781241921256,3.,33.1452977304833));
#5990=CARTESIAN_POINT('Ctrl Pts',(56.7485937374727,3.,33.1487433495766));
#5991=CARTESIAN_POINT('',(56.973696042885,2.8,33.1368060293442));
#5992=CARTESIAN_POINT('',(56.973696042885,3.,33.1368060293442));
#5993=CARTESIAN_POINT('Ctrl Pts',(56.973696042885,2.8,33.1368060293442));
#5994=CARTESIAN_POINT('Ctrl Pts',(56.9281543788577,2.8,33.1367195800935));
#5995=CARTESIAN_POINT('Ctrl Pts',(56.8528674992109,2.8,33.1365766671264));
#5996=CARTESIAN_POINT('Ctrl Pts',(56.7781241921256,2.8,33.1452977304833));
#5997=CARTESIAN_POINT('Ctrl Pts',(56.7485937374727,2.8,33.1487433495766));
#5998=CARTESIAN_POINT('Origin',(57.5961384075777,3.,33.1368060293442));
#5999=CARTESIAN_POINT('',(57.5961384075777,3.,33.1368060293442));
#6000=CARTESIAN_POINT('',(49.5480692037888,3.,33.1368060293442));
#6001=CARTESIAN_POINT('',(57.5961384075777,2.8,33.1368060293442));
#6002=CARTESIAN_POINT('',(57.5961384075777,3.,33.1368060293442));
#6003=CARTESIAN_POINT('',(57.5961384075777,2.8,33.1368060293442));
#6004=CARTESIAN_POINT('Origin',(57.5961384075777,3.,33.9962877216583));
#6005=CARTESIAN_POINT('',(57.5961384075777,3.,31.4981438608292));
#6006=CARTESIAN_POINT('',(57.5961384075777,2.8,33.9962877216583));
#6007=CARTESIAN_POINT('Ctrl Pts',(56.5703877705232,3.,32.8835661592728));
#6008=CARTESIAN_POINT('Ctrl Pts',(56.5703877705232,2.8,32.8835661592728));
#6009=CARTESIAN_POINT('Ctrl Pts',(56.6312371359979,3.,32.8714035635343));
#6010=CARTESIAN_POINT('Ctrl Pts',(56.6312371359979,2.8,32.8714035635343));
#6011=CARTESIAN_POINT('Ctrl Pts',(56.7642939849085,3.,32.8448081068535));
#6012=CARTESIAN_POINT('Ctrl Pts',(56.7642939849085,2.8,32.8448081068535));
#6013=CARTESIAN_POINT('Ctrl Pts',(56.9000329984586,3.,32.8428489082216));
#6014=CARTESIAN_POINT('Ctrl Pts',(56.9000329984586,2.8,32.8428489082216));
#6015=CARTESIAN_POINT('Ctrl Pts',(56.973696042885,3.,32.841785687471));
#6016=CARTESIAN_POINT('Ctrl Pts',(56.973696042885,2.8,32.841785687471));
#6017=CARTESIAN_POINT('',(56.5703877705232,3.,32.8835661592728));
#6018=CARTESIAN_POINT('',(56.973696042885,3.,32.841785687471));
#6019=CARTESIAN_POINT('Ctrl Pts',(56.5703877705232,3.,32.8835661592728));
#6020=CARTESIAN_POINT('Ctrl Pts',(56.6312371359979,3.,32.8714035635343));
#6021=CARTESIAN_POINT('Ctrl Pts',(56.7642939849085,3.,32.8448081068535));
#6022=CARTESIAN_POINT('Ctrl Pts',(56.9000329984586,3.,32.8428489082216));
#6023=CARTESIAN_POINT('Ctrl Pts',(56.973696042885,3.,32.841785687471));
#6024=CARTESIAN_POINT('',(56.5703877705232,2.8,32.8835661592728));
#6025=CARTESIAN_POINT('',(56.5703877705232,3.,32.8835661592728));
#6026=CARTESIAN_POINT('',(56.973696042885,2.8,32.841785687471));
#6027=CARTESIAN_POINT('Ctrl Pts',(56.5703877705232,2.8,32.8835661592728));
#6028=CARTESIAN_POINT('Ctrl Pts',(56.6312371359979,2.8,32.8714035635343));
#6029=CARTESIAN_POINT('Ctrl Pts',(56.7642939849085,2.8,32.8448081068535));
#6030=CARTESIAN_POINT('Ctrl Pts',(56.9000329984586,2.8,32.8428489082216));
#6031=CARTESIAN_POINT('Ctrl Pts',(56.973696042885,2.8,32.841785687471));
#6032=CARTESIAN_POINT('',(56.973696042885,3.,32.841785687471));
#6033=CARTESIAN_POINT('Ctrl Pts',(56.2966838377611,3.,33.0072016897446));
#6034=CARTESIAN_POINT('Ctrl Pts',(56.2966838377611,2.8,33.0072016897446));
#6035=CARTESIAN_POINT('Ctrl Pts',(56.3367615999257,3.,32.981247375283));
#6036=CARTESIAN_POINT('Ctrl Pts',(56.3367615999257,2.8,32.981247375283));
#6037=CARTESIAN_POINT('Ctrl Pts',(56.421678958851,3.,32.9262549875407));
#6038=CARTESIAN_POINT('Ctrl Pts',(56.421678958851,2.8,32.9262549875407));
#6039=CARTESIAN_POINT('Ctrl Pts',(56.5189990560232,3.,32.8983179684194));
#6040=CARTESIAN_POINT('Ctrl Pts',(56.5189990560232,2.8,32.8983179684194));
#6041=CARTESIAN_POINT('Ctrl Pts',(56.5703877705232,3.,32.8835661592728));
#6042=CARTESIAN_POINT('Ctrl Pts',(56.5703877705232,2.8,32.8835661592728));
#6043=CARTESIAN_POINT('',(56.2966838377611,3.,33.0072016897446));
#6044=CARTESIAN_POINT('Ctrl Pts',(56.2966838377611,3.,33.0072016897446));
#6045=CARTESIAN_POINT('Ctrl Pts',(56.3367615999257,3.,32.981247375283));
#6046=CARTESIAN_POINT('Ctrl Pts',(56.421678958851,3.,32.9262549875407));
#6047=CARTESIAN_POINT('Ctrl Pts',(56.5189990560232,3.,32.8983179684194));
#6048=CARTESIAN_POINT('Ctrl Pts',(56.5703877705232,3.,32.8835661592728));
#6049=CARTESIAN_POINT('',(56.2966838377611,2.8,33.0072016897446));
#6050=CARTESIAN_POINT('',(56.2966838377611,3.,33.0072016897446));
#6051=CARTESIAN_POINT('Ctrl Pts',(56.2966838377611,2.8,33.0072016897446));
#6052=CARTESIAN_POINT('Ctrl Pts',(56.3367615999257,2.8,32.981247375283));
#6053=CARTESIAN_POINT('Ctrl Pts',(56.421678958851,2.8,32.9262549875407));
#6054=CARTESIAN_POINT('Ctrl Pts',(56.5189990560232,2.8,32.8983179684194));
#6055=CARTESIAN_POINT('Ctrl Pts',(56.5703877705232,2.8,32.8835661592728));
#6056=CARTESIAN_POINT('Ctrl Pts',(56.1133620041505,3.,33.2399780931717));
#6057=CARTESIAN_POINT('Ctrl Pts',(56.1133620041505,2.8,33.2399780931717));
#6058=CARTESIAN_POINT('Ctrl Pts',(56.1384538464717,3.,33.1933926742577));
#6059=CARTESIAN_POINT('Ctrl Pts',(56.1384538464717,2.8,33.1933926742577));
#6060=CARTESIAN_POINT('Ctrl Pts',(56.1860529596249,3.,33.1050203420157));
#6061=CARTESIAN_POINT('Ctrl Pts',(56.1860529596249,2.8,33.1050203420157));
#6062=CARTESIAN_POINT('Ctrl Pts',(56.2611663999038,3.,33.0386058326191));
#6063=CARTESIAN_POINT('Ctrl Pts',(56.2611663999038,2.8,33.0386058326191));
#6064=CARTESIAN_POINT('Ctrl Pts',(56.2966838377611,3.,33.0072016897446));
#6065=CARTESIAN_POINT('Ctrl Pts',(56.2966838377611,2.8,33.0072016897446));
#6066=CARTESIAN_POINT('',(56.1133620041505,3.,33.2399780931717));
#6067=CARTESIAN_POINT('Ctrl Pts',(56.1133620041505,3.,33.2399780931717));
#6068=CARTESIAN_POINT('Ctrl Pts',(56.1384538464717,3.,33.1933926742577));
#6069=CARTESIAN_POINT('Ctrl Pts',(56.1860529596249,3.,33.1050203420157));
#6070=CARTESIAN_POINT('Ctrl Pts',(56.2611663999038,3.,33.0386058326191));
#6071=CARTESIAN_POINT('Ctrl Pts',(56.2966838377611,3.,33.0072016897446));
#6072=CARTESIAN_POINT('',(56.1133620041505,2.8,33.2399780931717));
#6073=CARTESIAN_POINT('',(56.1133620041505,3.,33.2399780931717));
#6074=CARTESIAN_POINT('Ctrl Pts',(56.1133620041505,2.8,33.2399780931717));
#6075=CARTESIAN_POINT('Ctrl Pts',(56.1384538464717,2.8,33.1933926742577));
#6076=CARTESIAN_POINT('Ctrl Pts',(56.1860529596249,2.8,33.1050203420157));
#6077=CARTESIAN_POINT('Ctrl Pts',(56.2611663999038,2.8,33.0386058326191));
#6078=CARTESIAN_POINT('Ctrl Pts',(56.2966838377611,2.8,33.0072016897446));
#6079=CARTESIAN_POINT('Ctrl Pts',(56.0391804474489,3.,33.5665468755013));
#6080=CARTESIAN_POINT('Ctrl Pts',(56.0391804474489,2.8,33.5665468755013));
#6081=CARTESIAN_POINT('Ctrl Pts',(56.0421290534438,3.,33.5093192577608));
#6082=CARTESIAN_POINT('Ctrl Pts',(56.0421290534438,2.8,33.5093192577608));
#6083=CARTESIAN_POINT('Ctrl Pts',(56.0479602865702,3.,33.3961445640632));
#6084=CARTESIAN_POINT('Ctrl Pts',(56.0479602865702,2.8,33.3961445640632));
#6085=CARTESIAN_POINT('Ctrl Pts',(56.0917264993384,3.,33.2916394341497));
#6086=CARTESIAN_POINT('Ctrl Pts',(56.0917264993384,2.8,33.2916394341497));
#6087=CARTESIAN_POINT('Ctrl Pts',(56.1133620041505,3.,33.2399780931717));
#6088=CARTESIAN_POINT('Ctrl Pts',(56.1133620041505,2.8,33.2399780931717));
#6089=CARTESIAN_POINT('',(56.0391804474489,3.,33.5665468755013));
#6090=CARTESIAN_POINT('Ctrl Pts',(56.0391804474489,3.,33.5665468755013));
#6091=CARTESIAN_POINT('Ctrl Pts',(56.0421290534438,3.,33.5093192577608));
#6092=CARTESIAN_POINT('Ctrl Pts',(56.0479602865702,3.,33.3961445640632));
#6093=CARTESIAN_POINT('Ctrl Pts',(56.0917264993384,3.,33.2916394341497));
#6094=CARTESIAN_POINT('Ctrl Pts',(56.1133620041505,3.,33.2399780931717));
#6095=CARTESIAN_POINT('',(56.0391804474489,2.8,33.5665468755013));
#6096=CARTESIAN_POINT('',(56.0391804474489,3.,33.5665468755013));
#6097=CARTESIAN_POINT('Ctrl Pts',(56.0391804474489,2.8,33.5665468755013));
#6098=CARTESIAN_POINT('Ctrl Pts',(56.0421290534438,2.8,33.5093192577608));
#6099=CARTESIAN_POINT('Ctrl Pts',(56.0479602865702,2.8,33.3961445640632));
#6100=CARTESIAN_POINT('Ctrl Pts',(56.0917264993384,2.8,33.2916394341497));
#6101=CARTESIAN_POINT('Ctrl Pts',(56.1133620041505,2.8,33.2399780931717));
#6102=CARTESIAN_POINT('Ctrl Pts',(56.1611112850801,3.,33.945128160978));
#6103=CARTESIAN_POINT('Ctrl Pts',(56.1611112850801,2.8,33.945128160978));
#6104=CARTESIAN_POINT('Ctrl Pts',(56.125552985102,3.,33.8885183302713));
#6105=CARTESIAN_POINT('Ctrl Pts',(56.125552985102,2.8,33.8885183302713));
#6106=CARTESIAN_POINT('Ctrl Pts',(56.0528535281866,3.,33.7727787153013));
#6107=CARTESIAN_POINT('Ctrl Pts',(56.0528535281866,2.8,33.7727787153013));
#6108=CARTESIAN_POINT('Ctrl Pts',(56.0438038196214,3.,33.6362814559886));
#6109=CARTESIAN_POINT('Ctrl Pts',(56.0438038196214,2.8,33.6362814559886));
#6110=CARTESIAN_POINT('Ctrl Pts',(56.0391804474489,3.,33.5665468755013));
#6111=CARTESIAN_POINT('Ctrl Pts',(56.0391804474489,2.8,33.5665468755013));
#6112=CARTESIAN_POINT('',(56.1611112850801,3.,33.945128160978));
#6113=CARTESIAN_POINT('Ctrl Pts',(56.1611112850801,3.,33.945128160978));
#6114=CARTESIAN_POINT('Ctrl Pts',(56.125552985102,3.,33.8885183302713));
#6115=CARTESIAN_POINT('Ctrl Pts',(56.0528535281866,3.,33.7727787153013));
#6116=CARTESIAN_POINT('Ctrl Pts',(56.0438038196214,3.,33.6362814559886));
#6117=CARTESIAN_POINT('Ctrl Pts',(56.0391804474489,3.,33.5665468755013));
#6118=CARTESIAN_POINT('',(56.1611112850801,2.8,33.945128160978));
#6119=CARTESIAN_POINT('',(56.1611112850801,3.,33.945128160978));
#6120=CARTESIAN_POINT('Ctrl Pts',(56.1611112850801,2.8,33.945128160978));
#6121=CARTESIAN_POINT('Ctrl Pts',(56.125552985102,2.8,33.8885183302713));
#6122=CARTESIAN_POINT('Ctrl Pts',(56.0528535281866,2.8,33.7727787153013));
#6123=CARTESIAN_POINT('Ctrl Pts',(56.0438038196214,2.8,33.6362814559886));
#6124=CARTESIAN_POINT('Ctrl Pts',(56.0391804474489,2.8,33.5665468755013));
#6125=CARTESIAN_POINT('Ctrl Pts',(56.5098491209642,3.,34.1719357552773));
#6126=CARTESIAN_POINT('Ctrl Pts',(56.5098491209642,2.8,34.1719357552773));
#6127=CARTESIAN_POINT('Ctrl Pts',(56.4395872831663,3.,34.1470973700928));
#6128=CARTESIAN_POINT('Ctrl Pts',(56.4395872831663,2.8,34.1470973700928));
#6129=CARTESIAN_POINT('Ctrl Pts',(56.3048647064333,3.,34.0994713563302));
#6130=CARTESIAN_POINT('Ctrl Pts',(56.3048647064333,2.8,34.0994713563302));
#6131=CARTESIAN_POINT('Ctrl Pts',(56.2076335137808,3.,33.9950775073308));
#6132=CARTESIAN_POINT('Ctrl Pts',(56.2076335137808,2.8,33.9950775073308));
#6133=CARTESIAN_POINT('Ctrl Pts',(56.1611112850801,3.,33.945128160978));
#6134=CARTESIAN_POINT('Ctrl Pts',(56.1611112850801,2.8,33.945128160978));
#6135=CARTESIAN_POINT('',(56.5098491209642,3.,34.1719357552773));
#6136=CARTESIAN_POINT('Ctrl Pts',(56.5098491209642,3.,34.1719357552773));
#6137=CARTESIAN_POINT('Ctrl Pts',(56.4395872831663,3.,34.1470973700928));
#6138=CARTESIAN_POINT('Ctrl Pts',(56.3048647064333,3.,34.0994713563302));
#6139=CARTESIAN_POINT('Ctrl Pts',(56.2076335137808,3.,33.9950775073308));
#6140=CARTESIAN_POINT('Ctrl Pts',(56.1611112850801,3.,33.945128160978));
#6141=CARTESIAN_POINT('',(56.5098491209642,2.8,34.1719357552773));
#6142=CARTESIAN_POINT('',(56.5098491209642,3.,34.1719357552773));
#6143=CARTESIAN_POINT('Ctrl Pts',(56.5098491209642,2.8,34.1719357552773));
#6144=CARTESIAN_POINT('Ctrl Pts',(56.4395872831663,2.8,34.1470973700928));
#6145=CARTESIAN_POINT('Ctrl Pts',(56.3048647064333,2.8,34.0994713563302));
#6146=CARTESIAN_POINT('Ctrl Pts',(56.2076335137808,2.8,33.9950775073308));
#6147=CARTESIAN_POINT('Ctrl Pts',(56.1611112850801,2.8,33.945128160978));
#6148=CARTESIAN_POINT('Ctrl Pts',(56.2472292679445,3.,34.4004487874752));
#6149=CARTESIAN_POINT('Ctrl Pts',(56.2472292679445,2.8,34.4004487874752));
#6150=CARTESIAN_POINT('Ctrl Pts',(56.281101441985,3.,34.3549694556558));
#6151=CARTESIAN_POINT('Ctrl Pts',(56.281101441985,2.8,34.3549694556558));
#6152=CARTESIAN_POINT('Ctrl Pts',(56.351944544799,3.,34.2598501705413));
#6153=CARTESIAN_POINT('Ctrl Pts',(56.351944544799,2.8,34.2598501705413));
#6154=CARTESIAN_POINT('Ctrl Pts',(56.4557014487878,3.,34.2020828292438));
#6155=CARTESIAN_POINT('Ctrl Pts',(56.4557014487878,2.8,34.2020828292438));
#6156=CARTESIAN_POINT('Ctrl Pts',(56.5098491209642,3.,34.1719357552773));
#6157=CARTESIAN_POINT('Ctrl Pts',(56.5098491209642,2.8,34.1719357552773));
#6158=CARTESIAN_POINT('',(56.2472292679445,3.,34.4004487874752));
#6159=CARTESIAN_POINT('Ctrl Pts',(56.2472292679445,3.,34.4004487874752));
#6160=CARTESIAN_POINT('Ctrl Pts',(56.281101441985,3.,34.3549694556558));
#6161=CARTESIAN_POINT('Ctrl Pts',(56.351944544799,3.,34.2598501705413));
#6162=CARTESIAN_POINT('Ctrl Pts',(56.4557014487878,3.,34.2020828292438));
#6163=CARTESIAN_POINT('Ctrl Pts',(56.5098491209642,3.,34.1719357552773));
#6164=CARTESIAN_POINT('',(56.2472292679445,2.8,34.4004487874752));
#6165=CARTESIAN_POINT('',(56.2472292679445,3.,34.4004487874752));
#6166=CARTESIAN_POINT('Ctrl Pts',(56.2472292679445,2.8,34.4004487874752));
#6167=CARTESIAN_POINT('Ctrl Pts',(56.281101441985,2.8,34.3549694556558));
#6168=CARTESIAN_POINT('Ctrl Pts',(56.351944544799,2.8,34.2598501705413));
#6169=CARTESIAN_POINT('Ctrl Pts',(56.4557014487878,2.8,34.2020828292438));
#6170=CARTESIAN_POINT('Ctrl Pts',(56.5098491209642,2.8,34.1719357552773));
#6171=CARTESIAN_POINT('Ctrl Pts',(56.1602583426134,3.,34.7022904339081));
#6172=CARTESIAN_POINT('Ctrl Pts',(56.1602583426134,2.8,34.7022904339081));
#6173=CARTESIAN_POINT('Ctrl Pts',(56.1640170963595,3.,34.6494200940713));
#6174=CARTESIAN_POINT('Ctrl Pts',(56.1640170963595,2.8,34.6494200940713));
#6175=CARTESIAN_POINT('Ctrl Pts',(56.1716063130772,3.,34.5426707579726));
#6176=CARTESIAN_POINT('Ctrl Pts',(56.1716063130772,2.8,34.5426707579726));
#6177=CARTESIAN_POINT('Ctrl Pts',(56.2218633263156,3.,34.4481538025506));
#6178=CARTESIAN_POINT('Ctrl Pts',(56.2218633263156,2.8,34.4481538025506));
#6179=CARTESIAN_POINT('Ctrl Pts',(56.2472292679445,3.,34.4004487874752));
#6180=CARTESIAN_POINT('Ctrl Pts',(56.2472292679445,2.8,34.4004487874752));
#6181=CARTESIAN_POINT('',(56.1602583426134,3.,34.7022904339081));
#6182=CARTESIAN_POINT('Ctrl Pts',(56.1602583426134,3.,34.7022904339081));
#6183=CARTESIAN_POINT('Ctrl Pts',(56.1640170963595,3.,34.6494200940713));
#6184=CARTESIAN_POINT('Ctrl Pts',(56.1716063130772,3.,34.5426707579726));
#6185=CARTESIAN_POINT('Ctrl Pts',(56.2218633263156,3.,34.4481538025506));
#6186=CARTESIAN_POINT('Ctrl Pts',(56.2472292679445,3.,34.4004487874752));
#6187=CARTESIAN_POINT('',(56.1602583426134,2.8,34.7022904339081));
#6188=CARTESIAN_POINT('',(56.1602583426134,3.,34.7022904339081));
#6189=CARTESIAN_POINT('Ctrl Pts',(56.1602583426134,2.8,34.7022904339081));
#6190=CARTESIAN_POINT('Ctrl Pts',(56.1640170963595,2.8,34.6494200940713));
#6191=CARTESIAN_POINT('Ctrl Pts',(56.1716063130772,2.8,34.5426707579726));
#6192=CARTESIAN_POINT('Ctrl Pts',(56.2218633263156,2.8,34.4481538025506));
#6193=CARTESIAN_POINT('Ctrl Pts',(56.2472292679445,2.8,34.4004487874752));
#6194=CARTESIAN_POINT('Ctrl Pts',(56.2583145397798,3.,35.0322699430233));
#6195=CARTESIAN_POINT('Ctrl Pts',(56.2583145397798,2.8,35.0322699430233));
#6196=CARTESIAN_POINT('Ctrl Pts',(56.2297182200243,3.,34.9796817455724));
#6197=CARTESIAN_POINT('Ctrl Pts',(56.2297182200243,2.8,34.9796817455724));
#6198=CARTESIAN_POINT('Ctrl Pts',(56.1736459690338,3.,34.876565728133));
#6199=CARTESIAN_POINT('Ctrl Pts',(56.1736459690338,2.8,34.876565728133));
#6200=CARTESIAN_POINT('Ctrl Pts',(56.1646610416683,3.,34.7596031829416));
#6201=CARTESIAN_POINT('Ctrl Pts',(56.1646610416683,2.8,34.7596031829416));
#6202=CARTESIAN_POINT('Ctrl Pts',(56.1602583426134,3.,34.7022904339081));
#6203=CARTESIAN_POINT('Ctrl Pts',(56.1602583426134,2.8,34.7022904339081));
#6204=CARTESIAN_POINT('',(56.2583145397798,3.,35.0322699430233));
#6205=CARTESIAN_POINT('Ctrl Pts',(56.2583145397798,3.,35.0322699430233));
#6206=CARTESIAN_POINT('Ctrl Pts',(56.2297182200243,3.,34.9796817455724));
#6207=CARTESIAN_POINT('Ctrl Pts',(56.1736459690338,3.,34.876565728133));
#6208=CARTESIAN_POINT('Ctrl Pts',(56.1646610416683,3.,34.7596031829416));
#6209=CARTESIAN_POINT('Ctrl Pts',(56.1602583426134,3.,34.7022904339081));
#6210=CARTESIAN_POINT('',(56.2583145397798,2.8,35.0322699430233));
#6211=CARTESIAN_POINT('',(56.2583145397798,3.,35.0322699430233));
#6212=CARTESIAN_POINT('Ctrl Pts',(56.2583145397798,2.8,35.0322699430233));
#6213=CARTESIAN_POINT('Ctrl Pts',(56.2297182200243,2.8,34.9796817455724));
#6214=CARTESIAN_POINT('Ctrl Pts',(56.1736459690338,2.8,34.876565728133));
#6215=CARTESIAN_POINT('Ctrl Pts',(56.1646610416683,2.8,34.7596031829416));
#6216=CARTESIAN_POINT('Ctrl Pts',(56.1602583426134,2.8,34.7022904339081));
#6217=CARTESIAN_POINT('Ctrl Pts',(56.5294602411882,3.,35.265898990894));
#6218=CARTESIAN_POINT('Ctrl Pts',(56.5294602411882,2.8,35.265898990894));
#6219=CARTESIAN_POINT('Ctrl Pts',(56.4749669773394,3.,35.2373161161631));
#6220=CARTESIAN_POINT('Ctrl Pts',(56.4749669773394,2.8,35.2373161161631));
#6221=CARTESIAN_POINT('Ctrl Pts',(56.3664854412164,3.,35.1804152455122));
#6222=CARTESIAN_POINT('Ctrl Pts',(56.3664854412164,2.8,35.1804152455122));
#6223=CARTESIAN_POINT('Ctrl Pts',(56.2942594340129,3.,35.0814982212235));
#6224=CARTESIAN_POINT('Ctrl Pts',(56.2942594340129,2.8,35.0814982212235));
#6225=CARTESIAN_POINT('Ctrl Pts',(56.2583145397798,3.,35.0322699430233));
#6226=CARTESIAN_POINT('Ctrl Pts',(56.2583145397798,2.8,35.0322699430233));
#6227=CARTESIAN_POINT('',(56.5294602411882,3.,35.265898990894));
#6228=CARTESIAN_POINT('Ctrl Pts',(56.5294602411882,3.,35.265898990894));
#6229=CARTESIAN_POINT('Ctrl Pts',(56.4749669773394,3.,35.2373161161631));
#6230=CARTESIAN_POINT('Ctrl Pts',(56.3664854412164,3.,35.1804152455122));
#6231=CARTESIAN_POINT('Ctrl Pts',(56.2942594340129,3.,35.0814982212235));
#6232=CARTESIAN_POINT('Ctrl Pts',(56.2583145397798,3.,35.0322699430233));
#6233=CARTESIAN_POINT('',(56.5294602411882,2.8,35.265898990894));
#6234=CARTESIAN_POINT('',(56.5294602411882,3.,35.265898990894));
#6235=CARTESIAN_POINT('Ctrl Pts',(56.5294602411882,2.8,35.265898990894));
#6236=CARTESIAN_POINT('Ctrl Pts',(56.4749669773394,2.8,35.2373161161631));
#6237=CARTESIAN_POINT('Ctrl Pts',(56.3664854412164,2.8,35.1804152455122));
#6238=CARTESIAN_POINT('Ctrl Pts',(56.2942594340129,2.8,35.0814982212235));
#6239=CARTESIAN_POINT('Ctrl Pts',(56.2583145397798,2.8,35.0322699430233));
#6240=CARTESIAN_POINT('Ctrl Pts',(56.9890442389146,3.,35.341785687471));
#6241=CARTESIAN_POINT('Ctrl Pts',(56.9890442389146,2.8,35.341785687471));
#6242=CARTESIAN_POINT('Ctrl Pts',(56.9021621973903,3.,35.3401986066866));
#6243=CARTESIAN_POINT('Ctrl Pts',(56.9021621973903,2.8,35.3401986066866));
#6244=CARTESIAN_POINT('Ctrl Pts',(56.7450173660255,3.,35.3373280302377));
#6245=CARTESIAN_POINT('Ctrl Pts',(56.7450173660255,2.8,35.3373280302377));
#6246=CARTESIAN_POINT('Ctrl Pts',(56.5960615489227,3.,35.2879686275812));
#6247=CARTESIAN_POINT('Ctrl Pts',(56.5960615489227,2.8,35.2879686275812));
#6248=CARTESIAN_POINT('Ctrl Pts',(56.5294602411882,3.,35.265898990894));
#6249=CARTESIAN_POINT('Ctrl Pts',(56.5294602411882,2.8,35.265898990894));
#6250=CARTESIAN_POINT('',(56.9890442389146,3.,35.341785687471));
#6251=CARTESIAN_POINT('Ctrl Pts',(56.9890442389146,3.,35.341785687471));
#6252=CARTESIAN_POINT('Ctrl Pts',(56.9021621973903,3.,35.3401986066866));
#6253=CARTESIAN_POINT('Ctrl Pts',(56.7450173660255,3.,35.3373280302377));
#6254=CARTESIAN_POINT('Ctrl Pts',(56.5960615489227,3.,35.2879686275812));
#6255=CARTESIAN_POINT('Ctrl Pts',(56.5294602411882,3.,35.265898990894));
#6256=CARTESIAN_POINT('',(56.9890442389146,2.8,35.341785687471));
#6257=CARTESIAN_POINT('',(56.9890442389146,3.,35.341785687471));
#6258=CARTESIAN_POINT('Ctrl Pts',(56.9890442389146,2.8,35.341785687471));
#6259=CARTESIAN_POINT('Ctrl Pts',(56.9021621973903,2.8,35.3401986066866));
#6260=CARTESIAN_POINT('Ctrl Pts',(56.7450173660255,2.8,35.3373280302377));
#6261=CARTESIAN_POINT('Ctrl Pts',(56.5960615489227,2.8,35.2879686275812));
#6262=CARTESIAN_POINT('Ctrl Pts',(56.5294602411882,2.8,35.265898990894));
#6263=CARTESIAN_POINT('Origin',(57.9269704121248,3.,35.341785687471));
#6264=CARTESIAN_POINT('',(57.9269704121248,3.,35.341785687471));
#6265=CARTESIAN_POINT('',(49.7134852060624,3.,35.341785687471));
#6266=CARTESIAN_POINT('',(57.9269704121248,2.8,35.341785687471));
#6267=CARTESIAN_POINT('',(57.9269704121248,3.,35.341785687471));
#6268=CARTESIAN_POINT('',(57.9269704121248,2.8,35.341785687471));
#6269=CARTESIAN_POINT('Origin',(57.9269704121248,3.,32.841785687471));
#6270=CARTESIAN_POINT('',(57.9269704121248,3.,32.841785687471));
#6271=CARTESIAN_POINT('',(57.9269704121248,3.,30.9208928437355));
#6272=CARTESIAN_POINT('',(57.9269704121248,2.8,32.841785687471));
#6273=CARTESIAN_POINT('',(57.9269704121248,3.,32.841785687471));
#6274=CARTESIAN_POINT('',(57.9269704121248,2.8,32.841785687471));
#6275=CARTESIAN_POINT('Origin',(56.973696042885,3.,32.841785687471));
#6276=CARTESIAN_POINT('',(49.2368480214425,3.,32.841785687471));
#6277=CARTESIAN_POINT('',(56.973696042885,2.8,32.841785687471));
#6278=CARTESIAN_POINT('Origin',(55.13109725817,2.8,34.0917855384594));
#6279=CARTESIAN_POINT('Ctrl Pts',(61.279630501856,3.,33.2629997911698));
#6280=CARTESIAN_POINT('Ctrl Pts',(61.279630501856,2.8,33.2629997911698));
#6281=CARTESIAN_POINT('Ctrl Pts',(61.2347705925923,3.,33.341875828616));
#6282=CARTESIAN_POINT('Ctrl Pts',(61.2347705925923,2.8,33.341875828616));
#6283=CARTESIAN_POINT('Ctrl Pts',(61.1236533405842,3.,33.5372504665539));
#6284=CARTESIAN_POINT('Ctrl Pts',(61.1236533405842,2.8,33.5372504665539));
#6285=CARTESIAN_POINT('Ctrl Pts',(61.1241501455165,3.,33.7639232877895));
#6286=CARTESIAN_POINT('Ctrl Pts',(61.1241501455165,2.8,33.7639232877895));
#6287=CARTESIAN_POINT('Ctrl Pts',(61.1244463819162,3.,33.8990844669586));
#6288=CARTESIAN_POINT('Ctrl Pts',(61.1244463819162,2.8,33.8990844669586));
#6289=CARTESIAN_POINT('',(61.279630501856,3.,33.2629997911698));
#6290=CARTESIAN_POINT('',(61.1244463819162,3.,33.8990844669586));
#6291=CARTESIAN_POINT('Ctrl Pts',(61.279630501856,3.,33.2629997911698));
#6292=CARTESIAN_POINT('Ctrl Pts',(61.2347705925923,3.,33.341875828616));
#6293=CARTESIAN_POINT('Ctrl Pts',(61.1236533405842,3.,33.5372504665539));
#6294=CARTESIAN_POINT('Ctrl Pts',(61.1241501455165,3.,33.7639232877895));
#6295=CARTESIAN_POINT('Ctrl Pts',(61.1244463819162,3.,33.8990844669586));
#6296=CARTESIAN_POINT('',(61.279630501856,2.8,33.2629997911698));
#6297=CARTESIAN_POINT('',(61.279630501856,3.,33.2629997911698));
#6298=CARTESIAN_POINT('',(61.1244463819162,2.8,33.8990844669586));
#6299=CARTESIAN_POINT('Ctrl Pts',(61.279630501856,2.8,33.2629997911698));
#6300=CARTESIAN_POINT('Ctrl Pts',(61.2347705925923,2.8,33.341875828616));
#6301=CARTESIAN_POINT('Ctrl Pts',(61.1236533405842,2.8,33.5372504665539));
#6302=CARTESIAN_POINT('Ctrl Pts',(61.1241501455165,2.8,33.7639232877895));
#6303=CARTESIAN_POINT('Ctrl Pts',(61.1244463819162,2.8,33.8990844669586));
#6304=CARTESIAN_POINT('',(61.1244463819162,3.,33.8990844669586));
#6305=CARTESIAN_POINT('Ctrl Pts',(61.7997532981531,3.,33.0975837888962));
#6306=CARTESIAN_POINT('Ctrl Pts',(61.7997532981531,2.8,33.0975837888962));
#6307=CARTESIAN_POINT('Ctrl Pts',(61.691634832912,3.,33.1000198395047));
#6308=CARTESIAN_POINT('Ctrl Pts',(61.691634832912,2.8,33.1000198395047));
#6309=CARTESIAN_POINT('Ctrl Pts',(61.5005594046028,3.,33.1043250191276));
#6310=CARTESIAN_POINT('Ctrl Pts',(61.5005594046028,2.8,33.1043250191276));
#6311=CARTESIAN_POINT('Ctrl Pts',(61.346511613004,3.,33.2149646770068));
#6312=CARTESIAN_POINT('Ctrl Pts',(61.346511613004,2.8,33.2149646770068));
#6313=CARTESIAN_POINT('Ctrl Pts',(61.279630501856,3.,33.2629997911698));
#6314=CARTESIAN_POINT('Ctrl Pts',(61.279630501856,2.8,33.2629997911698));
#6315=CARTESIAN_POINT('',(61.7997532981531,3.,33.0975837888962));
#6316=CARTESIAN_POINT('Ctrl Pts',(61.7997532981531,3.,33.0975837888962));
#6317=CARTESIAN_POINT('Ctrl Pts',(61.691634832912,3.,33.1000198395047));
#6318=CARTESIAN_POINT('Ctrl Pts',(61.5005594046028,3.,33.1043250191276));
#6319=CARTESIAN_POINT('Ctrl Pts',(61.346511613004,3.,33.2149646770068));
#6320=CARTESIAN_POINT('Ctrl Pts',(61.279630501856,3.,33.2629997911698));
#6321=CARTESIAN_POINT('',(61.7997532981531,2.8,33.0975837888962));
#6322=CARTESIAN_POINT('',(61.7997532981531,3.,33.0975837888962));
#6323=CARTESIAN_POINT('Ctrl Pts',(61.7997532981531,2.8,33.0975837888962));
#6324=CARTESIAN_POINT('Ctrl Pts',(61.691634832912,2.8,33.1000198395047));
#6325=CARTESIAN_POINT('Ctrl Pts',(61.5005594046028,2.8,33.1043250191276));
#6326=CARTESIAN_POINT('Ctrl Pts',(61.346511613004,2.8,33.2149646770068));
#6327=CARTESIAN_POINT('Ctrl Pts',(61.279630501856,2.8,33.2629997911698));
#6328=CARTESIAN_POINT('Ctrl Pts',(62.1604286032812,3.,33.1811444344765));
#6329=CARTESIAN_POINT('Ctrl Pts',(62.1604286032812,2.8,33.1811444344765));
#6330=CARTESIAN_POINT('Ctrl Pts',(62.1066169976955,3.,33.15679618431));
#6331=CARTESIAN_POINT('Ctrl Pts',(62.1066169976955,2.8,33.15679618431));
#6332=CARTESIAN_POINT('Ctrl Pts',(61.9921369962189,3.,33.1049971776706));
#6333=CARTESIAN_POINT('Ctrl Pts',(61.9921369962189,2.8,33.1049971776706));
#6334=CARTESIAN_POINT('Ctrl Pts',(61.8663917061125,3.,33.1001516594095));
#6335=CARTESIAN_POINT('Ctrl Pts',(61.8663917061125,2.8,33.1001516594095));
#6336=CARTESIAN_POINT('Ctrl Pts',(61.7997532981531,3.,33.0975837888962));
#6337=CARTESIAN_POINT('Ctrl Pts',(61.7997532981531,2.8,33.0975837888962));
#6338=CARTESIAN_POINT('',(62.1604286032812,3.,33.1811444344765));
#6339=CARTESIAN_POINT('Ctrl Pts',(62.1604286032812,3.,33.1811444344765));
#6340=CARTESIAN_POINT('Ctrl Pts',(62.1066169976955,3.,33.15679618431));
#6341=CARTESIAN_POINT('Ctrl Pts',(61.9921369962189,3.,33.1049971776706));
#6342=CARTESIAN_POINT('Ctrl Pts',(61.8663917061125,3.,33.1001516594095));
#6343=CARTESIAN_POINT('Ctrl Pts',(61.7997532981531,3.,33.0975837888962));
#6344=CARTESIAN_POINT('',(62.1604286032812,2.8,33.1811444344765));
#6345=CARTESIAN_POINT('',(62.1604286032812,3.,33.1811444344765));
#6346=CARTESIAN_POINT('Ctrl Pts',(62.1604286032812,2.8,33.1811444344765));
#6347=CARTESIAN_POINT('Ctrl Pts',(62.1066169976955,2.8,33.15679618431));
#6348=CARTESIAN_POINT('Ctrl Pts',(61.9921369962189,2.8,33.1049971776706));
#6349=CARTESIAN_POINT('Ctrl Pts',(61.8663917061125,2.8,33.1001516594095));
#6350=CARTESIAN_POINT('Ctrl Pts',(61.7997532981531,2.8,33.0975837888962));
#6351=CARTESIAN_POINT('Ctrl Pts',(62.3684777218,3.,33.4190367045647));
#6352=CARTESIAN_POINT('Ctrl Pts',(62.3684777218,2.8,33.4190367045647));
#6353=CARTESIAN_POINT('Ctrl Pts',(62.3445256644944,3.,33.3704578093788));
#6354=CARTESIAN_POINT('Ctrl Pts',(62.3445256644944,2.8,33.3704578093788));
#6355=CARTESIAN_POINT('Ctrl Pts',(62.2963271607927,3.,33.2727029472572));
#6356=CARTESIAN_POINT('Ctrl Pts',(62.2963271607927,2.8,33.2727029472572));
#6357=CARTESIAN_POINT('Ctrl Pts',(62.2059122026978,3.,33.2117879585488));
#6358=CARTESIAN_POINT('Ctrl Pts',(62.2059122026978,2.8,33.2117879585488));
#6359=CARTESIAN_POINT('Ctrl Pts',(62.1604286032812,3.,33.1811444344765));
#6360=CARTESIAN_POINT('Ctrl Pts',(62.1604286032812,2.8,33.1811444344765));
#6361=CARTESIAN_POINT('',(62.3684777218,3.,33.4190367045647));
#6362=CARTESIAN_POINT('Ctrl Pts',(62.3684777218,3.,33.4190367045647));
#6363=CARTESIAN_POINT('Ctrl Pts',(62.3445256644944,3.,33.3704578093788));
#6364=CARTESIAN_POINT('Ctrl Pts',(62.2963271607927,3.,33.2727029472572));
#6365=CARTESIAN_POINT('Ctrl Pts',(62.2059122026978,3.,33.2117879585488));
#6366=CARTESIAN_POINT('Ctrl Pts',(62.1604286032812,3.,33.1811444344765));
#6367=CARTESIAN_POINT('',(62.3684777218,2.8,33.4190367045647));
#6368=CARTESIAN_POINT('',(62.3684777218,3.,33.4190367045647));
#6369=CARTESIAN_POINT('Ctrl Pts',(62.3684777218,2.8,33.4190367045647));
#6370=CARTESIAN_POINT('Ctrl Pts',(62.3445256644944,2.8,33.3704578093788));
#6371=CARTESIAN_POINT('Ctrl Pts',(62.2963271607927,2.8,33.2727029472572));
#6372=CARTESIAN_POINT('Ctrl Pts',(62.2059122026978,2.8,33.2117879585488));
#6373=CARTESIAN_POINT('Ctrl Pts',(62.1604286032812,2.8,33.1811444344765));
#6374=CARTESIAN_POINT('Ctrl Pts',(62.4290165948764,3.,33.8990844669586));
#6375=CARTESIAN_POINT('Ctrl Pts',(62.4290165948764,2.8,33.8990844669586));
#6376=CARTESIAN_POINT('Ctrl Pts',(62.4286803298526,3.,33.8041314216485));
#6377=CARTESIAN_POINT('Ctrl Pts',(62.4286803298526,2.8,33.8041314216485));
#6378=CARTESIAN_POINT('Ctrl Pts',(62.4281038770452,3.,33.6413552014949));
#6379=CARTESIAN_POINT('Ctrl Pts',(62.4281038770452,2.8,33.6413552014949));
#6380=CARTESIAN_POINT('Ctrl Pts',(62.3860147806136,3.,33.484424327496));
#6381=CARTESIAN_POINT('Ctrl Pts',(62.3860147806136,2.8,33.484424327496));
#6382=CARTESIAN_POINT('Ctrl Pts',(62.3684777218,3.,33.4190367045647));
#6383=CARTESIAN_POINT('Ctrl Pts',(62.3684777218,2.8,33.4190367045647));
#6384=CARTESIAN_POINT('',(62.4290165948764,3.,33.8990844669586));
#6385=CARTESIAN_POINT('Ctrl Pts',(62.4290165948764,3.,33.8990844669586));
#6386=CARTESIAN_POINT('Ctrl Pts',(62.4286803298526,3.,33.8041314216485));
#6387=CARTESIAN_POINT('Ctrl Pts',(62.4281038770452,3.,33.6413552014949));
#6388=CARTESIAN_POINT('Ctrl Pts',(62.3860147806136,3.,33.484424327496));
#6389=CARTESIAN_POINT('Ctrl Pts',(62.3684777218,3.,33.4190367045647));
#6390=CARTESIAN_POINT('',(62.4290165948764,2.8,33.8990844669586));
#6391=CARTESIAN_POINT('',(62.4290165948764,3.,33.8990844669586));
#6392=CARTESIAN_POINT('Ctrl Pts',(62.4290165948764,2.8,33.8990844669586));
#6393=CARTESIAN_POINT('Ctrl Pts',(62.4286803298526,2.8,33.8041314216485));
#6394=CARTESIAN_POINT('Ctrl Pts',(62.4281038770452,2.8,33.6413552014949));
#6395=CARTESIAN_POINT('Ctrl Pts',(62.3860147806136,2.8,33.484424327496));
#6396=CARTESIAN_POINT('Ctrl Pts',(62.3684777218,2.8,33.4190367045647));
#6397=CARTESIAN_POINT('Origin',(62.4290165948764,3.,35.341785687471));
#6398=CARTESIAN_POINT('',(62.4290165948764,3.,35.341785687471));
#6399=CARTESIAN_POINT('',(62.4290165948764,3.,32.1708928437355));
#6400=CARTESIAN_POINT('',(62.4290165948764,2.8,35.341785687471));
#6401=CARTESIAN_POINT('',(62.4290165948764,3.,35.341785687471));
#6402=CARTESIAN_POINT('',(62.4290165948764,2.8,35.341785687471));
#6403=CARTESIAN_POINT('Origin',(62.7598487856881,3.,35.341785687471));
#6404=CARTESIAN_POINT('',(62.7598487856881,3.,35.341785687471));
#6405=CARTESIAN_POINT('',(52.129924392844,3.,35.341785687471));
#6406=CARTESIAN_POINT('',(62.7598487856881,2.8,35.341785687471));
#6407=CARTESIAN_POINT('',(62.7598487856881,3.,35.341785687471));
#6408=CARTESIAN_POINT('',(62.7598487856881,2.8,35.341785687471));
#6409=CARTESIAN_POINT('Origin',(62.7598487856881,3.,33.8973791780716));
#6410=CARTESIAN_POINT('',(62.7598487856881,3.,33.8973791780716));
#6411=CARTESIAN_POINT('',(62.7598487856881,3.,31.4486895890358));
#6412=CARTESIAN_POINT('',(62.7598487856881,2.8,33.8973791780716));
#6413=CARTESIAN_POINT('',(62.7598487856881,3.,33.8973791780716));
#6414=CARTESIAN_POINT('',(62.7598487856881,2.8,33.8973791780716));
#6415=CARTESIAN_POINT('Ctrl Pts',(62.6643508198754,3.,33.2706738891846));
#6416=CARTESIAN_POINT('Ctrl Pts',(62.6643508198754,2.8,33.2706738891846));
#6417=CARTESIAN_POINT('Ctrl Pts',(62.6921043960336,3.,33.3604906720161));
#6418=CARTESIAN_POINT('Ctrl Pts',(62.6921043960336,2.8,33.3604906720161));
#6419=CARTESIAN_POINT('Ctrl Pts',(62.7550772246581,3.,33.5642848367972));
#6420=CARTESIAN_POINT('Ctrl Pts',(62.7550772246581,2.8,33.5642848367972));
#6421=CARTESIAN_POINT('Ctrl Pts',(62.7581373359387,3.,33.777905860365));
#6422=CARTESIAN_POINT('Ctrl Pts',(62.7581373359387,2.8,33.777905860365));
#6423=CARTESIAN_POINT('Ctrl Pts',(62.7598487856881,3.,33.8973791780716));
#6424=CARTESIAN_POINT('Ctrl Pts',(62.7598487856881,2.8,33.8973791780716));
#6425=CARTESIAN_POINT('',(62.6643508198754,3.,33.2706738891846));
#6426=CARTESIAN_POINT('Ctrl Pts',(62.6643508198754,3.,33.2706738891846));
#6427=CARTESIAN_POINT('Ctrl Pts',(62.6921043960336,3.,33.3604906720161));
#6428=CARTESIAN_POINT('Ctrl Pts',(62.7550772246581,3.,33.5642848367972));
#6429=CARTESIAN_POINT('Ctrl Pts',(62.7581373359387,3.,33.777905860365));
#6430=CARTESIAN_POINT('Ctrl Pts',(62.7598487856881,3.,33.8973791780716));
#6431=CARTESIAN_POINT('',(62.6643508198754,2.8,33.2706738891846));
#6432=CARTESIAN_POINT('',(62.6643508198754,3.,33.2706738891846));
#6433=CARTESIAN_POINT('Ctrl Pts',(62.6643508198754,2.8,33.2706738891846));
#6434=CARTESIAN_POINT('Ctrl Pts',(62.6921043960336,2.8,33.3604906720161));
#6435=CARTESIAN_POINT('Ctrl Pts',(62.7550772246581,2.8,33.5642848367972));
#6436=CARTESIAN_POINT('Ctrl Pts',(62.7581373359387,2.8,33.777905860365));
#6437=CARTESIAN_POINT('Ctrl Pts',(62.7598487856881,2.8,33.8973791780716));
#6438=CARTESIAN_POINT('Ctrl Pts',(62.3454558747903,3.,32.9202304663903));
#6439=CARTESIAN_POINT('Ctrl Pts',(62.3454558747903,2.8,32.9202304663903));
#6440=CARTESIAN_POINT('Ctrl Pts',(62.414493278054,3.,32.9648648955315));
#6441=CARTESIAN_POINT('Ctrl Pts',(62.414493278054,2.8,32.9648648955315));
#6442=CARTESIAN_POINT('Ctrl Pts',(62.551727080523,3.,33.0535900233972));
#6443=CARTESIAN_POINT('Ctrl Pts',(62.551727080523,2.8,33.0535900233972));
#6444=CARTESIAN_POINT('Ctrl Pts',(62.6269632623192,3.,33.1986088381278));
#6445=CARTESIAN_POINT('Ctrl Pts',(62.6269632623192,2.8,33.1986088381278));
#6446=CARTESIAN_POINT('Ctrl Pts',(62.6643508198754,3.,33.2706738891846));
#6447=CARTESIAN_POINT('Ctrl Pts',(62.6643508198754,2.8,33.2706738891846));
#6448=CARTESIAN_POINT('',(62.3454558747903,3.,32.9202304663903));
#6449=CARTESIAN_POINT('Ctrl Pts',(62.3454558747903,3.,32.9202304663903));
#6450=CARTESIAN_POINT('Ctrl Pts',(62.414493278054,3.,32.9648648955315));
#6451=CARTESIAN_POINT('Ctrl Pts',(62.551727080523,3.,33.0535900233972));
#6452=CARTESIAN_POINT('Ctrl Pts',(62.6269632623192,3.,33.1986088381278));
#6453=CARTESIAN_POINT('Ctrl Pts',(62.6643508198754,3.,33.2706738891846));
#6454=CARTESIAN_POINT('',(62.3454558747903,2.8,32.9202304663903));
#6455=CARTESIAN_POINT('',(62.3454558747903,3.,32.9202304663903));
#6456=CARTESIAN_POINT('Ctrl Pts',(62.3454558747903,2.8,32.9202304663903));
#6457=CARTESIAN_POINT('Ctrl Pts',(62.414493278054,2.8,32.9648648955315));
#6458=CARTESIAN_POINT('Ctrl Pts',(62.551727080523,2.8,33.0535900233972));
#6459=CARTESIAN_POINT('Ctrl Pts',(62.6269632623192,2.8,33.1986088381278));
#6460=CARTESIAN_POINT('Ctrl Pts',(62.6643508198754,2.8,33.2706738891846));
#6461=CARTESIAN_POINT('Ctrl Pts',(61.7707627910272,3.,32.7991525712258));
#6462=CARTESIAN_POINT('Ctrl Pts',(61.7707627910272,2.8,32.7991525712258));
#6463=CARTESIAN_POINT('Ctrl Pts',(61.8787485578274,3.,32.8022690510831));
#6464=CARTESIAN_POINT('Ctrl Pts',(61.8787485578274,2.8,32.8022690510831));
#6465=CARTESIAN_POINT('Ctrl Pts',(62.0779824970098,3.,32.8080189621757));
#6466=CARTESIAN_POINT('Ctrl Pts',(62.0779824970098,2.8,32.8080189621757));
#6467=CARTESIAN_POINT('Ctrl Pts',(62.2614353588559,3.,32.8849818425604));
#6468=CARTESIAN_POINT('Ctrl Pts',(62.2614353588559,2.8,32.8849818425604));
#6469=CARTESIAN_POINT('Ctrl Pts',(62.3454558747903,3.,32.9202304663903));
#6470=CARTESIAN_POINT('Ctrl Pts',(62.3454558747903,2.8,32.9202304663903));
#6471=CARTESIAN_POINT('',(61.7707627910272,3.,32.7991525712258));
#6472=CARTESIAN_POINT('Ctrl Pts',(61.7707627910272,3.,32.7991525712258));
#6473=CARTESIAN_POINT('Ctrl Pts',(61.8787485578274,3.,32.8022690510831));
#6474=CARTESIAN_POINT('Ctrl Pts',(62.0779824970098,3.,32.8080189621757));
#6475=CARTESIAN_POINT('Ctrl Pts',(62.2614353588559,3.,32.8849818425604));
#6476=CARTESIAN_POINT('Ctrl Pts',(62.3454558747903,3.,32.9202304663903));
#6477=CARTESIAN_POINT('',(61.7707627910272,2.8,32.7991525712258));
#6478=CARTESIAN_POINT('',(61.7707627910272,3.,32.7991525712258));
#6479=CARTESIAN_POINT('Ctrl Pts',(61.7707627910272,2.8,32.7991525712258));
#6480=CARTESIAN_POINT('Ctrl Pts',(61.8787485578274,2.8,32.8022690510831));
#6481=CARTESIAN_POINT('Ctrl Pts',(62.0779824970098,2.8,32.8080189621757));
#6482=CARTESIAN_POINT('Ctrl Pts',(62.2614353588559,2.8,32.8849818425604));
#6483=CARTESIAN_POINT('Ctrl Pts',(62.3454558747903,2.8,32.9202304663903));
#6484=CARTESIAN_POINT('Ctrl Pts',(61.1866906183855,3.,32.9381362977272));
#6485=CARTESIAN_POINT('Ctrl Pts',(61.1866906183855,2.8,32.9381362977272));
#6486=CARTESIAN_POINT('Ctrl Pts',(61.2710224920022,3.,32.8976750437267));
#6487=CARTESIAN_POINT('Ctrl Pts',(61.2710224920022,2.8,32.8976750437267));
#6488=CARTESIAN_POINT('Ctrl Pts',(61.4551854151878,3.,32.8093162477823));
#6489=CARTESIAN_POINT('Ctrl Pts',(61.4551854151878,2.8,32.8093162477823));
#6490=CARTESIAN_POINT('Ctrl Pts',(61.6598293780935,3.,32.8027253600715));
#6491=CARTESIAN_POINT('Ctrl Pts',(61.6598293780935,2.8,32.8027253600715));
#6492=CARTESIAN_POINT('Ctrl Pts',(61.7707627910272,3.,32.7991525712258));
#6493=CARTESIAN_POINT('Ctrl Pts',(61.7707627910272,2.8,32.7991525712258));
#6494=CARTESIAN_POINT('',(61.1866906183855,3.,32.9381362977272));
#6495=CARTESIAN_POINT('Ctrl Pts',(61.1866906183855,3.,32.9381362977272));
#6496=CARTESIAN_POINT('Ctrl Pts',(61.2710224920022,3.,32.8976750437267));
#6497=CARTESIAN_POINT('Ctrl Pts',(61.4551854151878,3.,32.8093162477823));
#6498=CARTESIAN_POINT('Ctrl Pts',(61.6598293780935,3.,32.8027253600715));
#6499=CARTESIAN_POINT('Ctrl Pts',(61.7707627910272,3.,32.7991525712258));
#6500=CARTESIAN_POINT('',(61.1866906183855,2.8,32.9381362977272));
#6501=CARTESIAN_POINT('',(61.1866906183855,3.,32.9381362977272));
#6502=CARTESIAN_POINT('Ctrl Pts',(61.1866906183855,2.8,32.9381362977272));
#6503=CARTESIAN_POINT('Ctrl Pts',(61.2710224920022,2.8,32.8976750437267));
#6504=CARTESIAN_POINT('Ctrl Pts',(61.4551854151878,2.8,32.8093162477823));
#6505=CARTESIAN_POINT('Ctrl Pts',(61.6598293780935,2.8,32.8027253600715));
#6506=CARTESIAN_POINT('Ctrl Pts',(61.7707627910272,2.8,32.7991525712258));
#6507=CARTESIAN_POINT('Ctrl Pts',(60.8788801628248,3.,33.2988117518669));
#6508=CARTESIAN_POINT('Ctrl Pts',(60.8788801628248,2.8,33.2988117518669));
#6509=CARTESIAN_POINT('Ctrl Pts',(60.9139750901038,3.,33.2277753423185));
#6510=CARTESIAN_POINT('Ctrl Pts',(60.9139750901038,2.8,33.2277753423185));
#6511=CARTESIAN_POINT('Ctrl Pts',(60.9861039823422,3.,33.0817776746614));
#6512=CARTESIAN_POINT('Ctrl Pts',(60.9861039823422,2.8,33.0817776746614));
#6513=CARTESIAN_POINT('Ctrl Pts',(61.1186407464671,3.,32.9868672475819));
#6514=CARTESIAN_POINT('Ctrl Pts',(61.1186407464671,2.8,32.9868672475819));
#6515=CARTESIAN_POINT('Ctrl Pts',(61.1866906183855,3.,32.9381362977272));
#6516=CARTESIAN_POINT('Ctrl Pts',(61.1866906183855,2.8,32.9381362977272));
#6517=CARTESIAN_POINT('',(60.8788801628248,3.,33.2988117518669));
#6518=CARTESIAN_POINT('Ctrl Pts',(60.8788801628248,3.,33.2988117518669));
#6519=CARTESIAN_POINT('Ctrl Pts',(60.9139750901038,3.,33.2277753423185));
#6520=CARTESIAN_POINT('Ctrl Pts',(60.9861039823422,3.,33.0817776746614));
#6521=CARTESIAN_POINT('Ctrl Pts',(61.1186407464671,3.,32.9868672475819));
#6522=CARTESIAN_POINT('Ctrl Pts',(61.1866906183855,3.,32.9381362977272));
#6523=CARTESIAN_POINT('',(60.8788801628248,2.8,33.2988117518669));
#6524=CARTESIAN_POINT('',(60.8788801628248,3.,33.2988117518669));
#6525=CARTESIAN_POINT('Ctrl Pts',(60.8788801628248,2.8,33.2988117518669));
#6526=CARTESIAN_POINT('Ctrl Pts',(60.9139750901038,2.8,33.2277753423185));
#6527=CARTESIAN_POINT('Ctrl Pts',(60.9861039823422,2.8,33.0817776746614));
#6528=CARTESIAN_POINT('Ctrl Pts',(61.1186407464671,2.8,32.9868672475819));
#6529=CARTESIAN_POINT('Ctrl Pts',(61.1866906183855,2.8,32.9381362977272));
#6530=CARTESIAN_POINT('Ctrl Pts',(60.7936142283575,3.,33.8973791780716));
#6531=CARTESIAN_POINT('Ctrl Pts',(60.7936142283575,2.8,33.8973791780716));
#6532=CARTESIAN_POINT('Ctrl Pts',(60.7951900807684,3.,33.7838396566107));
#6533=CARTESIAN_POINT('Ctrl Pts',(60.7951900807684,2.8,33.7838396566107));
#6534=CARTESIAN_POINT('Ctrl Pts',(60.7980136891016,3.,33.5803998314665));
#6535=CARTESIAN_POINT('Ctrl Pts',(60.7980136891016,2.8,33.5803998314665));
#6536=CARTESIAN_POINT('Ctrl Pts',(60.8540969169233,3.,33.385110390825));
#6537=CARTESIAN_POINT('Ctrl Pts',(60.8540969169233,2.8,33.385110390825));
#6538=CARTESIAN_POINT('Ctrl Pts',(60.8788801628248,3.,33.2988117518669));
#6539=CARTESIAN_POINT('Ctrl Pts',(60.8788801628248,2.8,33.2988117518669));
#6540=CARTESIAN_POINT('',(60.7936142283575,3.,33.8973791780716));
#6541=CARTESIAN_POINT('Ctrl Pts',(60.7936142283575,3.,33.8973791780716));
#6542=CARTESIAN_POINT('Ctrl Pts',(60.7951900807684,3.,33.7838396566107));
#6543=CARTESIAN_POINT('Ctrl Pts',(60.7980136891016,3.,33.5803998314665));
#6544=CARTESIAN_POINT('Ctrl Pts',(60.8540969169233,3.,33.385110390825));
#6545=CARTESIAN_POINT('Ctrl Pts',(60.8788801628248,3.,33.2988117518669));
#6546=CARTESIAN_POINT('',(60.7936142283575,2.8,33.8973791780716));
#6547=CARTESIAN_POINT('',(60.7936142283575,3.,33.8973791780716));
#6548=CARTESIAN_POINT('Ctrl Pts',(60.7936142283575,2.8,33.8973791780716));
#6549=CARTESIAN_POINT('Ctrl Pts',(60.7951900807684,2.8,33.7838396566107));
#6550=CARTESIAN_POINT('Ctrl Pts',(60.7980136891016,2.8,33.5803998314665));
#6551=CARTESIAN_POINT('Ctrl Pts',(60.8540969169233,2.8,33.385110390825));
#6552=CARTESIAN_POINT('Ctrl Pts',(60.8788801628248,2.8,33.2988117518669));
#6553=CARTESIAN_POINT('Origin',(60.7936142283575,3.,35.341785687471));
#6554=CARTESIAN_POINT('',(60.7936142283575,3.,35.341785687471));
#6555=CARTESIAN_POINT('',(60.7936142283575,3.,32.1708928437355));
#6556=CARTESIAN_POINT('',(60.7936142283575,2.8,35.341785687471));
#6557=CARTESIAN_POINT('',(60.7936142283575,3.,35.341785687471));
#6558=CARTESIAN_POINT('',(60.7936142283575,2.8,35.341785687471));
#6559=CARTESIAN_POINT('Origin',(61.1244463819162,3.,35.341785687471));
#6560=CARTESIAN_POINT('',(61.1244463819162,3.,35.341785687471));
#6561=CARTESIAN_POINT('',(51.3122231909581,3.,35.341785687471));
#6562=CARTESIAN_POINT('',(61.1244463819162,2.8,35.341785687471));
#6563=CARTESIAN_POINT('',(61.1244463819162,3.,35.341785687471));
#6564=CARTESIAN_POINT('',(61.1244463819162,2.8,35.341785687471));
#6565=CARTESIAN_POINT('Origin',(61.1244463819162,3.,33.8990844669586));
#6566=CARTESIAN_POINT('',(61.1244463819162,3.,31.4495422334793));
#6567=CARTESIAN_POINT('',(61.1244463819162,2.8,33.8990844669586));
#6568=CARTESIAN_POINT('Origin',(55.13109725817,2.8,34.0917855384594));
#6569=CARTESIAN_POINT('Origin',(41.5,3.,29.));
#6570=CARTESIAN_POINT('Origin',(41.5,3.,29.));
#6571=CARTESIAN_POINT('Origin',(41.5,3.,29.));
#6572=CARTESIAN_POINT('Origin',(41.5,3.,29.));
#6573=CARTESIAN_POINT('Origin',(78.,2.43562394879498,5.));
#6574=CARTESIAN_POINT('',(78.,2.,6.45));
#6575=CARTESIAN_POINT('Origin',(78.,2.,5.));
#6576=CARTESIAN_POINT('',(78.,2.87124789758996,5.));
#6577=CARTESIAN_POINT('',(78.,2.43562394879498,5.725));
#6578=CARTESIAN_POINT('Origin',(78.,1.,5.));
#6579=CARTESIAN_POINT('',(78.,0.,6.45));
#6580=CARTESIAN_POINT('Origin',(78.,0.,5.));
#6581=CARTESIAN_POINT('',(78.,1.,6.45));
#6582=CARTESIAN_POINT('Origin',(78.,2.43562394879498,53.));
#6583=CARTESIAN_POINT('',(78.,2.,54.45));
#6584=CARTESIAN_POINT('Origin',(78.,2.,53.));
#6585=CARTESIAN_POINT('',(78.,2.87124789758996,53.));
#6586=CARTESIAN_POINT('',(78.,2.43562394879498,53.725));
#6587=CARTESIAN_POINT('Origin',(78.,1.,53.));
#6588=CARTESIAN_POINT('',(78.,0.,54.45));
#6589=CARTESIAN_POINT('Origin',(78.,0.,53.));
#6590=CARTESIAN_POINT('',(78.,1.,54.45));
#6591=CARTESIAN_POINT('Origin',(5.,2.43562394879498,53.));
#6592=CARTESIAN_POINT('',(5.,2.,54.45));
#6593=CARTESIAN_POINT('Origin',(5.,2.,53.));
#6594=CARTESIAN_POINT('',(5.,2.87124789758996,53.));
#6595=CARTESIAN_POINT('',(5.,2.43562394879498,53.725));
#6596=CARTESIAN_POINT('Origin',(5.,1.,53.));
#6597=CARTESIAN_POINT('',(5.,0.,54.45));
#6598=CARTESIAN_POINT('Origin',(5.,0.,53.));
#6599=CARTESIAN_POINT('',(5.,1.,54.45));
#6600=CARTESIAN_POINT('Origin',(5.00000007450581,2.43562394879498,5.00000007450581));
#6601=CARTESIAN_POINT('',(5.00000007450581,2.,6.45000007450581));
#6602=CARTESIAN_POINT('Origin',(5.00000007450581,2.,5.00000007450581));
#6603=CARTESIAN_POINT('',(5.00000007450581,2.87124789758996,5.00000007450581));
#6604=CARTESIAN_POINT('',(5.00000007450581,2.43562394879498,5.72500007450581));
#6605=CARTESIAN_POINT('Origin',(5.00000007450581,1.,5.00000007450581));
#6606=CARTESIAN_POINT('',(5.00000007450581,0.,6.45000007450581));
#6607=CARTESIAN_POINT('Origin',(5.00000007450581,0.,5.00000007450581));
#6608=CARTESIAN_POINT('',(5.00000007450581,1.,6.45000007450581));
#6609=CARTESIAN_POINT('Origin',(41.5,3.,29.));
#6610=CARTESIAN_POINT('',(0.,3.,48.));
#6611=CARTESIAN_POINT('',(10.,3.,58.));
#6612=CARTESIAN_POINT('Origin',(9.99999999999999,3.,48.));
#6613=CARTESIAN_POINT('',(73.,3.,58.));
#6614=CARTESIAN_POINT('',(73.,3.,58.));
#6615=CARTESIAN_POINT('',(83.,3.,48.));
#6616=CARTESIAN_POINT('Origin',(73.,3.,48.));
#6617=CARTESIAN_POINT('',(83.,3.,10.));
#6618=CARTESIAN_POINT('',(83.,3.,10.));
#6619=CARTESIAN_POINT('',(73.,3.,-8.88178419700125E-15));
#6620=CARTESIAN_POINT('Origin',(73.,3.,9.99999999999999));
#6621=CARTESIAN_POINT('',(10.,3.,0.));
#6622=CARTESIAN_POINT('',(10.,3.,0.));
#6623=CARTESIAN_POINT('',(0.,3.,10.));
#6624=CARTESIAN_POINT('Origin',(9.99999999999999,3.,9.99999999999999));
#6625=CARTESIAN_POINT('',(0.,3.,48.));
#6626=CARTESIAN_POINT('Origin',(1.11022302462516E-15,0.,10.));
#6627=CARTESIAN_POINT('',(0.,0.,48.));
#6628=CARTESIAN_POINT('',(0.,0.,10.));
#6629=CARTESIAN_POINT('',(0.,0.,48.));
#6630=CARTESIAN_POINT('',(0.,0.,48.));
#6631=CARTESIAN_POINT('',(0.,0.,10.));
#6632=CARTESIAN_POINT('Origin',(9.99999999999999,0.,9.99999999999999));
#6633=CARTESIAN_POINT('',(10.,0.,0.));
#6634=CARTESIAN_POINT('Origin',(9.99999999999999,0.,9.99999999999999));
#6635=CARTESIAN_POINT('',(10.,0.,0.));
#6636=CARTESIAN_POINT('Origin',(73.,0.,0.));
#6637=CARTESIAN_POINT('',(73.,0.,-5.55111512312578E-15));
#6638=CARTESIAN_POINT('',(10.,0.,0.));
#6639=CARTESIAN_POINT('',(73.,0.,-5.55111512312578E-15));
#6640=CARTESIAN_POINT('Origin',(73.,0.,9.99999999999999));
#6641=CARTESIAN_POINT('',(83.,0.,10.));
#6642=CARTESIAN_POINT('Origin',(73.,0.,9.99999999999999));
#6643=CARTESIAN_POINT('',(83.,0.,10.));
#6644=CARTESIAN_POINT('Origin',(83.,0.,48.));
#6645=CARTESIAN_POINT('',(83.,0.,48.));
#6646=CARTESIAN_POINT('',(83.,0.,10.));
#6647=CARTESIAN_POINT('',(83.,0.,48.));
#6648=CARTESIAN_POINT('Origin',(73.,0.,48.));
#6649=CARTESIAN_POINT('',(73.,0.,58.));
#6650=CARTESIAN_POINT('Origin',(73.,0.,48.));
#6651=CARTESIAN_POINT('',(73.,0.,58.));
#6652=CARTESIAN_POINT('Origin',(10.,0.,58.));
#6653=CARTESIAN_POINT('',(10.,0.,58.));
#6654=CARTESIAN_POINT('',(73.,0.,58.));
#6655=CARTESIAN_POINT('',(10.,0.,58.));
#6656=CARTESIAN_POINT('Origin',(9.99999999999999,0.,48.));
#6657=CARTESIAN_POINT('Origin',(9.99999999999999,0.,48.));
#6658=CARTESIAN_POINT('Origin',(41.5,0.,29.));
#6659=UNCERTAINTY_MEASURE_WITH_UNIT(LENGTH_MEASURE(0.01),#6663,
'DISTANCE_ACCURACY_VALUE',
'Maximum model space distance between geometric entities at asserted c
onnectivities');
#6660=UNCERTAINTY_MEASURE_WITH_UNIT(LENGTH_MEASURE(0.01),#6663,
'DISTANCE_ACCURACY_VALUE',
'Maximum model space distance between geometric entities at asserted c
onnectivities');
#6661=(
GEOMETRIC_REPRESENTATION_CONTEXT(3)
GLOBAL_UNCERTAINTY_ASSIGNED_CONTEXT((#6659))
GLOBAL_UNIT_ASSIGNED_CONTEXT((#6663,#6665,#6666))
REPRESENTATION_CONTEXT('','3D')
);
#6662=(
GEOMETRIC_REPRESENTATION_CONTEXT(3)
GLOBAL_UNCERTAINTY_ASSIGNED_CONTEXT((#6660))
GLOBAL_UNIT_ASSIGNED_CONTEXT((#6663,#6665,#6666))
REPRESENTATION_CONTEXT('','3D')
);
#6663=(
LENGTH_UNIT()
NAMED_UNIT(*)
SI_UNIT(.MILLI.,.METRE.)
);
#6664=(
LENGTH_UNIT()
NAMED_UNIT(*)
SI_UNIT($,.METRE.)
);
#6665=(
NAMED_UNIT(*)
PLANE_ANGLE_UNIT()
SI_UNIT($,.RADIAN.)
);
#6666=(
NAMED_UNIT(*)
SI_UNIT($,.STERADIAN.)
SOLID_ANGLE_UNIT()
);
#6667=SHAPE_DEFINITION_REPRESENTATION(#6668,#6669);
#6668=PRODUCT_DEFINITION_SHAPE('',$,#6671);
#6669=SHAPE_REPRESENTATION('',(#3351),#6661);
#6670=PRODUCT_DEFINITION_CONTEXT('part definition',#6675,'design');
#6671=PRODUCT_DEFINITION('2026-06-26-18-02-21-889','top anel',#6672,#6670);
#6672=PRODUCT_DEFINITION_FORMATION('',$,#6677);
#6673=PRODUCT_RELATED_PRODUCT_CATEGORY('top anel','top anel',(#6677));
#6674=APPLICATION_PROTOCOL_DEFINITION('international standard',
'automotive_design',2009,#6675);
#6675=APPLICATION_CONTEXT(
'Core Data for Automotive Mechanical Design Process');
#6676=PRODUCT_CONTEXT('part definition',#6675,'mechanical');
#6677=PRODUCT('2026-06-26-18-02-21-889','top anel',$,(#6676));
#6678=PRESENTATION_STYLE_ASSIGNMENT((#6679));
#6679=SURFACE_STYLE_USAGE(.BOTH.,#6680);
#6680=SURFACE_SIDE_STYLE('',(#6681));
#6681=SURFACE_STYLE_FILL_AREA(#6682);
#6682=FILL_AREA_STYLE('Tough 2000 (with Formlabs SLA 3D Printers)',(#6683));
#6683=FILL_AREA_STYLE_COLOUR(
'Tough 2000 (with Formlabs SLA 3D Printers)',#6684);
#6684=COLOUR_RGB('Tough 2000 (with Formlabs SLA 3D Printers)',0.247058823529412,
0.247058823529412,0.247058823529412);
ENDSEC;
END-ISO-10303-21;
